"Filer Type","Filer Name","Payee","Purpose","Date","City State Zip","Filing Status","Amount"
"CANDIDATE COMMITTEE","JEANETTE WARD FOR WYOMING","META","ADVERTISING - DIGITAL","8/13/2026","MENLO PARK, WY 94025","AMEND - ADD","33"
"CANDIDATE","MARLENE BRADY ","OUT OF THE BOX PERFORMANCE","ADVERTISING - DIGITAL","8/12/2026","COLORADO SPRINGS, WY 80909","AMEND - ADD","192.9"
"CANDIDATE","R. J. KOST ","CARLA WENSKY","ADVERTISING - DIGITAL","8/12/2026","WY ","AMEND - ADD","325"
"CANDIDATE","CARL MANNING ","RIVERTON RANGER","ADVERTISING - NEWSPAPER","8/11/2026","RIVERTON, WY 82501","FILED","531.48"
"CANDIDATE","CODY MCNEIL WYLIE ","CODY WYLIE","ADVERTISING - DIGITAL","8/11/2026","ROCK SPRINGS, WY 82901","FILED","1136.88"
"CANDIDATE","CODY MCNEIL WYLIE ","CODY WYLIE","ENTERTAINMENT","8/11/2026","ROCK SPRINGS, WY 82901","FILED","864.21"
"CANDIDATE COMMITTEE","COMMITTEE TO ELECT BRITNEY TENNANT","LOAF AND JUG","TRAVEL (HOTEL, GAS, ETC.)","8/11/2026","CHEYENNE, WY 82001","FILED","42.4"
"CANDIDATE COMMITTEE","COMMITTEE TO ELECT ROBERT WHARFF","WESTARPRINTING","PRINTING","8/11/2026","EVANSTON, WY 82930","FILED","1436.74"
"CANDIDATE COMMITTEE","COMMITTEE TO ELECT TROY CLAYCOMB","CURTIS RANKIN","LOAN PAYMENT","8/11/2026","UPTON, WY 82730","FILED","500"
"CANDIDATE COMMITTEE","COMMITTEE TO ELECT TROY CLAYCOMB","KEITH MATERI","LOAN PAYMENT","8/11/2026","UPTON, WY 82730","FILED","500"
"CANDIDATE COMMITTEE","FRIENDS OF JULIE JARVIS","FACEBOOK","ADVERTISING - DIGITAL","8/11/2026","MENLO PARK, CA 94025","FILED","125"
"CANDIDATE","JAMES T CORKERY JR","TOWNSQUARE MEDIA","ADVERTISING - RADIO","8/11/2026","CASPER, WY ","FILED","1448"
"CANDIDATE","JOHN F WETZEL ","POWELL TRIBUNE","ADVERTISING - NEWSPAPER","8/11/2026","POWELL, WY 82435","FILED","2022.5"
"CANDIDATE","JUSTIN WILLIAM WINNEY JR","PINEDALE LUMBER","CAMPAIGN YARD SIGNS, BUTTONS, PENS, ETC.","8/11/2026","PINEDALE, WY 82941","FILED","199.46"
"CANDIDATE","JUSTIN WILLIAM WINNEY JR","RIDLEY'S","CAMPAIGN YARD SIGNS, BUTTONS, PENS, ETC.","8/11/2026","PINEDALE, WY 82941","FILED","17.16"
"CANDIDATE","JUSTIN WILLIAM WINNEY JR","RIGHT STRATEGIES","ADMINISTRATIVE COSTS","8/11/2026","ANKENNY, IA 50023","FILED","8.09"
"CANDIDATE","JUSTIN WILLIAM WINNEY JR","RIGHT STRATEGIES","CONSULTING","8/11/2026","ANKENNY, IA 50023","FILED","2500"
"CANDIDATE","JUSTIN WILLIAM WINNEY JR","VARIOUS","TRAVEL (HOTEL, GAS, ETC.)","8/11/2026","PINEDALE, WY 82941","FILED","2107.48"
"CANDIDATE","KEVIN JOHN CAMPBELL ","WILLIAM ROBINSON","ADVERTISING - MISC.","8/11/2026","WY ","FILED","300"
"CANDIDATE","LLOYD CHARLES LARSEN ","KAIROS COMMUNICATIONS, LLC","ADVERTISING - RADIO","8/11/2026","LANDER, WY 82520","AMEND - ADD","150"
"CANDIDATE","LLOYD CHARLES LARSEN ","WESTERN PRINTING","PRINTING","8/11/2026","LANDER, WY 82520","AMEND - ADD","226.8"
"CANDIDATE","MATTHEW HURT ","UNITED STATES POSTAL SERVICE","POSTAGE","8/11/2026","CHEYENNE, WY 82001","FILED","1640"
"CANDIDATE","MEAGAN HERRINGTON ","AT&T","PHONE","8/11/2026","WY ","FILED","55.06"
"CANDIDATE","PETE FOX ","307 PRINT, SHIP AND MORE","ADVERTISING - MISC.","8/11/2026","WY ","FILED","1932.63"
"CANDIDATE","QWENTON EAGLE OVIATT ","SHIRTS AND MORE","CAMPAIGN YARD SIGNS, BUTTONS, PENS, ETC.","8/11/2026","LANDER, WY ","FILED","19.95"
"CANDIDATE","R. J. KOST ","ALEX HARDY","ADVERTISING - DIGITAL","8/11/2026","WY ","AMEND - ADD","325"
"CANDIDATE","R. J. KOST ","BASIN REPUBLICAN RUSTLER","ADVERTISING - NEWSPAPER","8/11/2026","BASIN, WY 82410","AMEND - ADD","110"
"CANDIDATE COMMITTEE","SCHRIFTMAN FOR STATE HOUSE","POSTMASTER","POSTAGE","8/11/2026","WY ","FILED","992.68"
"CANDIDATE COMMITTEE","SHORT FOR STATE","HAMPTON INN","TRAVEL (HOTEL, GAS, ETC.)","8/11/2026","WY ","FILED","207.48"
"CANDIDATE COMMITTEE","SHORT FOR STATE","LOAF N JUG","TRAVEL (HOTEL, GAS, ETC.)","8/11/2026","WY ","FILED","50.17"
"CANDIDATE COMMITTEE","SHORT FOR STATE","LOAF N JUG","TRAVEL (HOTEL, GAS, ETC.)","8/11/2026","WY ","FILED","32.18"
"CANDIDATE COMMITTEE","SHORT FOR STATE","MAJORITY STRATEGIES","ADVERTISING - MISC.","8/11/2026","WY ","FILED","17900.58"
"CANDIDATE COMMITTEE","SHORT FOR STATE","UW BRANDING IRON","ADVERTISING - NEWSPAPER","8/11/2026","WY ","FILED","115.5"
"CANDIDATE COMMITTEE","THE PEOPLE FOR PROVENZA","KIM LOCKHART","ADVERTISING - DIGITAL","8/11/2026","LARAMIE, WY ","FILED","500"
"CANDIDATE COMMITTEE","WILLIAMS 4 WYOMING","RMC","ADVERTISING - DIGITAL","8/11/2026","LAS VEGAS, NV 89117","FILED","3099.6"
"CANDIDATE COMMITTEE","ANGELOS FOR WYOMING","ANGRY BISON","PRINTING","8/10/2026","GILLETTE, WY 82716","FILED","650"
"CANDIDATE COMMITTEE","BIGELOW FOR HD51","WYOMING STOCK GROWERS ASSOCIATION","ADVERTISING - DIGITAL","8/10/2026","CHEYENNE, WY 82001","FILED","263"
"CANDIDATE COMMITTEE","BUTCHER FOR WYOMING","CAPCUT","ADMINISTRATIVE COSTS","8/10/2026","WY ","FILED","12.71"
"CANDIDATE COMMITTEE","BUTCHER FOR WYOMING","COMMON CENTS","TRAVEL (HOTEL, GAS, ETC.)","8/10/2026","WY ","FILED","68.32"
"CANDIDATE COMMITTEE","BUTCHER FOR WYOMING","INTUIT","ADMINISTRATIVE COSTS","8/10/2026","","FILED","82.5"
"CANDIDATE COMMITTEE","BUTCHER FOR WYOMING","UNITED STATES POSTAL SERVICE","SHIPPING","8/10/2026","WY ","FILED","52"
"CANDIDATE","CARL MANNING ","UNITED STATES POST OFFICE","POSTAGE","8/10/2026","RIVERTON, WY 82501","FILED","82"
"CANDIDATE COMMITTEE","CHAD AUER FOR WYOMING","ROADWAY INN","TRAVEL (HOTEL, GAS, ETC.)","8/10/2026","LANDER, WY 82520","FILED","456.93"
"CANDIDATE COMMITTEE","CHAD AUER FOR WYOMING","WINRED","BANKING ","8/10/2026","WY ","FILED","287.48"
"CANDIDATE","CODY MCNEIL WYLIE ","RADIANT MANUFACTURING","CAMPAIGN YARD SIGNS, BUTTONS, PENS, ETC.","8/10/2026","ROCK SPRINGS, WY 82901","FILED","546.23"
"CANDIDATE COMMITTEE","COMMITTEE TO ELECT BRITNEY TENNANT","BEACH PLEASE","FOOD AND BEVERAGES","8/10/2026","CHEYENNE, WY 82001","FILED","7.8"
"CANDIDATE COMMITTEE","COMMITTEE TO ELECT BRITNEY TENNANT","LOAF AND JUG","TRAVEL (HOTEL, GAS, ETC.)","8/10/2026","CHEYENNE, WY 82001","FILED","42.2"
"CANDIDATE COMMITTEE","COMMITTEE TO ELECT CURT MEIER","NEWS LETTER JOURNAL","ADVERTISING - MISC.","8/10/2026","NEWCASTLE, WY 82701","FILED","26956.05"
"CANDIDATE COMMITTEE","COMMITTEE TO ELECT CURT MEIER","THE SHERIDAN PRESS","ADVERTISING - NEWSPAPER","8/10/2026","SHERIDAN, WY 82801","FILED","450"
"CANDIDATE COMMITTEE","COMMITTEE TO ELECT DWAYNE DILLINGER","OPEN RANGE STRATEGOES","ADVERTISING - DIGITAL","8/10/2026","WY ","AMEND - ADD","5900"
"CANDIDATE COMMITTEE","COMMITTEE TO ELECT GARY BROWN ","USPS","RENT","8/10/2026","WY ","FILED","97"
"CANDIDATE COMMITTEE","COMMITTEE TO ELECT ZETA","GRACE BELIZE MOORE","GRAPHICS/WEBSITE FEES","8/10/2026","WY ","FILED","1450"
"CANDIDATE COMMITTEE","COMMITTEE TO ELECT ZETA","HOLLY JENNINGS","GRAPHICS/WEBSITE FEES","8/10/2026","WY ","FILED","300"
"CANDIDATE COMMITTEE","COMMITTEE TO ELECT ZETA","SUNDANCE TIMES","ADVERTISING - NEWSPAPER","8/10/2026","WY ","FILED","1272"
"CANDIDATE COMMITTEE","CONNOLLY FOR STATE HOUSE","RIGHT INSIGHT","ADVERTISING - DIGITAL","8/10/2026","BOISE, ID 84102","FILED","101.35"
"CANDIDATE COMMITTEE","CONNOLLY FOR STATE HOUSE","SHERIDAN MEDIA","ADVERTISING - RADIO","8/10/2026","SHERIDAN, WY 82801","FILED","166.5"
"CANDIDATE COMMITTEE","CONNOLLY FOR STATE HOUSE","WINRED","ADVERTISING - DIGITAL","8/10/2026","CHEYENNE, WY 82001","FILED","2.05"
"CANDIDATE","DARIN M MCCANN ","MICROSOFT","ADMINISTRATIVE COSTS","8/10/2026","ROCK SPRINGS, WY 82901","FILED","10.59"
"CANDIDATE COMMITTEE","EAMON O'TOOLE FOR WYOMING","MEGAN O'TOOLE","CAMPAIGN YARD SIGNS, BUTTONS, PENS, ETC.","8/10/2026","DIXON, WY 82323","FILED","99"
"CANDIDATE COMMITTEE","EAMON O'TOOLE FOR WYOMING","MEGAN O'TOOLE","CAMPAIGN YARD SIGNS, BUTTONS, PENS, ETC.","8/10/2026","DIXON, WY 82323","FILED","277.56"
"CANDIDATE COMMITTEE","FRIENDS OF CJ YOUNG","COUNTRY 10","ADVERTISING - DIGITAL","8/10/2026","RIVERTON, WY 82501","FILED","475"
"CANDIDATE COMMITTEE","FRIENDS OF CJ YOUNG","META","ADVERTISING - DIGITAL","8/10/2026","BURBANK, CA 92055","FILED","50"
"CANDIDATE COMMITTEE","FRIENDS OF CJ YOUNG","SWEETWATERNOW","ADVERTISING - DIGITAL","8/10/2026","GREEN RIVER, WY ","FILED","400"
"CANDIDATE COMMITTEE","FRIENDS OF CJ YOUNG","TOPSIDE STRATEGIES","ADVERTISING - DIGITAL","8/10/2026","JACKSONVILLE, FL ","FILED","3961.46"
"CANDIDATE COMMITTEE","FRIENDS OF JULIE JARVIS","ADOBE","ADMINISTRATIVE COSTS","8/10/2026","SAN JOSE, CA 95110","FILED","43.98"
"CANDIDATE COMMITTEE","FRIENDS OF JULIE JARVIS","DANICA BOYCE","ADVERTISING - MISC.","8/10/2026","CASPER, WY 82601","FILED","492.5"
"CANDIDATE COMMITTEE","FRIENDS OF JULIE JARVIS","FACEBOOK","ADVERTISING - DIGITAL","8/10/2026","MENLO PARK, CA 94025","FILED","280"
"CANDIDATE COMMITTEE","FRIENDS OF JULIE JARVIS","IHEART MEDIA","ADVERTISING - RADIO","8/10/2026","SAN ANTONIO, TX 78258","FILED","1540.08"
"CANDIDATE COMMITTEE","FRIENDS OF JULIE JARVIS","OWEN LACOUNT","ADVERTISING - MISC.","8/10/2026","CASPER, WY 82601","FILED","388.75"
"CANDIDATE COMMITTEE","HARSHMAN FOR WYOMING","BASIN REPUBLICAN RUSTLER","ADVERTISING - NEWSPAPER","8/10/2026","BASIN, WY 82410","FILED","1500"
"CANDIDATE COMMITTEE","HARSHMAN FOR WYOMING","GILLETTE NEWS RECORD","ADVERTISING - DIGITAL","8/10/2026","GILLETTE, WY 82717","FILED","1231.08"
"CANDIDATE COMMITTEE","HARSHMAN FOR WYOMING","GREEN RIVER STAR","ADVERTISING - DIGITAL","8/10/2026","GREEN RIVER, WY 82935","FILED","700"
"CANDIDATE COMMITTEE","HARSHMAN FOR WYOMING","MAJORITY STRATEGIES","ADVERTISING - DIGITAL","8/10/2026","JACKSONVILLE, FL 32258","FILED","21000"
"CANDIDATE COMMITTEE","HARSHMAN FOR WYOMING","MAJORITY STRATEGIES","ADVERTISING - MISC.","8/10/2026","JACKSONVILLE, FL 32258","FILED","52000"
"CANDIDATE COMMITTEE","HARSHMAN FOR WYOMING","RYE STRATEGIES","ADVERTISING - DIGITAL","8/10/2026","HUNTERSVILLE, NC 28078","FILED","16670"
"CANDIDATE COMMITTEE","HARSHMAN FOR WYOMING","WYOMING LIVESTOCK ROUNDUP","ADVERTISING - NEWSPAPER","8/10/2026","CASPER, WY 82602","FILED","1000"
"CANDIDATE","JUSTIN WILLIAM WINNEY JR","RIGHT STRATEGIES","CAMPAIGN YARD SIGNS, BUTTONS, PENS, ETC.","8/10/2026","ANKENNY, IA 50023","FILED","2282"
"CANDIDATE","KEVIN JOHN CAMPBELL ","BRANDI SORENSEN","CAMPAIGN YARD SIGNS, BUTTONS, PENS, ETC.","8/10/2026","GLENROCK, WY ","FILED","81.19"
"CANDIDATE","KEVIN JOHN CAMPBELL ","BRANDI SORENSEN","CONSULTING","8/10/2026","GLENROCK, WY 82637","FILED","500"
"CANDIDATE","LEVI ASAY ","CODY JOURNAL","ADVERTISING - DIGITAL","8/10/2026","CODY, WY ","FILED","300"
"CANDIDATE","LEVI ASAY ","POWELL TRIBUNE","ADVERTISING - NEWSPAPER","8/10/2026","POWELL, WY ","FILED","1261.75"
"CANDIDATE","LLOYD CHARLES LARSEN ","WESTERN PRINTING","POSTAGE","8/10/2026","LANDER, WY 82520","FILED","939.95"
"CANDIDATE","LLOYD CHARLES LARSEN ","WESTERN PRINTING","PRINTING","8/10/2026","LANDER, WY 82520","FILED","836.17"
"CANDIDATE","MARCIA JOANN NEUMILLER ","RIGHT STRATEGIES","ADVERTISING - DIGITAL","8/10/2026","AKENEY, IA ","FILED","250"
"CANDIDATE COMMITTEE","MEGAN FOR GOVERNOR","BATTLEFIELD LLC","CONSULTING","8/10/2026","MOUNT VERNON, NY 10550","FILED","12.5"
"CANDIDATE COMMITTEE","MEGAN FOR GOVERNOR","CHAIN BRIDGE BANK, N.A.","BANKING ","8/10/2026","MCLEAN, VA 22101","FILED","25"
"CANDIDATE COMMITTEE","MEGAN FOR GOVERNOR","GOOGLE WORKSPACE","ADVERTISING - DIGITAL","8/10/2026","MOUNTAIN VIEW, CA 94043","FILED","1500"
"CANDIDATE COMMITTEE","MEGAN FOR GOVERNOR","META PLATFORMS (FACEBOOK)","ADVERTISING - DIGITAL","8/10/2026","MENLO PARK, CA 94025","FILED","750"
"CANDIDATE COMMITTEE","MEGAN FOR GOVERNOR","ORBITZ HOTELS","TRAVEL (HOTEL, GAS, ETC.)","8/10/2026","CHICAGO, IL 60611","FILED","9.68"
"CANDIDATE COMMITTEE","MEGAN FOR GOVERNOR","REACH FOUNDATION CLUB HOUSE","FACILITY FEE","8/10/2026","RIVERTON, WY 82501","FILED","150"
"CANDIDATE COMMITTEE","MEGAN FOR GOVERNOR","SRCP MEDIA","ADVERTISING - MISC.","8/10/2026","ALEXANDRIA, VA 22314","FILED","99258"
"CANDIDATE COMMITTEE","MEGAN FOR GOVERNOR","THE RIVERTON RANGER","ADVERTISING - MISC.","8/10/2026","RIVERTON, WY 82501","FILED","231.75"
"CANDIDATE COMMITTEE","MEGAN FOR GOVERNOR","VIBE","ADVERTISING - DIGITAL","8/10/2026","CHICAGO, IL 60613","FILED","352.63"
"CANDIDATE COMMITTEE","MEGAN FOR GOVERNOR","WINRED TECHNICAL SERVICES","BANKING ","8/10/2026","CHEYENNE, WY 82001","FILED","17.53"
"CANDIDATE COMMITTEE","MYCA FOR SHERIDAN","WHIRLY GIRL FLOWERS","CAMPAIGN YARD SIGNS, BUTTONS, PENS, ETC.","8/10/2026","WY ","FILED","636"
"CANDIDATE","PAMELA THAYER ","ORIENTAL TRADING","ADVERTISING - MISC.","8/10/2026","OMAHA, NE 68103","FILED","28.17"
"CANDIDATE","PETER BOYER ","AMBI MAIL & MARKETING","PRINTING","8/10/2026","CASPER, WY 82601","FILED","205.11"
"CANDIDATE","QWENTON EAGLE OVIATT ","FACEBOOK META","ADVERTISING - DIGITAL","8/10/2026","WY ","FILED","113"
"CANDIDATE","R. J. KOST ","BASIN REPUBLICAN RUSTLER","ADVERTISING - NEWSPAPER","8/10/2026","BASIN, WY 82410","FILED","1271"
"CANDIDATE","R. J. KOST ","LOVELL CHRONICLE","ADVERTISING - NEWSPAPER","8/10/2026","LOVELL, WY 82431","FILED","277.63"
"CANDIDATE COMMITTEE","RAH FOR HD17","WAL-MART","PHONE","8/10/2026","ROCK SPRINGS, WY 82901","FILED","37.7"
"CANDIDATE","ROBERT L HENDRY ","AMBI","PRINTING","8/10/2026","CASPER, WY 82601","AMEND - ADD","2116.64"
"CANDIDATE","ROBERT L HENDRY ","AMBI","PRINTING","8/10/2026","CASPER, WY 82601","AMEND - ADD","241.69"
"CANDIDATE","SCOTT HEINER ","WESTAR PRINTING","POSTAGE","8/10/2026","EVANSTON, WY 82930","FILED","1860.16"
"CANDIDATE COMMITTEE","SERVER FOR WY","MENARDS","OFFICE SUPPLIES","8/10/2026","WY ","FILED","25.36"
"CANDIDATE COMMITTEE","SHORT FOR STATE","IN CAMERA MEDIA","ADVERTISING - TV","8/10/2026","WY ","FILED","5506.5"
"CANDIDATE COMMITTEE","SHORT FOR STATE","JAMISON WHALEY","ADVERTISING - DIGITAL","8/10/2026","WY ","FILED","17515"
"CANDIDATE","TAFT CARROLL LOVE ","PLATTE COUNTY RADIO","ADVERTISING - RADIO","8/10/2026","WHEATLAND, WY ","FILED","768"
"CANDIDATE","TONY LOCKE ","EL TORO","ADVERTISING - DIGITAL","8/10/2026","","FILED","2700"
"CANDIDATE","TONY LOCKE ","OUT OF THE BOX PERFORMANCE","ADVERTISING - MISC.","8/10/2026","","FILED","2433.04"
"CANDIDATE","TREY LYNN SHERWOOD ","LORINDA LINDLEY","CONSULTING","8/10/2026","LARAMIE, WY 82070","FILED","300"
"CANDIDATE","WENDY DAVIS SCHULER ","POSTCARD MANIA","POSTAGE","8/10/2026","CLEARWATER, FL ","FILED","1825.26"
"CANDIDATE","WENDY DAVIS SCHULER ","PURPLE SAGE GOLF COURSE","FOOD AND BEVERAGES","8/10/2026","EVANSTON, WY 82930","FILED","305"
"CANDIDATE COMMITTEE","WRIGHT4WYOMING","EXPRESS DIGITAL","ADVERTISING - MISC.","8/10/2026","","FILED","1024.32"
"CANDIDATE COMMITTEE","BARLOW FOR WYOMING","FACEBOOK","ADVERTISING - DIGITAL","8/9/2026","MENLO PARK, CA 94025","FILED","1074.33"
"CANDIDATE COMMITTEE","BUTCHER FOR WYOMING","GODADDY","GRAPHICS/WEBSITE FEES","8/9/2026","","FILED","95.76"
"CANDIDATE COMMITTEE","COMMITTEE TO ELECT ANNE ZIEGENHORN","SQUARE","BANKING ","8/9/2026","OAKLAND, CA 94612","FILED","274.86"
"CANDIDATE COMMITTEE","COMMITTEE TO ELECT LAURIE BRATTEN","ANEDOT","BANKING ","8/9/2026","NEW ORLEANS, LA 70112","FILED","2.3"
"CANDIDATE COMMITTEE","FRIENDS OF CJ YOUNG","BUC-EE'S ","TRAVEL (HOTEL, GAS, ETC.)","8/9/2026","JOHNSTON, CO ","FILED","41.11"
"CANDIDATE COMMITTEE","HARSHMAN FOR WYOMING","TRACTOR SUPPLY","CAMPAIGN YARD SIGNS, BUTTONS, PENS, ETC.","8/9/2026","CASPER, WY 82604","FILED","68.14"
"CANDIDATE COMMITTEE","KOLTISKA FOR SHERIDAN","ANEDOT","ADMINISTRATIVE COSTS","8/9/2026","DALLAS, TX 75206","FILED","160.65"
"CANDIDATE COMMITTEE","KOLTISKA FOR SHERIDAN","FACEBOOK","ADVERTISING - DIGITAL","8/9/2026","MENLO PARK, CA 94025","FILED","24"
"CANDIDATE","MATTHEW HURT ","AMAZON","OFFICE SUPPLIES","8/9/2026","CHEYENNE, WY 82001","FILED","109.46"
"CANDIDATE","MATTHEW HURT ","AMAZON","OFFICE SUPPLIES","8/9/2026","CHEYENNE, WY 82001","FILED","50.4"
"CANDIDATE COMMITTEE","MCINTOSH FOR WYOMING","MOUNTAIN MOVEMENT STRATEGIES","ADVERTISING - DIGITAL","8/9/2026","JACKSON, WY 83001","FILED","969"
"CANDIDATE COMMITTEE","MCINTOSH FOR WYOMING","MOUNTAIN MOVEMENT STRATEGIES","CONSULTING","8/9/2026","JACKSON, WY 83001","FILED","5000"
"CANDIDATE COMMITTEE","MCINTOSH FOR WYOMING","MOUNTAIN MOVEMENT STRATEGIES","GRAPHICS/WEBSITE FEES","8/9/2026","JACKSON, WY 83001","FILED","630"
"CANDIDATE COMMITTEE","MYCA FOR SHERIDAN","ECANVASER","GRAPHICS/WEBSITE FEES","8/9/2026","WY ","FILED","199"
"CANDIDATE COMMITTEE","MYCA FOR SHERIDAN","NATION BUILDER","BANKING ","8/9/2026","WY ","FILED","58.8"
"CANDIDATE","PAUL V HOEFT ","LOVELL CHRONICLE","ADVERTISING - NEWSPAPER","8/9/2026","LOVELL, WY 82431","FILED","864"
"CANDIDATE","RYAN MICHAEL SHOLLENBERGER ","COLOUR GRAPHICS","PRINTING","8/9/2026","CHEYENNE, WY 82001","FILED","565.43"
"CANDIDATE COMMITTEE","SERVER FOR WY","OFFICE DEPOT","OFFICE SUPPLIES","8/9/2026","WY ","FILED","17.91"
"CANDIDATE COMMITTEE","SHORT FOR STATE","BLACK BEAR CAFE","FOOD AND BEVERAGES","8/9/2026","WY ","FILED","18"
"CANDIDATE COMMITTEE","SHORT FOR STATE","CENEX","TRAVEL (HOTEL, GAS, ETC.)","8/9/2026","WY ","FILED","46.27"
"CANDIDATE COMMITTEE","SHORT FOR STATE","EXXON MOBILE","TRAVEL (HOTEL, GAS, ETC.)","8/9/2026","WY ","FILED","50.47"
"CANDIDATE COMMITTEE","SHORT FOR STATE","HOMEWOOD SUITES","TRAVEL (HOTEL, GAS, ETC.)","8/9/2026","WY ","FILED","173.86"
"CANDIDATE COMMITTEE","SHORT FOR STATE","JACK'S CREPES","FOOD AND BEVERAGES","8/9/2026","WY ","FILED","28.22"
"CANDIDATE COMMITTEE","SHORT FOR STATE","STORYTELLER","FOOD AND BEVERAGES","8/9/2026","WY ","FILED","5.25"
"CANDIDATE COMMITTEE","STORER FOR STATE HOUSE","ELIZABETH STORER","LOAN PAYMENT","8/9/2026","JACKSON, WY 83001","FILED","2100"
"CANDIDATE","TINA JOHNSON ","OUT OF THE BOX PERFORMANCE","ADVERTISING - MISC.","8/9/2026","WY ","FILED","3074"
"CANDIDATE","TREY LYNN SHERWOOD ","CANVA","GRAPHICS/WEBSITE FEES","8/9/2026","AUSTIN, TX 78702","FILED","18"
"CANDIDATE COMMITTEE","WILLIAMS 4 WYOMING","307 CONSERVATIVE COALITION","FACILITY FEE","8/9/2026","CHEYENNE, WY 82001","FILED","20"
"CANDIDATE COMMITTEE","WILLOX FOR WYOMING","KKTY RADIO","ADVERTISING - RADIO","8/9/2026","DOUGLAS, WY 82633","FILED","272"
"CANDIDATE","ALBERT SOMMERS ","307 MEDIA, LLC","ADVERTISING - NEWSPAPER","8/8/2026","PINEDALE, WY ","FILED","1323"
"CANDIDATE COMMITTEE","ALLEN HOGG FOR WYOMING","RIGHT INSIGHT","ADVERTISING - DIGITAL","8/8/2026","ID ","FILED","86.75"
"CANDIDATE COMMITTEE","BEN HORNOK FOR WY","ARBY'S","FOOD AND BEVERAGES","8/8/2026","CHEYENNE, WY 82009","FILED","54.82"
"CANDIDATE COMMITTEE","COMMITTEE TO ELECT DWAYNE DILLINGER","KAP PRINT","CAMPAIGN YARD SIGNS, BUTTONS, PENS, ETC.","8/8/2026","WY ","FILED","3400.57"
"CANDIDATE COMMITTEE","COMMITTEE TO ELECT DWAYNE DILLINGER","OPEN RANGE STRATEGIES","GRAPHICS/WEBSITE FEES","8/8/2026","WY ","FILED","1500"
"CANDIDATE COMMITTEE","COMMITTEE TO ELECT DWAYNE DILLINGER","PRIME RIB","FOOD AND BEVERAGES","8/8/2026","WY ","FILED","81.18"
"CANDIDATE COMMITTEE","COMMITTEE TO ELECT DWAYNE DILLINGER","TARGET SIGN COMPANY","ADVERTISING - DIGITAL","8/8/2026","WY ","FILED","1300"
"CANDIDATE COMMITTEE","COMMITTEE TO ELECT DWAYNE DILLINGER","WEB PROS","ADVERTISING - DIGITAL","8/8/2026","WY ","FILED","600"
"CANDIDATE COMMITTEE","COMMITTEE TO ELECT GARY BROWN ","OUT OF THE BOX PERFORMANCE","ADVERTISING - DIGITAL","8/8/2026","WY ","FILED","194.57"
"CANDIDATE COMMITTEE","COMMITTEE TO ELECT JESSICA CROWDER","RIGHT INSIGHT","ADVERTISING - MISC.","8/8/2026","BOISE, ID 83701","FILED","62.1"
"CANDIDATE COMMITTEE","COSTELLO FOR CASPER","RIGHT INSIGHT","ADVERTISING - DIGITAL","8/8/2026","WY ","FILED","109.25"
"CANDIDATE","QWENTON EAGLE OVIATT ","ONE STOP","TRAVEL (HOTEL, GAS, ETC.)","8/8/2026","LANDER, WY ","FILED","51.42"
"CANDIDATE COMMITTEE","REINER FOR WYOMING","RIGHT INSIGHT","ADVERTISING - DIGITAL","8/8/2026","ID ","FILED","186.89"
"CANDIDATE","ROY BIRT ","OUT OF THE BOX PERFORMANCE","CONSULTING","8/8/2026","WY ","FILED","4250"
"CANDIDATE","ROY BIRT ","TARGET","OFFICE SUPPLIES","8/8/2026","CHEYENNE, WY 82009","FILED","11.32"
"CANDIDATE COMMITTEE","SCHRIFTMAN FOR STATE HOUSE","HOLLY JENNINGS","OTHER: PHOTOGRAPHY & MATERIAL WORK","8/8/2026"," , WY ","FILED","550"
"CANDIDATE","SCOTT HEINER ","LINCOLN COUNTY FAIR","ADVERTISING - MISC.","8/8/2026","AFTON, WY 83110","FILED","460"
"CANDIDATE COMMITTEE","SHORT FOR STATE","CONOCO","TRAVEL (HOTEL, GAS, ETC.)","8/8/2026","WY ","FILED","32.52"
"CANDIDATE COMMITTEE","SHORT FOR STATE","HAMPTON INN","TRAVEL (HOTEL, GAS, ETC.)","8/8/2026","WY ","FILED","85.8"
"CANDIDATE COMMITTEE","ALLEN HOGG FOR WYOMING","ELECTION HIVE","CONSULTING","8/7/2026","UT ","FILED","1500"
"CANDIDATE COMMITTEE","BARLOW FOR WYOMING","AX MEDIA","ADVERTISING - DIGITAL","8/7/2026","KANSAS CITY, MO 64112","FILED","43500"
"CANDIDATE COMMITTEE","BARLOW FOR WYOMING","AX MEDIA","ADVERTISING - RADIO","8/7/2026","KANSAS CITY, MO 64112","FILED","14817"
"CANDIDATE COMMITTEE","BARLOW FOR WYOMING","AX MEDIA","ADVERTISING - TV","8/7/2026","KANSAS CITY, MO 64112","FILED","102100"
"CANDIDATE COMMITTEE","BARLOW FOR WYOMING","AXIOM STRATEGIES","TRAVEL (HOTEL, GAS, ETC.)","8/7/2026","KANSAS CITY, MO 64112","FILED","494.32"
"CANDIDATE COMMITTEE","BARLOW FOR WYOMING","CAZ CONSULTING","ADVERTISING - MISC.","8/7/2026","FORT WORTH, TX 76109","FILED","5800.1"
"CANDIDATE COMMITTEE","BARLOW FOR WYOMING","NEWS LETTER JOURNAL","ADVERTISING - NEWSPAPER","8/7/2026","NEWCASTLE, WY 82701","FILED","702"
"CANDIDATE COMMITTEE","BARLOW FOR WYOMING","THE POLITICAL FIRM","ADVERTISING - TV","8/7/2026","BATON ROUGE, LA 70808","FILED","3000"
"CANDIDATE COMMITTEE","BIGELOW FOR HD51","MAILCHIMP","IT SERVICES","8/7/2026","ATLANTA, GA 30308","AMEND - ADD","20"
"CANDIDATE COMMITTEE","BRENNAN FOR SENATE","OLSON STRATEGIES AND ADVERTISING","ADVERTISING - DIGITAL","8/7/2026","ALEXANDRIA, VA ","PUBLISHED","1500"
"CANDIDATE COMMITTEE","BRENNAN FOR SENATE","OLSON STRATEGIES AND ADVERTISING","OTHER: DIRECT MAIL","8/7/2026","ALEXANDRIA, VA ","PUBLISHED","9400"
"CANDIDATE COMMITTEE","COALITION TO ELECT JOHN BEAR","NANCY MILLS","CONSULTING","8/7/2026","GILLETTE, WY 82718","FILED","1500"
"CANDIDATE COMMITTEE","COMMITTEE TO ELECT BOYD O. WIGGAM ","PBR PRINTING","CAMPAIGN YARD SIGNS, BUTTONS, PENS, ETC.","8/7/2026","CHEYENNE, WY 82009","FILED","84"
"CANDIDATE COMMITTEE","COMMITTEE TO ELECT BRITNEY TENNANT","ACTBLUE/STRIPE ","OTHER: TRANSACTION FEES FOR ONLINE DONATIONS (CUMULATIVE) ","8/7/2026","BOSTON, MA 02196","FILED","602.68"
"CANDIDATE COMMITTEE","COMMITTEE TO ELECT JESSICA CROWDER","ELECTION HIVE","CONSULTING","8/7/2026","SALT LAKE CITY, WY 84102","FILED","1500"
"CANDIDATE COMMITTEE","COMMITTEE TO ELECT JIM VANDYKE","JIM VANDYKE","LOAN PAYMENT","8/7/2026","CHEYENNE, WY 82009","FILED","34.76"
"CANDIDATE COMMITTEE","COMMITTEE TO ELECT JIM VANDYKE","JIM VANDYKE","LOAN PAYMENT","8/7/2026","CHEYENNE, WY 82009","FILED","404.73"
"CANDIDATE COMMITTEE","COMMITTEE TO ELECT KEN PENDERGRAFT","SHERIDAN COMMERCIAL","OFFICE SUPPLIES","8/7/2026","WY ","FILED","19.89"
"CANDIDATE COMMITTEE","COMMITTEE TO ELECT TOM KELLY","SHERIDAN MEDIA","ADVERTISING - RADIO","8/7/2026","WY ","FILED","1200.46"
"CANDIDATE COMMITTEE","COMMITTEE TO ELECT TOM KELLY","TOWNSQUARE MEDIA","ADVERTISING - RADIO","8/7/2026","WY ","FILED","13637.2"
"CANDIDATE COMMITTEE","CONNOLLY FOR STATE HOUSE","INVENCIO","ADVERTISING - MISC.","8/7/2026","ARECIBO, PR 00614","FILED","2000"
"CANDIDATE COMMITTEE","CONNOLLY FOR STATE HOUSE","RIGHT INSIGHT","ADVERTISING - DIGITAL","8/7/2026","BOISE, ID 84102","FILED","117.31"
"CANDIDATE COMMITTEE","COSTELLO FOR CASPER","INVENCIO ARECIBO PR","ADVERTISING - DIGITAL","8/7/2026","WY ","FILED","2000"
"CANDIDATE COMMITTEE","EDWARDS FOR WYOMING","OLSEN STRATEGIES & ADVERTISING, INC.","CONSULTING","8/7/2026","ALEXANDRIA, VA 22314","FILED","3231.6"
"CANDIDATE COMMITTEE","EDWARDS FOR WYOMING","UNITED STATES POSTAL SERVICE","POSTAGE","8/7/2026","CHEYENNE, WY 82001","FILED","82"
"CANDIDATE COMMITTEE","ERICKSON FOR HD 37","AMBI","CAMPAIGN YARD SIGNS, BUTTONS, PENS, ETC.","8/7/2026","CASPER, WY 82601","FILED","734.75"
"CANDIDATE COMMITTEE","FRIENDS OF CJ YOUNG","SCHLOTZSKY DELI","FOOD AND BEVERAGES","8/7/2026","CASPER, WY 82615","FILED","35.12"
"CANDIDATE COMMITTEE","HARSHMAN FOR WYOMING","BRIDGER VALLEY PIONEER","ADVERTISING - DIGITAL","8/7/2026","LYMAN, WY 82937","FILED","500"
"CANDIDATE COMMITTEE","HARSHMAN FOR WYOMING","COWBOY STATE DAILY","ADVERTISING - DIGITAL","8/7/2026","JACKSON, WY 83002","FILED","3000"
"CANDIDATE COMMITTEE","HARSHMAN FOR WYOMING","LOVELL CHRONICLE","ADVERTISING - NEWSPAPER","8/7/2026","LOVELL, WY 82431","FILED","552"
"CANDIDATE COMMITTEE","HARSHMAN FOR WYOMING","MAVERIK","TRAVEL (HOTEL, GAS, ETC.)","8/7/2026","CHEYENNE, WY 82009","FILED","46.7"
"CANDIDATE COMMITTEE","HARSHMAN FOR WYOMING","RYE STRATEGIES","ADVERTISING - DIGITAL","8/7/2026","HUNTERSVILLE, NC 28078","FILED","5000"
"CANDIDATE COMMITTEE","HARSHMAN FOR WYOMING","UINTA COUNTY HERALD","ADVERTISING - DIGITAL","8/7/2026","EVANSTON, WY 82930","FILED","500"
"CANDIDATE COMMITTEE","IDE FOR SENATE","EXPRESS PRINTING","PRINTING","8/7/2026","CASPER, WY 82601","FILED","340.2"
"CANDIDATE COMMITTEE","IDE FOR SENATE","SAM EATON","GRAPHICS/WEBSITE FEES","8/7/2026","CASPER, WY 82601","FILED","75"
"CANDIDATE","JAYME LIEN ","FACEBOOK","ADVERTISING - DIGITAL","8/7/2026","WY ","FILED","800"
"CANDIDATE","JOE WEBB ","SINCLAIR","TRAVEL (HOTEL, GAS, ETC.)","8/7/2026","EVANSTON, WY 82930","FILED","42.96"
"CANDIDATE","JOE WEBB ","THE PRINTED WORD","PRINTING","8/7/2026","LYMAN, WY 82937","FILED","888.24"
"CANDIDATE","JOE WEBB ","USPS","POSTAGE","8/7/2026","LYMAN, WY 82937","FILED","180.4"
"CANDIDATE COMMITTEE","KENNETH D. ROBERTS","ELECTION HIVE","ADVERTISING - MISC.","8/7/2026","WY ","FILED","2000"
"CANDIDATE COMMITTEE","KEVIN HELLING FOR WYOMING","AMBI MAIL AND MARKETING","PRINTING","8/7/2026","CASPER, WY 82602","FILED","3461.17"
"CANDIDATE COMMITTEE","KEVIN HELLING FOR WYOMING","AMBI MAIL AND MARKETING","PRINTING","8/7/2026","CASPER, WY 82602","FILED","497.52"
"CANDIDATE","KEVIN JOHN CAMPBELL ","DOUGLAS BROADCASTING","ADVERTISING - RADIO","8/7/2026","DOUGLAS, WY ","FILED","697"
"CANDIDATE","KEVIN JOHN CAMPBELL ","MURDOCHS","CAMPAIGN YARD SIGNS, BUTTONS, PENS, ETC.","8/7/2026","EVANSVILLE, WY ","FILED","49.04"
"CANDIDATE","KEVIN JOHN CAMPBELL ","OUT OF THE BOX PERFORMANCE","ADVERTISING - MISC.","8/7/2026","COLORADO SPRINGS, CO ","FILED","2218.81"
"CANDIDATE","KEVIN JOHN CAMPBELL ","RIDLEYS","FOOD AND BEVERAGES","8/7/2026","CASPER, WY ","FILED","23.98"
"CANDIDATE COMMITTEE","MARK JENNINGS FOR HOUSE DISTRICT 30","COWBOY STATE POLITICS","ADVERTISING - RADIO","8/7/2026","SHERIDAN, WY 82801","FILED","150"
"CANDIDATE COMMITTEE","MEGAN FOR GOVERNOR","BATTLEFIELD LLC","CONSULTING","8/7/2026","MOUNT VERNON, NY 10550","FILED","3.12"
"CANDIDATE COMMITTEE","MEGAN FOR GOVERNOR","CHAIN BRIDGE BANK, N.A.","BANKING ","8/7/2026","MCLEAN, VA 22101","FILED","25"
"CANDIDATE COMMITTEE","MEGAN FOR GOVERNOR","META PLATFORMS (FACEBOOK)","ADVERTISING - DIGITAL","8/7/2026","MENLO PARK, CA 94025","FILED","300"
"CANDIDATE COMMITTEE","MEGAN FOR GOVERNOR","SRCP MEDIA","ADVERTISING - MISC.","8/7/2026","ALEXANDRIA, VA 22314","FILED","12417"
"CANDIDATE COMMITTEE","MEGAN FOR GOVERNOR","WINRED TECHNICAL SERVICES","BANKING ","8/7/2026","CHEYENNE, WY 82001","FILED","0.99"
"CANDIDATE COMMITTEE","MYCA FOR SHERIDAN","FACEBOOK","ADVERTISING - DIGITAL","8/7/2026","WY ","FILED","16.92"
"CANDIDATE","NEIL JESKE ","SAM'S CLUB","FOOD AND BEVERAGES","8/7/2026","CASPER, WY ","FILED","69.73"
"CANDIDATE","R. J. KOST ","BAZOOKA LUMBER & LIVESTOCK","CAMPAIGN YARD SIGNS, BUTTONS, PENS, ETC.","8/7/2026","LOVELL, WY 82431","FILED","4.62"
"CANDIDATE","R. J. KOST ","LOVELL CHRONICLE","ADVERTISING - NEWSPAPER","8/7/2026","LOVELL, WY 82431","FILED","2444.37"
"CANDIDATE","ROBERT L HENDRY ","ELECTION HIVE","GRAPHICS/WEBSITE FEES","8/7/2026","SALT LAKE CITY, UT 84102","AMEND - ADD","1000"
"CANDIDATE COMMITTEE","SERVER FOR WY","OFFICE DEPOT","OFFICE SUPPLIES","8/7/2026","WY ","FILED","65.74"
"CANDIDATE COMMITTEE","SHORT FOR STATE","BARBEQUE AFTON","FOOD AND BEVERAGES","8/7/2026","WY ","FILED","34.19"
"CANDIDATE COMMITTEE","SHORT FOR STATE","EXXON","TRAVEL (HOTEL, GAS, ETC.)","8/7/2026","WY ","FILED","47.02"
"CANDIDATE COMMITTEE","SHORT FOR STATE","FAST STOP","TRAVEL (HOTEL, GAS, ETC.)","8/7/2026","WY ","FILED","47"
"CANDIDATE COMMITTEE","SHORT FOR STATE","LINCOLN STREET","FOOD AND BEVERAGES","8/7/2026","WY ","FILED","33.18"
"CANDIDATE COMMITTEE","SHORT FOR STATE","MAVERICK","TRAVEL (HOTEL, GAS, ETC.)","8/7/2026","WY ","FILED","5.89"
"CANDIDATE COMMITTEE","SHORT FOR STATE","QUEEN BEE GARDENS","FOOD AND BEVERAGES","8/7/2026","WY ","FILED","11.73"
"CANDIDATE COMMITTEE","SHORT FOR STATE","RACCA'S PIZZERIA","FOOD AND BEVERAGES","8/7/2026","WY ","FILED","25"
"CANDIDATE COMMITTEE","SHORT FOR STATE","SRCP MEDIA","ADVERTISING - TV","8/7/2026"," , WY ","FILED","52315"
"CANDIDATE COMMITTEE","SPECKNER FOR HOUSE DISTRICT 5","INVENCIO ARECIBO","IT SERVICES","8/7/2026","","FILED","2000"
"CANDIDATE COMMITTEE","WRIGHT4WYOMING","INVENCIO","ADVERTISING - MISC.","8/7/2026","","FILED","2000"
"CANDIDATE COMMITTEE","WRIGHT4WYOMING","MCALISTERS","FOOD AND BEVERAGES","8/7/2026","","FILED","2505.23"
"CANDIDATE COMMITTEE","ALLEN HOGG FOR WYOMING","GOOD TO GO","TRAVEL (HOTEL, GAS, ETC.)","8/6/2026","CODY, WY 82141","FILED","71.6"
"CANDIDATE COMMITTEE","ALLEN HOGG FOR WYOMING","INVENCIO","ADVERTISING - MISC.","8/6/2026","WY ","FILED","2000"
"CANDIDATE COMMITTEE","ANGELOS FOR WYOMING","THAT EMBROIDERY PLACE","CAMPAIGN YARD SIGNS, BUTTONS, PENS, ETC.","8/6/2026","GILLETTE, WY 82718","FILED","357.5"
"CANDIDATE COMMITTEE","BARLOW FOR WYOMING","AMBI","PRINTING","8/6/2026","CASPER, WY 82602","FILED","3399.27"
"CANDIDATE COMMITTEE","BARLOW FOR WYOMING","WYOMING LIVESTOCK ROUNDUP","ADVERTISING - NEWSPAPER","8/6/2026","CASPER, WY 82602","FILED","905"
"CANDIDATE COMMITTEE","BEN HORNOK FOR WY","PATRIOT MOBILE","PHONE","8/6/2026","GRAPEVINE, TX 76051","FILED","28.19"
"CANDIDATE COMMITTEE","BIGELOW FOR HD51","MAJORITY STRATEGIES","ADVERTISING - MISC.","8/6/2026","DALLAS, TX 75267","FILED","4338.26"
"CANDIDATE COMMITTEE","BIGELOW FOR HD51","MAJORITY STRATEGIES","ADVERTISING - MISC.","8/6/2026","DALLAS, TX 75267","FILED","525"
"CANDIDATE COMMITTEE","BRENT BIEN FOR GOVERNOR","COWBOY STATE POLITICS","ADVERTISING - DIGITAL","8/6/2026","WY ","FILED","1250"
"CANDIDATE COMMITTEE","BRENT BIEN FOR GOVERNOR","SHERIDAN MEDIA","ADVERTISING - NEWSPAPER","8/6/2026","WY ","FILED","189.75"
"CANDIDATE COMMITTEE","BUTCHER FOR WYOMING","MAVERIK","TRAVEL (HOTEL, GAS, ETC.)","8/6/2026","WY ","FILED","70.43"
"CANDIDATE COMMITTEE","CARLIN JONES FOR WYOMING","USPO","ADVERTISING - MISC.","8/6/2026","POWELL, WY 82435","AMEND - ADD","2512.23"
"CANDIDATE COMMITTEE","COALITION TO ELECT JOHN BEAR","ANEDOT","BANKING ","8/6/2026","","FILED","6.3"
"CANDIDATE","CODY MCNEIL WYLIE ","MARILYN CONNOLLY","CANDIDATE/COMMITTEE CONTRIBUTION","8/6/2026","BUFFALO, WY 82834","FILED","500"
"CANDIDATE COMMITTEE","COMMITTEE TO ELECT BOYD O. WIGGAM ","OLSEN STRATEGIES AND ADVERTISING","ADVERTISING - MISC.","8/6/2026","DENVER, CO 80206","FILED","3790"
"CANDIDATE COMMITTEE","COMMITTEE TO ELECT CHIP NEIMAN SENATE DISTRICT 1","CARSON DAUGHERTY","ADVERTISING - DIGITAL","8/6/2026","CHEYENNE, WY 82010","FILED","700"
"CANDIDATE COMMITTEE","COMMITTEE TO ELECT CHIP NEIMAN SENATE DISTRICT 1","OUT OF THE BOX PERFORMANCE","CAMPAIGN YARD SIGNS, BUTTONS, PENS, ETC.","8/6/2026","WY ","FILED","10795"
"CANDIDATE COMMITTEE","COMMITTEE TO ELECT ROBERT WHARFF","WESTARPRINTING","CAMPAIGN YARD SIGNS, BUTTONS, PENS, ETC.","8/6/2026","EVANSTON, WY 82930","FILED","91.88"
"CANDIDATE COMMITTEE","COMMITTEE TO ELECT ROBERT WHARFF","WESTARTPRINTING","PRINTING","8/6/2026","EVANSTON, WY 82930","FILED","1436.74"
"CANDIDATE COMMITTEE","COMMITTEE TO ELECT ZETA","GARY ANDERSON","CAMPAIGN YARD SIGNS, BUTTONS, PENS, ETC.","8/6/2026","WY ","FILED","200"
"CANDIDATE COMMITTEE","CONNOLLY FOR STATE HOUSE","BUFFALO BULLETIN","ADVERTISING - NEWSPAPER","8/6/2026","BUFFALO, WY 82834","FILED","672"
"CANDIDATE COMMITTEE","CONNOLLY FOR STATE HOUSE","USPS","POSTAGE","8/6/2026","BUFFALO, WY 82834","FILED","82"
"CANDIDATE COMMITTEE","COSTELLO FOR CASPER","WYO SHIRT","OTHER: CAMPAIGN PROMOTIONAL HATS DONOR THANK YOUS","8/6/2026","WY ","FILED","115.5"
"CANDIDATE","DARIN M MCCANN ","OUT OF THE BOX PERFORMANCE","PRINTING","8/6/2026","ROCK SPRINGS, WY 82901","FILED","1765.96"
"CANDIDATE COMMITTEE","DAVID HILL FOR HOUSE DISTRICT 50","CODY ENTERPRISE","ADVERTISING - NEWSPAPER","8/6/2026","WY ","FILED","452"
"CANDIDATE COMMITTEE","DAVID HILL FOR HOUSE DISTRICT 50","MAVERICK","TRAVEL (HOTEL, GAS, ETC.)","8/6/2026","WY ","FILED","68.5"
"CANDIDATE COMMITTEE","DAVID HILL FOR HOUSE DISTRICT 50","TURCOTTE CONSULTING","ADVERTISING - MISC.","8/6/2026","","FILED","1050"
"CANDIDATE COMMITTEE","DAVID HILL FOR HOUSE DISTRICT 50","WYOLD WEST","FOOD AND BEVERAGES","8/6/2026","WY ","FILED","77.18"
"CANDIDATE COMMITTEE","EDWARDS FOR WYOMING","OFFICE DEPOT","OFFICE SUPPLIES","8/6/2026","CHEYENNE, WY 82009","FILED","91.11"
"CANDIDATE COMMITTEE","FRIENDS OF CJ YOUNG","EAT ALL DAY CASPER","FOOD AND BEVERAGES","8/6/2026","CASPER, WY 82615","FILED","4"
"CANDIDATE COMMITTEE","FRIENDS OF CJ YOUNG","HAT SIX","FOOD AND BEVERAGES","8/6/2026","CASPER, WY 82615","FILED","6.71"
"CANDIDATE COMMITTEE","FRIENDS OF CJ YOUNG","MAVERIK","TRAVEL (HOTEL, GAS, ETC.)","8/6/2026","CHEYENNE, WY 82001","FILED","39.62"
"CANDIDATE COMMITTEE","FRIENDS OF CJ YOUNG","WING'S ASIAN EXPRESS","FOOD AND BEVERAGES","8/6/2026","RAWLINS, WY 82301","FILED","25.14"
"CANDIDATE COMMITTEE","HARSHMAN FOR WYOMING","AMBI","CAMPAIGN YARD SIGNS, BUTTONS, PENS, ETC.","8/6/2026","CASPER, WY 82602","FILED","414.11"
"CANDIDATE COMMITTEE","HARSHMAN FOR WYOMING","BUFFALO BULLETIN","ADVERTISING - NEWSPAPER","8/6/2026","BUFFALO, WY 82834","FILED","230"
"CANDIDATE","JAMES T CORKERY JR","STAPLES","OFFICE SUPPLIES","8/6/2026","CASPER, WY ","FILED","40.94"
"CANDIDATE COMMITTEE","JAMES WAMSLEY FOR WYOMING","AMBI MAIL & MARKETING","ADVERTISING - MISC.","8/6/2026","CASPER, WY 82602","FILED","294.78"
"CANDIDATE COMMITTEE","JEANETTE WARD FOR WYOMING","WINRED","BANKING ","8/6/2026","ARLINGTON, VA 22209","FILED","36.25"
"CANDIDATE","JEFF MARTIN ","WYOTODAY","ADVERTISING - RADIO","8/6/2026","RIVERTON, WY 82501","FILED","2016"
"CANDIDATE","JOE WEBB ","USPS","POSTAGE","8/6/2026","LYMAN, WY 82937","FILED","815.1"
"CANDIDATE COMMITTEE","KELLER FOR WYO","MAJORITY STRATEGIES LLC","ADVERTISING - DIGITAL","8/6/2026","WY ","FILED","2771.49"
"CANDIDATE COMMITTEE","KELLER FOR WYO","T ROSS POLITICAL LLC","ADVERTISING - DIGITAL","8/6/2026","WY ","FILED","300"
"CANDIDATE","KEVIN JOHN CAMPBELL ","COWBOY STATE DAILY","ADVERTISING - DIGITAL","8/6/2026","CASPER, WY ","FILED","2500"
"CANDIDATE COMMITTEE","KOLTISKA FOR SHERIDAN","FACEBOOK","ADVERTISING - DIGITAL","8/6/2026","MENLO PARK, CA 94025","FILED","24"
"CANDIDATE COMMITTEE","KOLTISKA FOR SHERIDAN","MAVERICK","FOOD AND BEVERAGES","8/6/2026","SHERIDAN, WY 82801","FILED","21.57"
"CANDIDATE COMMITTEE","MARK JENNINGS FOR HOUSE DISTRICT 30","CROSS CREEK MEDIA","ADVERTISING - RADIO","8/6/2026","SHERIDAN, WY 82801","FILED","100"
"CANDIDATE COMMITTEE","MARK JENNINGS FOR HOUSE DISTRICT 30","SHERIDAN MEDIA","ADVERTISING - RADIO","8/6/2026","SHERIDAN, WY 82801","FILED","735.75"
"CANDIDATE","MATTHEW HURT ","GOOD PARTY LLC","IT SERVICES","8/6/2026","CHEYENNE, WY 82001","FILED","10"
"CANDIDATE COMMITTEE","MCINTOSH FOR WYOMING","OLSON STRATEGIES & ADVERTISING, INC.","ADVERTISING - MISC.","8/6/2026","ALEXANDRIA, VA 22314","FILED","550"
"CANDIDATE COMMITTEE","MEGAN FOR GOVERNOR","CHAIN BRIDGE BANK, N.A.","BANKING ","8/6/2026","MCLEAN, VA 22101","FILED","25"
"CANDIDATE COMMITTEE","MEGAN FOR GOVERNOR","CONSTANT CONTACT","ADVERTISING - MISC.","8/6/2026","WALTHAM, MA 02451","FILED","210"
"CANDIDATE COMMITTEE","MEGAN FOR GOVERNOR","GOOGLE WORKSPACE","ADVERTISING - DIGITAL","8/6/2026","MOUNTAIN VIEW, CA 94043","FILED","500"
"CANDIDATE COMMITTEE","MEGAN FOR GOVERNOR","JELLYFISH307, LLC","RENT","8/6/2026","CHEYENNE, WY 82001","FILED","900"
"CANDIDATE COMMITTEE","MEGAN FOR GOVERNOR","LOOK AHEAD STRATEGIES","CONSULTING","8/6/2026","ARLINGTON, VA 22209","FILED","2500"
"CANDIDATE COMMITTEE","MEGAN FOR GOVERNOR","META PLATFORMS (FACEBOOK)","ADVERTISING - DIGITAL","8/6/2026","MENLO PARK, CA 94025","FILED","150"
"CANDIDATE COMMITTEE","MEGAN FOR GOVERNOR","SRCP MEDIA","ADVERTISING - MISC.","8/6/2026","ALEXANDRIA, VA 22314","FILED","7320"
"CANDIDATE COMMITTEE","MEGAN FOR GOVERNOR","WINRED TECHNICAL SERVICES","BANKING ","8/6/2026","CHEYENNE, WY 82001","FILED","108.35"
"CANDIDATE COMMITTEE","MYCA FOR SHERIDAN","NATION BUILDER","BANKING ","8/6/2026","WY ","FILED","37.65"
"CANDIDATE","PAUL V HOEFT ","POWELL TRIBUNE","ADVERTISING - NEWSPAPER","8/6/2026","POWELL, WY 82435","FILED","350"
"CANDIDATE COMMITTEE","RAH FOR HD17","FRIEDA GS HOMESTYL","FOOD AND BEVERAGES","8/6/2026","ROCK SPRINGS, WY 82901","FILED","11.5"
"CANDIDATE COMMITTEE","REINER FOR WYOMING","INVENCIO","ADVERTISING - MISC.","8/6/2026","UT ","FILED","2000"
"CANDIDATE COMMITTEE","SCHRIFTMAN FOR STATE HOUSE","POSTMASTER","POSTAGE","8/6/2026","WY ","FILED","84.46"
"CANDIDATE","SCOTT SMITH JR","SQUARE.COM","BANKING ","8/6/2026","WY ","FILED","8.55"
"CANDIDATE COMMITTEE","SERVER FOR WY","OFFICE DEPOT","OFFICE SUPPLIES","8/6/2026","WY ","FILED","98.68"
"CANDIDATE COMMITTEE","SHORT FOR STATE","IHEART MEDIA","ADVERTISING - MISC.","8/6/2026","WY ","FILED","2370.95"
"CANDIDATE COMMITTEE","SHORT FOR STATE","MAVERICK","TRAVEL (HOTEL, GAS, ETC.)","8/6/2026","WY ","FILED","40.83"
"CANDIDATE","TINA JOHNSON ","EVANSTON FARMERS MARKET","FACILITY FEE","8/6/2026","WY ","FILED","20"
"CANDIDATE COMMITTEE","WRIGHT4WYOMING","ELECTION HIVE","CONSULTING","8/6/2026","","FILED","1601.41"
"CANDIDATE","ALBERT SOMMERS ","FRANKLIN CREATIVE GROUP","PRINTING","8/5/2026","WY ","FILED","2309"
"CANDIDATE COMMITTEE","ANGELOS FOR WYOMING","OUT OF THE BOX PERFORMANCE","PRINTING","8/5/2026","COLORADO SPRINGS, CO 80909","FILED","3530.68"
"CANDIDATE COMMITTEE","BARLOW FOR WYOMING","KAIROS BROADCASTING LLC","ADVERTISING - DIGITAL","8/5/2026","LANDER, WY 82520","FILED","604.8"
"CANDIDATE COMMITTEE","BARLOW FOR WYOMING","TAILORED CFO SOLUTIONS LLC","CONSULTING","8/5/2026","GREEN RIVER, WY 82935","FILED","7400"
"CANDIDATE COMMITTEE","BARLOW FOR WYOMING","USPS","POSTAGE","8/5/2026","GREEN RIVER, WY 82935","FILED","169.7"
"CANDIDATE COMMITTEE","BIGELOW FOR HD51","ALPHAGRAPHICS","PRINTING","8/5/2026","SHERIDAN, WY 82801","FILED","305.51"
"CANDIDATE","BILL FORTNER ","BASIN RADIO","ADVERTISING - RADIO","8/5/2026","GILLETTE, WY 82718","FILED","552"
"CANDIDATE COMMITTEE","BUTCHER FOR WYOMING","MAJORITY STRATEGIES","ADVERTISING - DIGITAL","8/5/2026","","FILED","7625"
"CANDIDATE COMMITTEE","BUTCHER FOR WYOMING","SAPPORO","FOOD AND BEVERAGES","8/5/2026","WY ","FILED","73.39"
"CANDIDATE","CALE CASE ","AMBI MAIL","ADVERTISING - MISC.","8/5/2026","WY ","FILED","2984.91"
"CANDIDATE","CALE CASE ","BRUCE PALMER","CONSULTING","8/5/2026","PORTAL, ND 58772","FILED","2000"
"CANDIDATE","CALE CASE ","CHASE VISA","IT SERVICES","8/5/2026","CAROL STREAM, IL 60197","FILED","1966.2"
"CANDIDATE","CALE CASE ","SINK & RISE, INC","TRAVEL (HOTEL, GAS, ETC.)","8/5/2026","LANDER, WY 82520","FILED","319.96"
"CANDIDATE COMMITTEE","CHAD AUER FOR WYOMING","BUFFALO BULLETIN","ADVERTISING - NEWSPAPER","8/5/2026","BUFFALO, WY 82834","FILED","420"
"CANDIDATE COMMITTEE","COALITION TO ELECT JOHN BEAR","OUT OF THE BOX FULL ARMOUR","CONSULTING","8/5/2026","CHEYENNE, WY ","FILED","1916.22"
"CANDIDATE COMMITTEE","COALITION TO ELECT JOHN BEAR","WALMART","OFFICE SUPPLIES","8/5/2026","GILLETTE, WY ","FILED","14.14"
"CANDIDATE COMMITTEE","COMMITTEE TO ELECT CAT URBIGKIT","KEVIN CHRISTENSEN","CANDIDATE/COMMITTEE CONTRIBUTION","8/5/2026","CASPER, WY 82601","AMEND - ADD","500"
"CANDIDATE COMMITTEE","COMMITTEE TO ELECT DWAYNE DILLINGER","MAVERIK","TRAVEL (HOTEL, GAS, ETC.)","8/5/2026","WY ","FILED","100"
"CANDIDATE COMMITTEE","COMMITTEE TO ELECT EARL COLLIER FOR HOUSE DISTRICT 3","FIRST NORTHERN BANK","BANKING ","8/5/2026","WY ","FILED","5"
"CANDIDATE COMMITTEE","COMMITTEE TO ELECT GREG SCHREURS","SEAN HARRINGTON","ADVERTISING - DIGITAL","8/5/2026","GILLETTE, WY 82718","FILED","1000"
"CANDIDATE COMMITTEE","COMMITTEE TO ELECT JIM VANDYKE","AMAZON - BROCHURE, CARD, SIGN HOLDERS","CAMPAIGN YARD SIGNS, BUTTONS, PENS, ETC.","8/5/2026","SEATLE, WA 98109","FILED","58.52"
"CANDIDATE COMMITTEE","COMMITTEE TO ELECT JIM VANDYKE","AMAZON - YARD SIGNS","CAMPAIGN YARD SIGNS, BUTTONS, PENS, ETC.","8/5/2026","SEATLE, WA 98109","FILED","62.95"
"CANDIDATE COMMITTEE","COMMITTEE TO ELECT JIM VANDYKE","COOLTONER - PRINTER TONER","OFFICE SUPPLIES","8/5/2026","IRVINE, CA 92606","FILED","48.17"
"CANDIDATE COMMITTEE","COMMITTEE TO ELECT JIM VANDYKE","JIM VANDYKE","LOAN PAYMENT","8/5/2026","CHEYENNE, WY 82009","FILED","64.91"
"CANDIDATE COMMITTEE","COMMITTEE TO ELECT ROBERT WHARFF","ELISABETH JACKSON","CONSULTING","8/5/2026","EVANSTON, WY 82930","FILED","500"
"CANDIDATE COMMITTEE","COMMITTEE TO ELECT ROBERT WHARFF","PINEY WOODS CONSULTING","CONSULTING","8/5/2026","TX ","FILED","500"
"CANDIDATE COMMITTEE","CONNOLLY FOR STATE HOUSE","ELECTION HIVE","CONSULTING","8/5/2026","SALT LAKE CITY, UT 84102","FILED","1500"
"CANDIDATE COMMITTEE","CONNOLLY FOR STATE HOUSE","MARILYN CONNOLLY","LOAN PAYMENT","8/5/2026","BUFFALO, WY 82834","FILED","1000"
"CANDIDATE COMMITTEE","CONNOLLY FOR STATE HOUSE","SHERIDAN MEDIA","ADVERTISING - NEWSPAPER","8/5/2026","SHERIDAN, WY 82801","FILED","284.5"
"CANDIDATE COMMITTEE","CONNOLLY FOR STATE HOUSE","SHERIDAN MEDIA","ADVERTISING - RADIO","8/5/2026","SHERIDAN, WY 82801","FILED","468"
"CANDIDATE COMMITTEE","DAVID HILL FOR HOUSE DISTRICT 50","MAJORITY STRATEGIES","ADVERTISING - MISC.","8/5/2026","","FILED","2576.15"
"CANDIDATE","DONNA KAY RICE ","DIRECT EDGE CAMPAIGNS, LLC","ADVERTISING - MISC.","8/5/2026","NASHVILLE, TN 37215","FILED","2446.6"
"CANDIDATE","DONNA KAY RICE ","USPS","POSTAGE","8/5/2026","CASPER, WY 82601","FILED","96.45"
"CANDIDATE","EXIE R BROWN JR","DLS","CAMPAIGN YARD SIGNS, BUTTONS, PENS, ETC.","8/5/2026","CHEYENNE, WY 82009","FILED","116.68"
"CANDIDATE","EXIE R BROWN JR","DLS","CAMPAIGN YARD SIGNS, BUTTONS, PENS, ETC.","8/5/2026","CHEYENNE, WY 82009","FILED","417"
"CANDIDATE","EXIE R BROWN JR","DLS","CAMPAIGN YARD SIGNS, BUTTONS, PENS, ETC.","8/5/2026","CHEYENNE, WY 82009","FILED","205.68"
"CANDIDATE","EXIE R BROWN JR","DLS","CAMPAIGN YARD SIGNS, BUTTONS, PENS, ETC.","8/5/2026","CHEYENNE, WY 82009","FILED","1573.07"
"CANDIDATE","EXIE R BROWN JR","PBR PRINTING","PRINTING","8/5/2026","CHEYENNE, WY 82009","FILED","1610.65"
"CANDIDATE COMMITTEE","FRIENDS OF CJ YOUNG","AAFES","TRAVEL (HOTEL, GAS, ETC.)","8/5/2026","CHEYENNE, WY 82001","FILED","30.39"
"CANDIDATE COMMITTEE","FRIENDS OF CJ YOUNG","BRONX PIZZA","FOOD AND BEVERAGES","8/5/2026","CHEYENNE, WY 82001","FILED","11.98"
"CANDIDATE COMMITTEE","FRIENDS OF CJ YOUNG","F.E. WARREN BC","OFFICE SUPPLIES","8/5/2026","CHEYENNE, WY 82001","FILED","31.13"
"CANDIDATE COMMITTEE","FRIENDS OF CJ YOUNG","FLYING J","FOOD AND BEVERAGES","8/5/2026","CASPER, WY 82615","FILED","6.19"
"CANDIDATE COMMITTEE","FRIENDS OF CJ YOUNG","GOOGLE","ADVERTISING - DIGITAL","8/5/2026","MOUNTAIN VIEW, CA 94043","FILED","263.04"
"CANDIDATE COMMITTEE","FRIENDS OF CJ YOUNG","META","ADVERTISING - DIGITAL","8/5/2026","BURBANK, CA 94025","FILED","25"
"CANDIDATE COMMITTEE","FRIENDS OF CJ YOUNG","NOAMS TABLE","FOOD AND BEVERAGES","8/5/2026","CHEYENNE, WY 82001","FILED","7.88"
"CANDIDATE COMMITTEE","FRIENDS OF CJ YOUNG","WAL-MART","OFFICE SUPPLIES","8/5/2026","RAWLINS, WY 82301","FILED","30.39"
"CANDIDATE","JAMES A. WILSON ","MODEL SIGNS","CAMPAIGN YARD SIGNS, BUTTONS, PENS, ETC.","8/5/2026","ROCK SPRINGS, WY 82901","FILED","15.9"
"CANDIDATE COMMITTEE","JAMES WAMSLEY FOR WYOMING","TRN MEDIA","ADVERTISING - RADIO","8/5/2026","GREEN EIVER, WY 82935","FILED","3000"
"CANDIDATE","JAYME LIEN ","TOWNSQURE MEDIA ","ADVERTISING - RADIO","8/5/2026","WY ","FILED","982"
"CANDIDATE","JAYME LIEN ","WALMART","OFFICE SUPPLIES","8/5/2026","WY ","FILED","72.06"
"CANDIDATE","JOE WEBB ","SINCLAIR","TRAVEL (HOTEL, GAS, ETC.)","8/5/2026","EVANSTON, WY 82930","FILED","107.08"
"CANDIDATE","LISA WILSON ","WESTERN PRINTING","PRINTING","8/5/2026","LANDER, WY 82520","FILED","2400"
"CANDIDATE","LLOYD CHARLES LARSEN ","WESTERN PRINTING","PRINTING","8/5/2026","LANDER, WY 82520","FILED","836.17"
"CANDIDATE","LLOYD CHARLES LARSEN ","WESTERN PRINTING ","POSTAGE","8/5/2026","LANDER, WY 82520","FILED","939.95"
"CANDIDATE","MARCIA JOANN NEUMILLER ","AMBI","CAMPAIGN YARD SIGNS, BUTTONS, PENS, ETC.","8/5/2026","CASPER, WY 82602","FILED","1373.48"
"CANDIDATE COMMITTEE","MARK JENNINGS FOR HOUSE DISTRICT 30","COWBOY STATE POLITICS","ADVERTISING - RADIO","8/5/2026","SHERIDAN, WY 82801","FILED","100"
"CANDIDATE COMMITTEE","MARK JENNINGS FOR HOUSE DISTRICT 30","USPS","POSTAGE","8/5/2026","SHERIDAN, WY 82801","FILED","1038.99"
"CANDIDATE COMMITTEE","MEGAN FOR GOVERNOR","ALLIANCE FORGE ELECTION TECHNOLOGY","ADVERTISING - DIGITAL","8/5/2026","SPARKS, NV 89436","FILED","1654.24"
"CANDIDATE COMMITTEE","MEGAN FOR GOVERNOR","ALLIANCE FORGE ELECTION TECHNOLOGY","ADVERTISING - DIGITAL","8/5/2026","SPARKS, NV 89436","FILED","11.94"
"CANDIDATE COMMITTEE","MEGAN FOR GOVERNOR","BATTLEFIELD LLC","CONSULTING","8/5/2026","MOUNT VERNON, NY 10550","FILED","20"
"CANDIDATE COMMITTEE","MEGAN FOR GOVERNOR","DANIELS SPAULDING CONSULTING LLC","CONSULTING","8/5/2026","CARMEL, IN 46082","FILED","11354.35"
"CANDIDATE COMMITTEE","MEGAN FOR GOVERNOR","DANIELS SPAULDING CONSULTING LLC","CONSULTING","8/5/2026","CARMEL, IN 46082","FILED","1025"
"CANDIDATE COMMITTEE","MEGAN FOR GOVERNOR","META PLATFORMS (FACEBOOK)","ADVERTISING - DIGITAL","8/5/2026","MENLO PARK, CA 94025","FILED","225"
"CANDIDATE COMMITTEE","MEGAN FOR GOVERNOR","WINRED TECHNICAL SERVICES","BANKING ","8/5/2026","CHEYENNE, WY 82001","FILED","25.02"
"CANDIDATE","OCEAN ANDREW ","ITI DIRECT MAIL","POSTAGE","8/5/2026","","FILED","1582.43"
"CANDIDATE","QWENTON EAGLE OVIATT ","FAST LANE","TRAVEL (HOTEL, GAS, ETC.)","8/5/2026","SHOSHONE, WY ","FILED","27.47"
"CANDIDATE","QWENTON EAGLE OVIATT ","OLD CHICAGO","FOOD AND BEVERAGES","8/5/2026","CASPER, WY ","FILED","73.27"
"CANDIDATE","R. J. KOST ","POWELL TRIBUNE","ADVERTISING - NEWSPAPER","8/5/2026","POWELL, WY 82435","FILED","251.87"
"CANDIDATE","R. J. KOST ","POWELL TRIBUNE","ADVERTISING - NEWSPAPER","8/5/2026","POWELL, WY 82435","FILED","523.13"
"CANDIDATE","R. J. KOST ","POWELL TRIBUNE","ADVERTISING - NEWSPAPER","8/5/2026","POWELL, WY 82435","FILED","183.75"
"CANDIDATE COMMITTEE","RAH FOR HD17","STAPLES","PRINTING","8/5/2026","ROCK SPRINGS, WY 82901","FILED","6.97"
"CANDIDATE COMMITTEE","RAH FOR HD17","UPS STORE","PRINTING","8/5/2026","ROCK SPRINGS, WY 82901","FILED","116.6"
"CANDIDATE COMMITTEE","REINER FOR WYOMING","OFFICE DEPOT","ADMINISTRATIVE COSTS","8/5/2026","CHEYENNE, WY 82009","FILED","8.38"
"CANDIDATE COMMITTEE","REINER FOR WYOMING","PBR","CAMPAIGN YARD SIGNS, BUTTONS, PENS, ETC.","8/5/2026","CHEYENNE, WY 82009","FILED","809.91"
"CANDIDATE COMMITTEE","REINER FOR WYOMING","PBR","PRINTING","8/5/2026","CHEYENNE, WY 82009","FILED","534.95"
"CANDIDATE","ROY BIRT ","OUT OF THE BOX PERFORMANCE","PRINTING","8/5/2026","WY ","FILED","4220.88"
"CANDIDATE COMMITTEE","SCHRIFTMAN FOR STATE HOUSE","KYLIE WALL","CONSULTING","8/5/2026","WY ","FILED","500"
"CANDIDATE COMMITTEE","SCHRIFTMAN FOR STATE HOUSE","STAPLES","OFFICE SUPPLIES","8/5/2026","WY ","FILED","164.95"
"CANDIDATE COMMITTEE","SCHRIFTMAN FOR STATE HOUSE","VISTA PRINT","PRINTING","8/5/2026"," , WY ","FILED","395.84"
"CANDIDATE","SCOTT HEINER ","SWEETWATER COUNTY LIBRARY","PRINTING","8/5/2026","GREEN RIVER, WY 82935","FILED","25"
"CANDIDATE COMMITTEE","SERVER FOR WY","OFFICE DEPOT","PRINTING","8/5/2026","WY ","FILED","777.71"
"CANDIDATE COMMITTEE","SHANNON A. BRENNAN FOR WY HOUSE D23","ALARM CLOCK FILMS (PETER PRESTRUD)","ADVERTISING - DIGITAL","8/5/2026","JACKSON, WY 83001","FILED","300"
"CANDIDATE COMMITTEE","SHORT FOR STATE","SAM'S CLUB FUEL","TRAVEL (HOTEL, GAS, ETC.)","8/5/2026","WY ","FILED","56.34"
"CANDIDATE COMMITTEE","THE FRIENDS TO ELECT MARK JONES","SHERIDAN MEDIA","ADVERTISING - RADIO","8/5/2026","SHERIDAN, WY 82801","FILED","1030"
"CANDIDATE COMMITTEE","THE PEOPLE FOR PROVENZA","SQUARESPACE ","GRAPHICS/WEBSITE FEES","8/5/2026","","FILED","774.17"
"CANDIDATE","TONY LOCKE ","USPS","POSTAGE","8/5/2026","","FILED","925.64"
"CANDIDATE COMMITTEE","WILLOX FOR WYOMING","5 ACES PRINTING","ADVERTISING - NEWSPAPER","8/5/2026","DOUGLAS, WY 82633","FILED","885"
"CANDIDATE COMMITTEE","WILLOX FOR WYOMING","CONVERSE COUNTY BANK","ADMINISTRATIVE COSTS","8/5/2026","DOUGLAS, WY 82633","FILED","3"
"CANDIDATE COMMITTEE","WILLOX FOR WYOMING","DOUGLAS SIGN COMPANY","ADVERTISING - MISC.","8/5/2026","DOUGLAS, WY 82633","FILED","67.2"
"CANDIDATE COMMITTEE","BARLOW FOR WYOMING","AX MEDIA","ADVERTISING - TV","8/4/2026","KANSAS CITY, MO 64112","FILED","30856"
"CANDIDATE COMMITTEE","BARLOW FOR WYOMING","AXIOM STRATEGIES","CONSULTING","8/4/2026","KANSAS CITY, MO 64112","FILED","5000"
"CANDIDATE COMMITTEE","BARLOW FOR WYOMING","GNARLY RAM LLC","CONSULTING","8/4/2026","SHERIDAN, WY 82801","FILED","2500"
"CANDIDATE COMMITTEE","BARLOW FOR WYOMING","KAIROS BROADCASTING LLC","ADVERTISING - DIGITAL","8/4/2026","LANDER, WY 82520","FILED","350"
"CANDIDATE COMMITTEE","BARLOW FOR WYOMING","PINE BLUFFS SENIOR CENTER","FOOD AND BEVERAGES","8/4/2026","PINE BLUFFS, WY 82082","FILED","332"
"CANDIDATE COMMITTEE","BARLOW FOR WYOMING","TETON MEDIA WORKS INC","ADVERTISING - NEWSPAPER","8/4/2026","JACKSON, WY 83002","FILED","524"
"CANDIDATE COMMITTEE","BIGELOW FOR HD51","SHERIDAN MEDIA","ADVERTISING - RADIO","8/4/2026","SHERIDAN, WY 82801","FILED","1338.75"
"CANDIDATE COMMITTEE","BRENNAN FOR SENATE","OLSEN STRATEGIES AND ADVERTISING","OTHER: TEXT MESSAGE","8/4/2026","ALEXANDRIA, VA ","PUBLISHED","665.8"
"CANDIDATE COMMITTEE","BRENNAN FOR SENATE","OLSON STRATEGIES AND ADVERTISING","OTHER: DIRECT MAIL","8/4/2026","ALEXANDRIA, VA ","PUBLISHED","3950"
"CANDIDATE COMMITTEE","BUTCHER FOR WYOMING","ALPHAGRAPHICS","CAMPAIGN YARD SIGNS, BUTTONS, PENS, ETC.","8/4/2026","WY ","FILED","305.5"
"CANDIDATE COMMITTEE","BUTCHER FOR WYOMING","ALPHAGRAPHICS","CAMPAIGN YARD SIGNS, BUTTONS, PENS, ETC.","8/4/2026","WY ","FILED","594.08"
"CANDIDATE COMMITTEE","BUTCHER FOR WYOMING","INTUIT","ADMINISTRATIVE COSTS","8/4/2026","WY ","FILED","1.69"
"CANDIDATE COMMITTEE","COALITION TO ELECT JOHN BEAR","OUT OF THE BOX FULL ARMOUR","CONSULTING","8/4/2026","CHEYENNE, WY ","FILED","2018.02"
"CANDIDATE COMMITTEE","COMMITTEE TO ELECT LAURIE BRATTEN","ANEDOT","BANKING ","8/4/2026","NEW ORLEANS, LA 70112","FILED","4.3"
"CANDIDATE COMMITTEE","COMMITTEE TO ELECT OGDEN DRISKILL","COFFEE CUP","TRAVEL (HOTEL, GAS, ETC.)","8/4/2026","MOORCROFT, WY 82730","FILED","37.83"
"CANDIDATE","DALTON BANKS ","COWLEY MERCANTILE ","FOOD AND BEVERAGES","8/4/2026","WY ","FILED","55.23"
"CANDIDATE COMMITTEE","FORNSTROM FOR HD10","MAJORITY STRATEGIES","ADVERTISING - MISC.","8/4/2026","DALLAS, TX 75267","FILED","2375.04"
"CANDIDATE COMMITTEE","FORNSTROM FOR HD10","MINUTEMAN PRESS","PRINTING","8/4/2026","CHEYENNE, WY 82009","FILED","101.9"
"CANDIDATE COMMITTEE","FRIENDS OF CJ YOUNG","AAFES","TRAVEL (HOTEL, GAS, ETC.)","8/4/2026","CHEYENNE, WY 82001","FILED","43.38"
"CANDIDATE COMMITTEE","FRIENDS OF CJ YOUNG","CHUGWATER SODA","FOOD AND BEVERAGES","8/4/2026","CHUGWATER, WY 82210","FILED","15.13"
"CANDIDATE COMMITTEE","FRIENDS OF CJ YOUNG","JIMMY JOHNS","FOOD AND BEVERAGES","8/4/2026","CHEYENNE, WY 82001","FILED","9.54"
"CANDIDATE COMMITTEE","FRIENDS OF CJ YOUNG","TRI-COUNTY","FOOD AND BEVERAGES","8/4/2026","CHUGWATER, WY 82210","FILED","2.19"
"CANDIDATE COMMITTEE","FRIENDS OF CJ YOUNG","UPSLOPE MEDIA","ADVERTISING - DIGITAL","8/4/2026","CASPER, WY 82602","FILED","1390.05"
"CANDIDATE COMMITTEE","FRIENDS OF CJ YOUNG","WARREN SHOTETTE","FOOD AND BEVERAGES","8/4/2026","CHEYENNE, WY 82001","FILED","5.77"
"CANDIDATE COMMITTEE","FRIENDS OF JULIE JARVIS","AMBI","ADVERTISING - MISC.","8/4/2026","CASPER, WY 82602","FILED","7013.77"
"CANDIDATE COMMITTEE","FRIENDS OF JULIE JARVIS","FLYWHEEL","GRAPHICS/WEBSITE FEES","8/4/2026","OMAHA, NE 68102","FILED","15"
"CANDIDATE COMMITTEE","HARSHMAN FOR WYOMING","NEWCASTLE NEWS LETTER JOURNAL","ADVERTISING - DIGITAL","8/4/2026","NEWCASTLE, WY 82701","FILED","620"
"CANDIDATE COMMITTEE","HARSHMAN FOR WYOMING","SHERIDAN PRESS","ADVERTISING - NEWSPAPER","8/4/2026","SHERIDAN, WY 82801","FILED","1414.32"
"CANDIDATE","JAMES T CORKERY JR","VISTAPRINT","CAMPAIGN YARD SIGNS, BUTTONS, PENS, ETC.","8/4/2026","WALTHAM, MA 02451","FILED","122.83"
"CANDIDATE","JAMES T CORKERY JR","VISTAPRINT","PRINTING","8/4/2026","WALTHAM, MA 02451","FILED","2289.53"
"CANDIDATE","JAYME LIEN ","AMBI","POSTAGE","8/4/2026","WY ","FILED","1061.55"
"CANDIDATE","JAYME LIEN ","AMBI","PRINTING","8/4/2026","WY ","FILED","1795.15"
"CANDIDATE","JAYME LIEN ","OUT OF THE BOX PREFORMANCE","PRINTING","8/4/2026","WY ","FILED","2310"
"CANDIDATE","JAYME LIEN ","OUT OF THE BOX PREFORMANCE ","CONSULTING","8/4/2026","WY ","FILED","2000"
"CANDIDATE","JAYME LIEN ","WY HAT CO","CAMPAIGN YARD SIGNS, BUTTONS, PENS, ETC.","8/4/2026","WY ","FILED","368.88"
"CANDIDATE COMMITTEE","JEANETTE WARD FOR WYOMING","M13 GRAPHICS","ADVERTISING - MISC.","8/4/2026","SCHAUMBURG, IL 60173","FILED","90.66"
"CANDIDATE COMMITTEE","JEANETTE WARD FOR WYOMING","META","ADVERTISING - DIGITAL","8/4/2026","MENLO PARK, CA 98052","FILED","33"
"CANDIDATE","JOHN F WETZEL ","HEART MOUNTAIN BROADCASTING","ADVERTISING - RADIO","8/4/2026","POWELL, WY 82435","FILED","744"
"CANDIDATE","JOHN F WETZEL ","KPOW","ADVERTISING - RADIO","8/4/2026","POWELL, WY 82435","FILED","248"
"CANDIDATE","JOHN F WETZEL ","POWELL TRIBUNE","ADVERTISING - NEWSPAPER","8/4/2026","POWELL, WY 82435","FILED","3383.75"
"CANDIDATE","KAREN WEBER ","HOLLY JENNINGS","CAMPAIGN YARD SIGNS, BUTTONS, PENS, ETC.","8/4/2026","SHERIDAN, WY ","FILED","500"
"CANDIDATE COMMITTEE","KEVIN HELLING FOR WYOMING","SAM'S CLUB","FOOD AND BEVERAGES","8/4/2026","CASPER, WY 82609","FILED","23.27"
"CANDIDATE COMMITTEE","KEVIN HELLING FOR WYOMING","WIX.COM","GRAPHICS/WEBSITE FEES","8/4/2026","SAN FRANCISCO, CA 94158","FILED","36"
"CANDIDATE COMMITTEE","KOLTISKA FOR SHERIDAN","ALPHAGRAPHICS","PRINTING","8/4/2026","SHERIDAN, WY 82801","FILED","2758.69"
"CANDIDATE COMMITTEE","KOLTISKA FOR SHERIDAN","DAIRY QUEEN","FOOD AND BEVERAGES","8/4/2026","SHERIDAN, WY 82801","FILED","197.05"
"CANDIDATE COMMITTEE","KOLTISKA FOR SHERIDAN","FACEBOOK","ADVERTISING - DIGITAL","8/4/2026","MENLO PARK, CA 94025","FILED","24"
"CANDIDATE COMMITTEE","LAUREN SCHOENFELD FOR WYOMING","KALEN MARKETING","CONSULTING","8/4/2026","CHEYENNE, WY 82009","FILED","2021.32"
"CANDIDATE COMMITTEE","LAUREN SCHOENFELD FOR WYOMING","OLSON STRATEGIES","ADVERTISING - MISC.","8/4/2026","ALEXANDRIA, VA 2314","FILED","3509"
"CANDIDATE","MARLENE BRADY ","DIRECT MAIL SYSTEMS","PRINTING","8/4/2026","ST. PETERSBURG, FL 33716","FILED","1941.8"
"CANDIDATE","MATTHEW HURT ","META","ADVERTISING - DIGITAL","8/4/2026","CHEYENNE, WY 82001","FILED","32.92"
"CANDIDATE","MATTHEW LEGLER ","BIG HORN BASIN MEDIA","ADVERTISING - RADIO","8/4/2026","WY ","FILED","504"
"CANDIDATE COMMITTEE","MEGAN FOR GOVERNOR","BATTLEFIELD LLC","CONSULTING","8/4/2026","MOUNT VERNON, NY 10550","FILED","6.25"
"CANDIDATE COMMITTEE","MEGAN FOR GOVERNOR","CYGNAL","CONSULTING","8/4/2026","ARLINGTON, VA 22203","FILED","29800"
"CANDIDATE COMMITTEE","MEGAN FOR GOVERNOR","FIRST STREET","CONSULTING","8/4/2026","ALEXANDRIA, VA 22314","FILED","5000"
"CANDIDATE COMMITTEE","MEGAN FOR GOVERNOR","GUSTO","PAYROLL","8/4/2026","SAN FRANCISCO, CA 94107","FILED","71.19"
"CANDIDATE COMMITTEE","MEGAN FOR GOVERNOR","JOSHUA ESPINOSA","PAYROLL","8/4/2026","CHEYENNE, WY 82001","FILED","1000"
"CANDIDATE COMMITTEE","MEGAN FOR GOVERNOR","MAJORITY STRATEGIES LLC","CONSULTING","8/4/2026","DALLAS, TX 75267","FILED","26935.92"
"CANDIDATE COMMITTEE","MEGAN FOR GOVERNOR","META PLATFORMS (FACEBOOK)","ADVERTISING - DIGITAL","8/4/2026","MENLO PARK, CA 94025","FILED","225"
"CANDIDATE COMMITTEE","MEGAN FOR GOVERNOR","RED CURVE SOLUTIONS","CONSULTING","8/4/2026","BEVERLY, MA 01915","FILED","62.99"
"CANDIDATE COMMITTEE","MEGAN FOR GOVERNOR","WINRED TECHNICAL SERVICES","BANKING ","8/4/2026","CHEYENNE, WY 82001","FILED","21.67"
"CANDIDATE","NEIL JESKE ","USPS.COM","POSTAGE","8/4/2026","WY ","FILED","114.8"
"CANDIDATE COMMITTEE","QUIN BLAIR FOR HOUSE DISTRICT 24","ELECTION HIVE","CONSULTING","8/4/2026","WY ","FILED","1500"
"CANDIDATE COMMITTEE","RAH FOR HD17","CJ SIGNS","CAMPAIGN YARD SIGNS, BUTTONS, PENS, ETC.","8/4/2026","ROCK SPRINGS, WY 82901","FILED","42.86"
"CANDIDATE COMMITTEE","RAH FOR HD17","MAVERIK","TRAVEL (HOTEL, GAS, ETC.)","8/4/2026","ROCK SPRINGS, WY 82901","FILED","30"
"CANDIDATE COMMITTEE","RAH FOR HD17","TRAIL HEAD GUNS","OTHER: AUCTION/RAFFLE ITEAM","8/4/2026","ROCK SPRINGS, WY 82901","FILED","464.63"
"CANDIDATE","ROBERT L HENDRY ","RANGER PRINTERS","CAMPAIGN YARD SIGNS, BUTTONS, PENS, ETC.","8/4/2026","RIVERTON, WY 82501","AMEND - ADD","616.35"
"CANDIDATE","SCOTT HEINER ","WALMART","OFFICE SUPPLIES","8/4/2026","ROCK SPRINGS, WY 83101","FILED","14.71"
"CANDIDATE COMMITTEE","SERVER FOR WY","PBR PRINTING","CAMPAIGN YARD SIGNS, BUTTONS, PENS, ETC.","8/4/2026","WY ","FILED","241.5"
"CANDIDATE COMMITTEE","SHORT FOR STATE","4IMPRINT","CAMPAIGN YARD SIGNS, BUTTONS, PENS, ETC.","8/4/2026","WY ","FILED","981.8"
"CANDIDATE COMMITTEE","SHORT FOR STATE","SRCP MEDIA","ADVERTISING - TV","8/4/2026"," , WY ","FILED","48265"
"CANDIDATE","TAFT CARROLL LOVE ","OLSON STRATIGIES","ADVERTISING - MISC.","8/4/2026","WY ","FILED","5467.6"
"CANDIDATE COMMITTEE","THE FRIENDS TO ELECT MARK JONES","LIBERTY SERVICE CORPORATION","CONSULTING","8/4/2026","COLORADO SPRINGS, CO 80906","FILED","5810.12"
"CANDIDATE COMMITTEE","THE FRIENDS TO ELECT MARK JONES","USPS","POSTAGE","8/4/2026","BUFFALO, WY 82834","FILED","82"
"CANDIDATE","TONY LOCKE ","TOWNSQUARE MEDIA","ADVERTISING - RADIO","8/4/2026","","FILED","3122.96"
"CANDIDATE COMMITTEE","WILLOX FOR WYOMING","OLSON STRATEGIES","ADVERTISING - MISC.","8/4/2026","ALEXANDRIA, VA 22314","FILED","3400"
"CANDIDATE COMMITTEE","ANGELOS FOR WYOMING","ANEDOT","BANKING ","8/3/2026","NEW ORLEANS, LA 70112","FILED","6.3"
"CANDIDATE COMMITTEE","ANGELOS FOR WYOMING","TARGET SIGN COMPANY, INC","ADVERTISING - DIGITAL","8/3/2026","GILLETTE, WY 82717","FILED","650"
"CANDIDATE COMMITTEE","BARLOW FOR WYOMING","ALLIE SCROGGINS","CONSULTING","8/3/2026","CASPER, WY 82609","FILED","1750"
"CANDIDATE COMMITTEE","BARLOW FOR WYOMING","AMBI","ADVERTISING - MISC.","8/3/2026","CASPER, WY 82602","FILED","7668.34"
"CANDIDATE COMMITTEE","BARLOW FOR WYOMING","AMBI","CAMPAIGN YARD SIGNS, BUTTONS, PENS, ETC.","8/3/2026","CASPER, WY 82602","FILED","966"
"CANDIDATE COMMITTEE","BARLOW FOR WYOMING","BRETT KLEIN","CONSULTING","8/3/2026","CHEYENNE, WY 82009","FILED","5232.47"
"CANDIDATE COMMITTEE","BARLOW FOR WYOMING","CAZ CONSULTING","ADVERTISING - MISC.","8/3/2026","FORTH WORTH, TX 76109","FILED","6081"
"CANDIDATE COMMITTEE","BARLOW FOR WYOMING","CAZ CONSULTING","ADVERTISING - MISC.","8/3/2026","FORTH WORTH, TX 76109","FILED","6414.7"
"CANDIDATE COMMITTEE","BARLOW FOR WYOMING","GLORIA RYNDERS","CONSULTING","8/3/2026","LARAMIE, WY 82070","FILED","3775.4"
"CANDIDATE COMMITTEE","BARLOW FOR WYOMING","LARAMIE BOOMERANG","ADVERTISING - NEWSPAPER","8/3/2026","LARAMIE, WY 82070","FILED","385"
"CANDIDATE COMMITTEE","BARLOW FOR WYOMING","MELISSA ATKINSON","CONSULTING","8/3/2026","GREEN RIVER, WY 82935","FILED","4075.61"
"CANDIDATE COMMITTEE","BARLOW FOR WYOMING","METRO COFFEE COMPANY","FOOD AND BEVERAGES","8/3/2026","CASPER, WY 82602","FILED","261.37"
"CANDIDATE COMMITTEE","BARLOW FOR WYOMING","MYA HENTSCH-ROBB","CONSULTING","8/3/2026","WRIGHT, WY 82732","FILED","3500"
"CANDIDATE COMMITTEE","BARLOW FOR WYOMING","TAYTEM TYRA","CONSULTING","8/3/2026","RIVERTON, WY 82501","FILED","3726.59"
"CANDIDATE COMMITTEE","BARLOW FOR WYOMING","TRISTAN PATTERSON","CONSULTING","8/3/2026","LARAMIE, WY 82072","FILED","5051.34"
"CANDIDATE COMMITTEE","BARLOW FOR WYOMING","USPS","POSTAGE","8/3/2026","GREEN RIVER, WY 82935","FILED","196.8"
"CANDIDATE COMMITTEE","BUTCHER FOR WYOMING","BUCKHORN","TRAVEL (HOTEL, GAS, ETC.)","8/3/2026","WY ","FILED","55.77"
"CANDIDATE COMMITTEE","BUTCHER FOR WYOMING","CAIN MCEACHRAN","PAYROLL","8/3/2026","WY ","FILED","185.94"
"CANDIDATE COMMITTEE","BUTCHER FOR WYOMING","MAVERIK","TRAVEL (HOTEL, GAS, ETC.)","8/3/2026","WY ","FILED","81.23"
"CANDIDATE COMMITTEE","BUTCHER FOR WYOMING","THOMAS SCHWARZBACH","PAYROLL","8/3/2026"," , WY ","FILED","121.5"
"CANDIDATE","CALE CASE ","VALLEY LUMBER","CAMPAIGN YARD SIGNS, BUTTONS, PENS, ETC.","8/3/2026","WY ","FILED","67.75"
"CANDIDATE","CARL MANNING ","RIVERTON RANGER","ADVERTISING - NEWSPAPER","8/3/2026","RIVERTON, WY 82501","FILED","257.5"
"CANDIDATE COMMITTEE","CARLIN JONES FOR WYOMING","STORY TELLER","ADVERTISING - MISC.","8/3/2026","THERMOPOLIS, WY ","FILED","37.73"
"CANDIDATE COMMITTEE","CARLIN JONES FOR WYOMING","USPO","POSTAGE","8/3/2026","POWELL, WY ","FILED","1362.71"
"CANDIDATE COMMITTEE","CHESTEK FOR HD 13","ACTBLUE","ADMINISTRATIVE COSTS","8/3/2026","WY ","FILED","7.4"
"CANDIDATE COMMITTEE","CHESTEK FOR HD 13","UNITED STATES POST OFFICE","ADMINISTRATIVE COSTS","8/3/2026","WY ","FILED","236"
"CANDIDATE COMMITTEE","COALITION TO ELECT JOHN BEAR","CARSON DAUGHERTY","CONSULTING","8/3/2026","CHEYENNE, WY ","FILED","450"
"CANDIDATE COMMITTEE","COALITION TO ELECT JOHN BEAR","WALMART","OFFICE SUPPLIES","8/3/2026","GILLETTE, WY ","FILED","14.14"
"CANDIDATE COMMITTEE","COMMITTEE TO ELECT DWAYNE DILLINGER","PRIORITY PROPERTY MANAGEMENT","RENT","8/3/2026","WY ","FILED","500"
"CANDIDATE COMMITTEE","COMMITTEE TO ELECT DWAYNE DILLINGER","SQUARE","BANKING ","8/3/2026","WY ","FILED","49"
"CANDIDATE COMMITTEE","COMMITTEE TO ELECT DWAYNE DILLINGER","SQUARE","BANKING ","8/3/2026","WY ","FILED","43.8"
"CANDIDATE COMMITTEE","COMMITTEE TO ELECT EARL COLLIER FOR HOUSE DISTRICT 3","OUT OF THE BOX PERFORMANCE","PRINTING","8/3/2026","WY ","FILED","4561.9"
"CANDIDATE COMMITTEE","COMMITTEE TO ELECT ELISSA CAMPBELL","AMBI","CAMPAIGN YARD SIGNS, BUTTONS, PENS, ETC.","8/3/2026","CASPER, WY 82601","FILED","258.83"
"CANDIDATE COMMITTEE","COMMITTEE TO ELECT JESSICA CROWDER","PBR PRINTING","PRINTING","8/3/2026","CHEYENNE, WY 82009","FILED","304.64"
"CANDIDATE COMMITTEE","COMMITTEE TO ELECT JESSICA CROWDER","RIGHT INSIGHT","ADVERTISING - MISC.","8/3/2026","BOISE, ID 83701","FILED","69.55"
"CANDIDATE COMMITTEE","COMMITTEE TO ELECT KEN PENDERGRAFT","CO OP","TRAVEL (HOTEL, GAS, ETC.)","8/3/2026","WY ","FILED","86.71"
"CANDIDATE COMMITTEE","COMMITTEE TO ELECT KEN PENDERGRAFT","USPS","POSTAGE","8/3/2026","WY ","FILED","153.91"
"CANDIDATE COMMITTEE","COMMITTEE TO ELECT OGDEN DRISKILL","COFFEE CUP","TRAVEL (HOTEL, GAS, ETC.)","8/3/2026","SUNDANCE, WY 82729","FILED","62.17"
"CANDIDATE","DEB MUTTER SHAMLEY ","OUT OF THE BOX PERFORMANCE","PRINTING","8/3/2026","CHEYENNE, WY 82001","FILED","2103.32"
"CANDIDATE","DONNA KAY RICE ","AMAZON ON WEB SERVICE","ADVERTISING - DIGITAL","8/3/2026","","FILED","20.33"
"CANDIDATE","DONNA KAY RICE ","FACEBOOK","ADVERTISING - DIGITAL","8/3/2026","","FILED","58.79"
"CANDIDATE","DONNA KAY RICE ","USPS","POSTAGE","8/3/2026","CASPER, WY 82601","FILED","128.05"
"CANDIDATE","DONNA KAY RICE ","USPS","POSTAGE","8/3/2026","CASPER, WY 82601","FILED","129.7"
"CANDIDATE","DONNA KAY RICE ","USPS","POSTAGE","8/3/2026","CASPER, WY 82601","FILED","236.05"
"CANDIDATE","DONNA KAY RICE ","USPS","POSTAGE","8/3/2026","CASPER, WY 82601","FILED","419.4"
"CANDIDATE","DONNA KAY RICE ","USPS","POSTAGE","8/3/2026","CASPER, WY 82601","FILED","112.25"
"CANDIDATE COMMITTEE","FORNSTROM FOR HD10","US POSTAL SERVICE","POSTAGE","8/3/2026","PINE BLUFFS, WY 82082","FILED","82"
"CANDIDATE COMMITTEE","FRIENDS OF CJ YOUNG","AAFES","TRAVEL (HOTEL, GAS, ETC.)","8/3/2026","CHEYENNE, WY 82001","FILED","23.5"
"CANDIDATE COMMITTEE","FRIENDS OF CJ YOUNG","MAVERIK","FOOD AND BEVERAGES","8/3/2026","SARATOGA, WY 82331","FILED","13.85"
"CANDIDATE COMMITTEE","FRIENDS OF CJ YOUNG","MCDONALDS","FOOD AND BEVERAGES","8/3/2026","LARAMIE, WY 82070","FILED","11.44"
"CANDIDATE COMMITTEE","FRIENDS OF CJ YOUNG","META","ADVERTISING - DIGITAL","8/3/2026","BURBANK, CA 94025","FILED","25"
"CANDIDATE COMMITTEE","FRIENDS OF CJ YOUNG","META","ADVERTISING - DIGITAL","8/3/2026","BURBANK, CA 94025","FILED","24.88"
"CANDIDATE COMMITTEE","FRIENDS OF CJ YOUNG","WARREN SHOPETTE ","FOOD AND BEVERAGES","8/3/2026","CHEYENNE, WY 82001","FILED","11.97"
"CANDIDATE COMMITTEE","FRIENDS OF JULIE JARVIS","GOOGLE GSUITE","GRAPHICS/WEBSITE FEES","8/3/2026","MOUNTAIN VIEW, CA 94043","FILED","26.4"
"CANDIDATE","JAYME LIEN ","EXXON","TRAVEL (HOTEL, GAS, ETC.)","8/3/2026","WY ","FILED","52.25"
"CANDIDATE","JEREMY MICHAEL HAROLDSON ","KELLYS CONVENIENCE ","TRAVEL (HOTEL, GAS, ETC.)","8/3/2026","WY ","FILED","72.01"
"CANDIDATE","JEREMY MICHAEL HAROLDSON ","MAVERIK ","TRAVEL (HOTEL, GAS, ETC.)","8/3/2026","WY ","FILED","51.21"
"CANDIDATE","JEREMY MICHAEL HAROLDSON ","MOREYS STEAK HOUSE ","FOOD AND BEVERAGES","8/3/2026","WY ","FILED","68.1"
"CANDIDATE","JEREMY MICHAEL HAROLDSON ","WILD MUSTANGE RESTAURANT ","FOOD AND BEVERAGES","8/3/2026","WY ","FILED","38.87"
"CANDIDATE COMMITTEE","JIM ANDERSON FOR STATE SENATE","DRISKOLL FOR SENATE","CONSULTING","8/3/2026","HULETT, WY ","FILED","250"
"CANDIDATE COMMITTEE","KOLTISKA FOR SHERIDAN","FACEBOOK","ADVERTISING - DIGITAL","8/3/2026","MENLO PARK, CA 94025","FILED","11.14"
"CANDIDATE COMMITTEE","LAUREN SCHOENFELD FOR WYOMING","PBR PRINTING","PRINTING","8/3/2026","CHEYENNE, WY 82009","FILED","220.85"
"CANDIDATE","LEVI ASAY ","4OINTERNATIONALLLC","PRINTING","8/3/2026","","FILED","287.34"
"CANDIDATE COMMITTEE","MARK JENNINGS FOR HOUSE DISTRICT 30","UPS STORE","PRINTING","8/3/2026","SHERIDAN, WY 82801","FILED","662.5"
"CANDIDATE COMMITTEE","MARK JENNINGS FOR HOUSE DISTRICT 30","WALMART","OFFICE SUPPLIES","8/3/2026","SHERIDAN, WY 82801","FILED","39.19"
"CANDIDATE COMMITTEE","MARK JENNINGS FOR HOUSE DISTRICT 30","WALMART","OFFICE SUPPLIES","8/3/2026","SHERIDAN, WY 82801","FILED","29.09"
"CANDIDATE COMMITTEE","MEGAN FOR GOVERNOR","GOOGLE WORKSPACE","ADVERTISING - DIGITAL","8/3/2026","MOUNTAIN VIEW, CA 94043","FILED","1438.81"
"CANDIDATE COMMITTEE","MEGAN FOR GOVERNOR","META PLATFORMS (FACEBOOK)","ADVERTISING - DIGITAL","8/3/2026","MENLO PARK, CA 94025","FILED","450"
"CANDIDATE","PAUL V HOEFT ","HEART MOUNTAIN BROADCASTING","ADVERTISING - RADIO","8/3/2026","POWELL, WY 82435","FILED","372"
"CANDIDATE","PAUL V HOEFT ","KPOW RADIO","ADVERTISING - RADIO","8/3/2026","POWELL, WY 82435","FILED","186"
"CANDIDATE","PAUL V HOEFT ","POWELL TRIBUNE","ADVERTISING - NEWSPAPER","8/3/2026","POWELL, WY 82435","FILED","1568.75"
"CANDIDATE COMMITTEE","QUIN BLAIR FOR HOUSE DISTRICT 24","RIGHT INSIGHT","CONSULTING","8/3/2026","WY ","FILED","102.13"
"CANDIDATE","SCOTT HEINER ","WESTAR PRINTING","ADVERTISING - MISC.","8/3/2026","EVANSTON, WY 82930","FILED","1813.76"
"CANDIDATE COMMITTEE","SERVER FOR WY","MENARDS","OFFICE SUPPLIES","8/3/2026","WY ","FILED","52.03"
"CANDIDATE","SHANE SWETT ","WIN DIAS","CONSULTING","8/3/2026","82070, WY ","FILED","2800"
"CANDIDATE COMMITTEE","SINGH FOR WYOMING","WINRED.COM","BANKING ","8/3/2026","WY ","FILED","20.51"
"CANDIDATE COMMITTEE","SPECKNER FOR HOUSE DISTRICT 5","RIGHT INSIGHT","GRAPHICS/WEBSITE FEES","8/3/2026","","FILED","84.08"
"CANDIDATE","TAFT CARROLL LOVE ","ACE HARDWARE ","CAMPAIGN YARD SIGNS, BUTTONS, PENS, ETC.","8/3/2026","WHEATLAND, WY ","FILED","36.01"
"CANDIDATE","TAFT CARROLL LOVE ","TEXAS TRAIL MARKET","ADVERTISING - MISC.","8/3/2026","PINE BLUFFS, WY ","FILED","44.95"
"CANDIDATE","TINA JOHNSON ","OUT OF THE BOX PERFORMANCE","ADVERTISING - MISC.","8/3/2026","WY ","FILED","3074.13"
"CANDIDATE","TOM PETTY ","JRS SIGN SHOP","ADVERTISING - DIGITAL","8/3/2026","CHEYENNE, WY 82009","FILED","200"
"CANDIDATE COMMITTEE","TONY NIEMIEC FOR WYOMING","MAJORITY STRATEGIES LLC","ADVERTISING - DIGITAL","8/3/2026","DALLAS, TX 75267","FILED","8273.86"
"CANDIDATE COMMITTEE","VOTE BOLLER HD52 ","WALGREENS","FOOD AND BEVERAGES","8/3/2026","GILLETTE, WY 82716","FILED","28.98"
"CANDIDATE","WENDY DAVIS SCHULER ","POSTCARD MANIA","GRAPHICS/WEBSITE FEES","8/3/2026","CLEARWATER, FL ","FILED","1500"
"CANDIDATE COMMITTEE","WILLIAMS 4 WYOMING","RMC","CONSULTING","8/3/2026","LAS VEGAS, NV 89117","FILED","31.23"
"CANDIDATE COMMITTEE","WILLOX FOR WYOMING","KKTY RADIO","ADVERTISING - RADIO","8/3/2026","DOUGLAS, WY 82633","FILED","442"
"CANDIDATE COMMITTEE","WRIGHT4WYOMING","INSIGHT RIGHT","ADVERTISING - MISC.","8/3/2026","","FILED","78.33"
"CANDIDATE COMMITTEE","WRIGHT4WYOMING","TOWNSQUARE MEDIA","ADVERTISING - RADIO","8/3/2026","","FILED","1920"
"CANDIDATE COMMITTEE","WRIGHT4WYOMING","WYOMARKETING TALK SHOP","ADVERTISING - RADIO","8/3/2026","","FILED","183.95"
"CANDIDATE COMMITTEE","ANA 4 WYOMING","AMAZON","CAMPAIGN YARD SIGNS, BUTTONS, PENS, ETC.","8/2/2026","WY ","FILED","357.08"
"CANDIDATE COMMITTEE","BECKER COMMITTEE","OFFICE DEPOT","CAMPAIGN YARD SIGNS, BUTTONS, PENS, ETC.","8/2/2026","CHEYENNE, WY 82001","FILED","154.3"
"CANDIDATE COMMITTEE","BIGELOW FOR HD51","ALPHAGRAPHICS","PRINTING","8/2/2026","SHERIDAN, WY 82801","FILED","387.83"
"CANDIDATE COMMITTEE","BIGELOW FOR HD51","HOME DEPOT","OFFICE SUPPLIES","8/2/2026","SHERIDAN, WY 82801","FILED","136.87"
"CANDIDATE","CALE CASE ","AMBI MAIL","ADVERTISING - MISC.","8/2/2026","WY ","FILED","629.3"
"CANDIDATE","CHRISTOPHER DRESANG ","RUMBLEUP","ADVERTISING - DIGITAL","8/2/2026","WY ","FILED","641.76"
"CANDIDATE COMMITTEE","COMMITTEE TO ELECT ANNE ZIEGENHORN","BIG D OIL","FOOD AND BEVERAGES","8/2/2026","WRIGHT, WY 82732","FILED","21.52"
"CANDIDATE COMMITTEE","COMMITTEE TO ELECT JIM VANDYKE","ACTBLUE - CONTRIBUTION PROCESSING FEES","BANKING ","8/2/2026","BOSTON, MA 02196","FILED","1.05"
"CANDIDATE COMMITTEE","COMMITTEE TO ELECT OGDEN DRISKILL","PRIME RIB","ENTERTAINMENT","8/2/2026","GILLETTE, WY 82718","FILED","273.79"
"CANDIDATE COMMITTEE","COMMITTEE TO ELECT OGDEN DRISKILL","YOUTH LIVESTOCK SALE","ADVERTISING - MISC.","8/2/2026","GILLETTE, WY 82718","FILED","1200"
"CANDIDATE COMMITTEE","COMMITTEE TO ELECT ROBERT WHARFF","WESTARPRINTING","CAMPAIGN YARD SIGNS, BUTTONS, PENS, ETC.","8/2/2026","EVANSTON, WY 82930","FILED","91.88"
"CANDIDATE COMMITTEE","CONNOLLY FOR STATE HOUSE","WINRED","ADVERTISING - DIGITAL","8/2/2026","CHEYNNE, WY 82001","FILED","61.52"
"CANDIDATE COMMITTEE","EDWARDS FOR WYOMING","WALMART","OFFICE SUPPLIES","8/2/2026","CHEYENNE, WY 82009","FILED","12.42"
"CANDIDATE","KEVIN JOHN CAMPBELL ","COWBOY STATE BREWERY","FOOD AND BEVERAGES","8/2/2026","GLENROCK, WY ","FILED","306.67"
"CANDIDATE COMMITTEE","LAUREN SCHOENFELD FOR WYOMING","PBR PRINTING","CAMPAIGN YARD SIGNS, BUTTONS, PENS, ETC.","8/2/2026","CHEYENNE, WY 82009","FILED","231"
"CANDIDATE","LISA WILSON ","DOLLAR GENERAL","CAMPAIGN YARD SIGNS, BUTTONS, PENS, ETC.","8/2/2026","LANDER, WY 82520","FILED","3.15"
"CANDIDATE COMMITTEE","LYTTLE FOR HOUSE","ACTBLUE - CONTRIBUTION PROCESSING FEES","BANKING ","8/2/2026","BOSTON, MA 02196","FILED","3.48"
"CANDIDATE COMMITTEE","LYTTLE FOR HOUSE","ACTBLUE - CONTRIBUTION PROCESSING FEES","BANKING ","8/2/2026","BOSTON, MA 02196","FILED","1.05"
"CANDIDATE","MEAGAN HERRINGTON ","FACEBOOK","ADVERTISING - DIGITAL","8/2/2026","WY ","FILED","41"
"CANDIDATE COMMITTEE","MYCA FOR SHERIDAN","ALPHA GRAPHICS","PRINTING","8/2/2026","WY ","FILED","348.15"
"CANDIDATE COMMITTEE","RAH FOR HD17","STAPLES","PRINTING","8/2/2026","ROCK SPRINGS, WY 82901","FILED","87.77"
"CANDIDATE","ROY BIRT ","WY REPUBLICAN PARTY","TRAINING MATERIALS","8/2/2026","CHEYENNE, WY 82003","FILED","50"
"CANDIDATE COMMITTEE","SHORT FOR STATE","MILLER'S SINCLAIR","TRAVEL (HOTEL, GAS, ETC.)","8/2/2026","WY ","FILED","35.31"
"CANDIDATE COMMITTEE","SINGH FOR WYOMING","MENARDS","CAMPAIGN YARD SIGNS, BUTTONS, PENS, ETC.","8/2/2026","WY ","FILED","164.55"
"CANDIDATE COMMITTEE","STORER FOR STATE HOUSE","STRIPE","ADMINISTRATIVE COSTS","8/2/2026","SAN FRANCISCO, CA 94103","FILED","814.05"
"CANDIDATE","TREY LYNN SHERWOOD ","AMAZON","OFFICE SUPPLIES","8/2/2026","SEATTLE, WA 98109","FILED","16.79"
"CANDIDATE","WENDY DAVIS SCHULER ","SUMMIT FUELS","TRAVEL (HOTEL, GAS, ETC.)","8/2/2026","EVANSTON, WY 82930","FILED","63.16"
"CANDIDATE COMMITTEE","WRIGHT4WYOMING","WOLF CREEK BROADCASTING","ADVERTISING - RADIO","8/2/2026","","FILED","487.5"
"CANDIDATE COMMITTEE","ALLEN HOGG FOR WYOMING","GOOGLE WORKSPACE","ADVERTISING - MISC.","8/1/2026"," , WY ","FILED","8.4"
"CANDIDATE COMMITTEE","ANN LUCAS 4 WYOMING","PAYPAL","BANKING ","8/1/2026","CHEYENNE, WY 82007","FILED","75.14"
"CANDIDATE COMMITTEE","BARLOW FOR WYOMING","GOOGLE","IT SERVICES","8/1/2026","MOUNTAIN VIEW, CA 94043","FILED","569.89"
"CANDIDATE COMMITTEE","BARLOW FOR WYOMING","SQUARE SPACE","BANKING ","8/1/2026","NEW YORK , NY 10001","FILED","36"
"CANDIDATE COMMITTEE","BARLOW FOR WYOMING","UPSLOPE MEDIA","ADVERTISING - NEWSPAPER","8/1/2026","CASPER, WY 82602","FILED","500"
"CANDIDATE COMMITTEE","BEN HORNOK FOR WY","AMERICAN POSTAL SERVICE","OTHER: MAILBOX","8/1/2026","CHEYENNE, WY 82007","FILED","17"
"CANDIDATE","BILL JAMES ALLEMAND ","LIBERTY CONCIERGE SERVICES","ADVERTISING - DIGITAL","8/1/2026","CASPER, WY 82601","FILED","1879.6"
"CANDIDATE COMMITTEE","BRENNAN FOR SENATE","WIX.COM","ADMINISTRATIVE COSTS","8/1/2026","","PUBLISHED","68.8"
"CANDIDATE","CHRISTOPHER DRESANG ","USPS","SHIPPING","8/1/2026","WY ","FILED","82"
"CANDIDATE COMMITTEE","COMMITTEE TO ELECT ANNE ZIEGENHORN","M AND G OIL","TRAVEL (HOTEL, GAS, ETC.)","8/1/2026","GILLETTE, WY 82716","FILED","56.82"
"CANDIDATE COMMITTEE","COMMITTEE TO ELECT GARY BROWN ","WALMART","OFFICE SUPPLIES","8/1/2026","WY ","FILED","26.48"
"CANDIDATE COMMITTEE","COMMITTEE TO ELECT KRISTI RACINES","GOOGLE","GRAPHICS/WEBSITE FEES","8/1/2026","","FILED","8.4"
"CANDIDATE COMMITTEE","COMMITTEE TO ELECT OGDEN DRISKILL","CROOK COUNT JR. LIVESTOCK SALE","ADVERTISING - MISC.","8/1/2026","SUNDANCEW, WY 82729","FILED","4600"
"CANDIDATE COMMITTEE","DAVID HILL FOR HOUSE DISTRICT 50","AMIR HASKIC","FOOD AND BEVERAGES","8/1/2026","WY ","FILED","600"
"CANDIDATE COMMITTEE","DAVID HILL FOR HOUSE DISTRICT 50","YOUTH FOR JUSTICE","FACILITY FEE","8/1/2026","WY ","FILED","50"
"CANDIDATE","DONNA KAY RICE ","USPS","POSTAGE","8/1/2026","CASPER, WY 82601","FILED","781.75"
"CANDIDATE","DONNA KAY RICE ","USPS","POSTAGE","8/1/2026","CASPER, WY 82601","FILED","7.9"
"CANDIDATE","EXIE R BROWN JR","DSW","ADVERTISING - DIGITAL","8/1/2026","CHEYENNE, WY 82009","FILED","800"
"CANDIDATE COMMITTEE","FRIENDS OF JULIE JARVIS","FACEBOOK","ADVERTISING - DIGITAL","8/1/2026","MENLO PARK, CA 94025","FILED","500"
"CANDIDATE COMMITTEE","FRIENDS OF JULIE JARVIS","STICKER MULE","CAMPAIGN YARD SIGNS, BUTTONS, PENS, ETC.","8/1/2026","AMSTERDAM, NY 12010","FILED","692.49"
"CANDIDATE COMMITTEE","FRIENDS OF MARK GORDON","GOOGLE APPS","GRAPHICS/WEBSITE FEES","8/1/2026","MOUNTAIN VIEW, CA 94043","FILED","58.8"
"CANDIDATE","JOHN F WETZEL ","POWELL TRIBUNE","ADVERTISING - DIGITAL","8/1/2026","POWELL, WY 82435","FILED","300"
"CANDIDATE","JOHN F WETZEL ","SCOTT LARSEN DESIGN","GRAPHICS/WEBSITE FEES","8/1/2026","POWELL, WY 82435","FILED","455"
"CANDIDATE COMMITTEE","KELLER FOR WYO","GOOGLE","ADVERTISING - DIGITAL","8/1/2026","MOUNTAIN VIEW, CA 94043","FILED","25.2"
"CANDIDATE COMMITTEE","KENNETH D. ROBERTS","ELECTION HIVE","CONSULTING","8/1/2026","SALT LAKE CITY, UT 84010","FILED","1027.22"
"CANDIDATE COMMITTEE","KENNETH D. ROBERTS","ELECTION HIVE","CONSULTING","8/1/2026","WY ","FILED","82.19"
"CANDIDATE COMMITTEE","KEVIN HELLING FOR WYOMING","GOOGLE WORKSPACE","IT SERVICES","8/1/2026","MOUNTAIN VIEW, CA 94043","FILED","26.4"
"CANDIDATE","KEVIN JOHN CAMPBELL ","RIDLEYS","FOOD AND BEVERAGES","8/1/2026","CASPER, WY ","FILED","54.23"
"CANDIDATE","MATTHEW HURT ","AMAZON","OFFICE SUPPLIES","8/1/2026","CHEYENNE, WY 82001","FILED","22.58"
"CANDIDATE","MATTHEW HURT ","DAZBOG COFFEE","FOOD AND BEVERAGES","8/1/2026","CHEYENNE, WY 82001","FILED","105.96"
"CANDIDATE","MATTHEW HURT ","DELECTABLE DONUTS","FOOD AND BEVERAGES","8/1/2026","CHEYENNE, WY 82001","FILED","160"
"CANDIDATE","R. J. KOST ","CROFT MARKETING GROUP LLC","GRAPHICS/WEBSITE FEES","8/1/2026","POWELL, WY 82435","FILED","99"
"CANDIDATE COMMITTEE","RAH FOR HD17","RUN! WEBSITE BUILDER","GRAPHICS/WEBSITE FEES","8/1/2026","MIDDLETOWN, DE 19709","FILED","50"
"CANDIDATE COMMITTEE","REINER FOR WYOMING","GOOGLE WORKSPACE","IT SERVICES","8/1/2026","CA ","FILED","26.4"
"CANDIDATE COMMITTEE","REINER FOR WYOMING","RIGHT INSIGHT","ADVERTISING - DIGITAL","8/1/2026","ID ","FILED","116.79"
"CANDIDATE","SCOTT HEINER ","GOLDEN BUCKLE","FOOD AND BEVERAGES","8/1/2026","COKEVILLE, WY 83114","FILED","229.57"
"CANDIDATE COMMITTEE","SHANNON A. BRENNAN FOR WY HOUSE D23","SQUARESPACE, INC.","IT SERVICES","8/1/2026","NY ","FILED","36"
"CANDIDATE COMMITTEE","SHORT FOR STATE","MAVERICK","TRAVEL (HOTEL, GAS, ETC.)","8/1/2026","WY ","FILED","131.74"
"CANDIDATE COMMITTEE","THE FRIENDS TO ELECT MARK JONES","DOLLAR GENERAL","FOOD AND BEVERAGES","8/1/2026","BUFFALO, WY 82834","FILED","10"
"CANDIDATE COMMITTEE","THE PEOPLE FOR PROVENZA","GOOGLE","GRAPHICS/WEBSITE FEES","8/1/2026","","FILED","112"
"CANDIDATE","TONY LOCKE ","STRIPE","BANKING ","8/1/2026","","FILED","30.17"
"CANDIDATE COMMITTEE","ALLEN HOGG FOR WYOMING","RIGHT INSIGHT","ADVERTISING - DIGITAL","7/31/2026","WY ","FILED","96.19"
"CANDIDATE COMMITTEE","BARLOW FOR WYOMING","AXIOM STRATEGIES","ADVERTISING - MISC.","7/31/2026","KANSAS CITY, MO 64112","FILED","29211"
"CANDIDATE COMMITTEE","BARLOW FOR WYOMING","FACEBOOK","ADVERTISING - DIGITAL","7/31/2026","MENLO PARK, CA 94025","FILED","605.56"
"CANDIDATE COMMITTEE","BARLOW FOR WYOMING","SVI MEDIA","ADVERTISING - NEWSPAPER","7/31/2026","AFTON, WY 83110","FILED","270"
"CANDIDATE COMMITTEE","BARLOW FOR WYOMING","WINRED","BANKING ","7/31/2026","ALEXANDRIA, VA 22314","FILED","4810.41"
"CANDIDATE COMMITTEE","BEN HORNOK FOR WY","PBR PRINTING","POSTAGE","7/31/2026","CHEYENNE, WY 82009","FILED","1203.61"
"CANDIDATE COMMITTEE","BEN HORNOK FOR WY","PBR PRINTING","PRINTING","7/31/2026","CHEYENNE, WY 82009","FILED","1229.09"
"CANDIDATE COMMITTEE","BIGELOW FOR HD51","ALPHAGRAPHICS","PRINTING","7/31/2026","SHERIDAN, WY 82801","FILED","46.66"
"CANDIDATE COMMITTEE","BIGELOW FOR HD51","ALPHAGRAPHICS","PRINTING","7/31/2026","SHERIDAN, WY 82801","FILED","773.4"
"CANDIDATE COMMITTEE","BINGHAM FOR WYOMING","WALMART","OFFICE SUPPLIES","7/31/2026","WY ","FILED","41.14"
"CANDIDATE COMMITTEE","BRENT BIEN FOR GOVERNOR","COWBOY STATE DAILY","ADVERTISING - DIGITAL","7/31/2026","WY ","FILED","3000"
"CANDIDATE COMMITTEE","BRENT BIEN FOR GOVERNOR","FACEBOOK","ADVERTISING - DIGITAL","7/31/2026","WY ","FILED","214"
"CANDIDATE COMMITTEE","BUTCHER FOR WYOMING","ALPHAGRAPHICS","CAMPAIGN YARD SIGNS, BUTTONS, PENS, ETC.","7/31/2026","WY ","FILED","51.22"
"CANDIDATE COMMITTEE","BUTCHER FOR WYOMING","ALPHAGRAPHICS","CAMPAIGN YARD SIGNS, BUTTONS, PENS, ETC.","7/31/2026","WY ","FILED","2347.99"
"CANDIDATE","CALE CASE ","WESTERN PRINTING","PRINTING","7/31/2026","LANDER, WY 82520","FILED","878.72"
"CANDIDATE COMMITTEE","CARLIN JONES FOR WYOMING","CHINATOWN","FOOD AND BEVERAGES","7/31/2026","CODY, WY ","FILED","112.53"
"CANDIDATE COMMITTEE","CARLIN JONES FOR WYOMING","SECURITY STATE BANK","BANKING ","7/31/2026","BASIN, WY ","FILED","8"
"CANDIDATE COMMITTEE","CARLIN JONES FOR WYOMING","THERMOP INDEPENDENT RECORD","ADVERTISING - NEWSPAPER","7/31/2026","THERMOPOLIS, WY ","FILED","1833.3"
"CANDIDATE","CLARENCE L STYVAR ","AMBI","ADVERTISING - MISC.","7/31/2026","CASPER, WY 82602","FILED","1460.28"
"CANDIDATE COMMITTEE","COALITION TO ELECT JOHN BEAR","OFFICE DEPOT","PRINTING","7/31/2026","GILLETTE, WY ","FILED","41.81"
"CANDIDATE COMMITTEE","COMMITTEE TO ELECT ANNE ZIEGENHORN","CAMPCO FEDERAL CREDIT UNION","BANKING ","7/31/2026","WRIGHT, WY 82732","FILED","5"
"CANDIDATE COMMITTEE","COMMITTEE TO ELECT ANNE ZIEGENHORN","WALMART","ADVERTISING - MISC.","7/31/2026","GILLETTE, WY 82718","FILED","37.89"
"CANDIDATE COMMITTEE","COMMITTEE TO ELECT BOYD O. WIGGAM ","PBR PRINTING","PRINTING","7/31/2026","CHEYENNE, WY 82009","FILED","268.43"
"CANDIDATE COMMITTEE","COMMITTEE TO ELECT CHIP NEIMAN SENATE DISTRICT 1","ICE CREAM TRUCK","FOOD AND BEVERAGES","7/31/2026","GILLETTE, WY 82717","FILED","300"
"CANDIDATE COMMITTEE","COMMITTEE TO ELECT CURT MEIER","TOWN OF DAYTON","FACILITY FEE","7/31/2026","DAYTON, WY 82836","FILED","300"
"CANDIDATE COMMITTEE","COMMITTEE TO ELECT DOUGLAS MOORE","SQUARE","BANKING ","7/31/2026","WY ","FILED","282.07"
"CANDIDATE COMMITTEE","COMMITTEE TO ELECT JESSICA CROWDER","INVENCIO","OTHER: PHONE CALLS","7/31/2026","ARECIBO, PR 00614","FILED","2000"
"CANDIDATE COMMITTEE","COMMITTEE TO ELECT JIM VANDYKE","AMAZON - POSTER PAPER","OFFICE SUPPLIES","7/31/2026","SEATLE, WA 98109","FILED","87.3"
"CANDIDATE COMMITTEE","COMMITTEE TO ELECT KEN PENDERGRAFT","WAL MART","OFFICE SUPPLIES","7/31/2026","WY ","FILED","5.7"
"CANDIDATE COMMITTEE","COMMITTEE TO ELECT LAURIE BRATTEN","ANEDOT","BANKING ","7/31/2026","NEW ORLEAN, LA 70112","FILED","4.3"
"CANDIDATE COMMITTEE","COMMITTEE TO ELECT MARK RINNE","JONAH BANK","BANKING ","7/31/2026","82009, WY ","FILED","3.13"
"CANDIDATE COMMITTEE","COMMITTEE TO ELECT OGDEN DRISKILL","ARROW SERVICE","TRAVEL (HOTEL, GAS, ETC.)","7/31/2026","UPTON, WY 82730","FILED","42.17"
"CANDIDATE COMMITTEE","COMMITTEE TO ELECT OGDEN DRISKILL","STOP LLC","TRAVEL (HOTEL, GAS, ETC.)","7/31/2026","SUNDANCE, WY 82729","FILED","73.16"
"CANDIDATE COMMITTEE","COMMITTEE TO ELECT TOM KELLY","SHERIDAN COUNTY FEDERAL CREDIT UNION","BANKING ","7/31/2026","WY ","FILED","10"
"CANDIDATE COMMITTEE","COMMITTEE TO ELECT TROY CLAYCOMB","TROY CLAYCOMB","TRAVEL (HOTEL, GAS, ETC.)","7/31/2026","UPTON, WY 82730","FILED","362.25"
"CANDIDATE COMMITTEE","COMMITTEE TO ELECT TROY CLAYCOMB","TROY CLAYCOMB","TRAVEL (HOTEL, GAS, ETC.)","7/31/2026","UPTON, WY 82730","FILED","456.75"
"CANDIDATE COMMITTEE","CONNOLLY FOR STATE HOUSE","ANB","BANKING ","7/31/2026","BUFFALO, WY 82834","FILED","5"
"CANDIDATE COMMITTEE","DAVID HILL FOR HOUSE DISTRICT 50","WALMART","ADVERTISING - MISC.","7/31/2026","WY ","FILED","13.97"
"CANDIDATE COMMITTEE","DEGENFELDER FOR WYOMING","JONAH BANK","BANKING ","7/31/2026","WY ","FILED","3.12"
"CANDIDATE","DONNA KAY RICE ","FACEBOOK","ADVERTISING - DIGITAL","7/31/2026","","FILED","41"
"CANDIDATE","DONNA KAY RICE ","GOOGLE","GRAPHICS/WEBSITE FEES","7/31/2026","MOUNTAIN VIEW, CA 9043","FILED","39.6"
"CANDIDATE","DONNA KAY RICE ","USPS","POSTAGE","7/31/2026","CASPER, WY 82601","FILED","47.4"
"CANDIDATE COMMITTEE","ERICKSON FOR HD 37","STAPLES","OTHER: INVITATIONS FOR MEET AND GREET","7/31/2026","WY ","FILED","17.01"
"CANDIDATE COMMITTEE","FRIENDS OF CJ YOUNG","2 DOORS DOWN","FOOD AND BEVERAGES","7/31/2026","CHEYENNE, WY 82001","FILED","16.7"
"CANDIDATE COMMITTEE","FRIENDS OF CJ YOUNG","GOLDEN HOUSE","FOOD AND BEVERAGES","7/31/2026","CHEYENNE, WY 82001","FILED","28.95"
"CANDIDATE COMMITTEE","FRIENDS OF CJ YOUNG","STARBUCKS","FOOD AND BEVERAGES","7/31/2026","CHEYENNE, WY 82001","FILED","42"
"CANDIDATE COMMITTEE","FRIENDS OF JULIE JARVIS","FACEBOOK","ADVERTISING - DIGITAL","7/31/2026","MENLO PARK, CA 94025","FILED","522.25"
"CANDIDATE COMMITTEE","HARSHMAN FOR WYOMING","AMBI","CAMPAIGN YARD SIGNS, BUTTONS, PENS, ETC.","7/31/2026","CASPER, WY 82601","FILED","1151.33"
"CANDIDATE COMMITTEE","HARSHMAN FOR WYOMING","SAMS CLUB","CAMPAIGN YARD SIGNS, BUTTONS, PENS, ETC.","7/31/2026","CASPER, WY 82609","FILED","90.86"
"CANDIDATE COMMITTEE","IDE FOR SENATE","RED MOUNTAIN DIRECT LLC","ADVERTISING - MISC.","7/31/2026","CASPER, WY 82601","FILED","8551"
"CANDIDATE COMMITTEE","IDE FOR SENATE","UPSLOPE MEDIA","ADVERTISING - DIGITAL","7/31/2026","CASPER, WY 82601","FILED","500"
"CANDIDATE","JAMES TEMPLE ","U.S. POST OFFICE","POSTAGE","7/31/2026","WY ","FILED","1079.1"
"CANDIDATE","JEREMY MICHAEL HAROLDSON ","SAMS","CAMPAIGN YARD SIGNS, BUTTONS, PENS, ETC.","7/31/2026","WY ","FILED","96.63"
"CANDIDATE COMMITTEE","JRFORHOUSE59","SUTHERLANDS","CAMPAIGN YARD SIGNS, BUTTONS, PENS, ETC.","7/31/2026","CASPER, WY 82604","FILED","33.56"
"CANDIDATE COMMITTEE","KOLTISKA FOR SHERIDAN","FACEBOOK","ADVERTISING - DIGITAL","7/31/2026","MENLO PARK, CA 94025","FILED","24"
"CANDIDATE","LISA L. ENGEBRETSEN ","PROFIT PANDAS","ADVERTISING - DIGITAL","7/31/2026","SHERIDAN, WY 82801","FILED","500"
"CANDIDATE","LISA WILSON ","CENTRAL BANK & TRUST","BANKING ","7/31/2026","LANDER, WY 82520","FILED","2"
"CANDIDATE","LLOYD CHARLES LARSEN ","WESTERN PRINTING","PRINTING","7/31/2026","LANDER, WY 82520","FILED","374.29"
"CANDIDATE","MARCIA JOANN NEUMILLER ","USPS","SHIPPING","7/31/2026","CASPER, WY 82602","FILED","82"
"CANDIDATE COMMITTEE","MARK JENNINGS FOR HOUSE DISTRICT 30","SHERIDAN MEDIA","ADVERTISING - NEWSPAPER","7/31/2026","SHERIDAN, WY 82801","FILED","86"
"CANDIDATE","MARLENE BRADY ","OUT OF THE BOX PERFORMANCE","PRINTING","7/31/2026","COLORADO SPRINGS, CO 80909","FILED","2176.96"
"CANDIDATE","MATTHEW HURT ","AMAZON","OFFICE SUPPLIES","7/31/2026","CHEYENNE, WY 82001","FILED","17.84"
"CANDIDATE","MATTHEW HURT ","AMAZON","OFFICE SUPPLIES","7/31/2026","CHEYENNE, WY 82001","FILED","21.19"
"CANDIDATE","MEAGAN HERRINGTON ","ADAMS MEDIA","ADVERTISING - DIGITAL","7/31/2026","WY ","FILED","325"
"CANDIDATE COMMITTEE","MEGAN FOR GOVERNOR","CHAIN BRIDGE BANK, N.A.","BANKING ","7/31/2026","MCLEAN, VA 22101","FILED","125"
"CANDIDATE COMMITTEE","MEGAN FOR GOVERNOR","CHARLOTTE JONES","CONSULTING","7/31/2026","LARAMIE, WY 82070","FILED","1189.37"
"CANDIDATE COMMITTEE","MEGAN FOR GOVERNOR","GOOGLE WORKSPACE","ADVERTISING - DIGITAL","7/31/2026","MOUNTAIN VIEW, CA 94043","FILED","500"
"CANDIDATE COMMITTEE","MEGAN FOR GOVERNOR","JEREMY CLAEYS","CAMPAIGN YARD SIGNS, BUTTONS, PENS, ETC.","7/31/2026","SALINA, KS 67402","FILED","221.35"
"CANDIDATE COMMITTEE","MEGAN FOR GOVERNOR","META PLATFORMS (FACEBOOK)","ADVERTISING - DIGITAL","7/31/2026","MENLO PARK, CA 94025","FILED","300"
"CANDIDATE COMMITTEE","MEGAN FOR GOVERNOR","SRCP MEDIA","ADVERTISING - MISC.","7/31/2026","ALEXANDRIA, VA 22314","FILED","130781"
"CANDIDATE COMMITTEE","MEGAN FOR GOVERNOR","TABLE COVERS NOW","ENTERTAINMENT","7/31/2026","STAFFORD, TX 77477","FILED","297.67"
"CANDIDATE COMMITTEE","MEGAN FOR GOVERNOR","WINRED TECHNICAL SERVICES","BANKING ","7/31/2026","CHEYENNE, WY 82001","FILED","46.93"
"CANDIDATE COMMITTEE","MYCA FOR SHERIDAN","USPS","POSTAGE","7/31/2026","WY ","FILED","82"
"CANDIDATE","PAUL L WING ","MINUTEMAN PRESS","GRAPHICS/WEBSITE FEES","7/31/2026","CHEYENNE, WY 82001","FILED","94.34"
"CANDIDATE COMMITTEE","REINER FOR WYOMING","LOWES","CAMPAIGN YARD SIGNS, BUTTONS, PENS, ETC.","7/31/2026","CHEYENNE, WY 82009","FILED","22.62"
"CANDIDATE COMMITTEE","REINER FOR WYOMING","MENARDS","CAMPAIGN YARD SIGNS, BUTTONS, PENS, ETC.","7/31/2026","CHEYENNE, WY 82009","FILED","13.83"
"CANDIDATE COMMITTEE","REINER FOR WYOMING","PBR","PRINTING","7/31/2026","CHEYENNE, WY 82009","FILED","56.84"
"CANDIDATE","ROY BIRT ","SAFEWAY","FOOD AND BEVERAGES","7/31/2026","WHEATLAND, WY 82201","FILED","26.94"
"CANDIDATE","SCOTT SMITH JR","PBR PRINTING","PRINTING","7/31/2026","CHEYENNE, WY ","FILED","24343.68"
"CANDIDATE","SCOTT SMITH JR","SMITH'S FUEL EXPENSE","TRAVEL (HOTEL, GAS, ETC.)","7/31/2026","WY ","FILED","1735.49"
"CANDIDATE COMMITTEE","SHANNON A. BRENNAN FOR WY HOUSE D23","TETON MEDIA WORKS","ADVERTISING - NEWSPAPER","7/31/2026","JACKSON, WY 83002","FILED","600.8"
"CANDIDATE COMMITTEE","SHORT FOR STATE","SAM'S CLUB FUEL","TRAVEL (HOTEL, GAS, ETC.)","7/31/2026","WY ","FILED","33.52"
"CANDIDATE COMMITTEE","SINGH FOR WYOMING","LOWE'S","CAMPAIGN YARD SIGNS, BUTTONS, PENS, ETC.","7/31/2026","WY ","FILED","41.79"
"CANDIDATE COMMITTEE","SINGH FOR WYOMING","MENARDS","CAMPAIGN YARD SIGNS, BUTTONS, PENS, ETC.","7/31/2026","WY ","FILED","53.95"
"CANDIDATE COMMITTEE","STACY JONES FOR SENATE DISTRICT 13","STACY JONES","ADVERTISING - MISC.","7/31/2026","WY ","FILED","143.62"
"CANDIDATE","TONY LOCKE ","STRIPE","BANKING ","7/31/2026","","FILED","15.34"
"CANDIDATE COMMITTEE","WILLIAMS 4 WYOMING","RMC","ADVERTISING - DIGITAL","7/31/2026","LAS VEGAS, NV 89117","FILED","4000"
"CANDIDATE COMMITTEE","WILLIAMS 4 WYOMING","RMC","CONSULTING","7/31/2026","LAS VEGAS, NV 89117","FILED","2649"
"CANDIDATE","ANTHONY L ALLEN JR","TEXT BY CHOICE ","ADVERTISING - MISC.","7/30/2026","CASPR, WY 82601","FILED","400"
"CANDIDATE COMMITTEE","BARLOW FOR WYOMING","AMAZON","CAMPAIGN YARD SIGNS, BUTTONS, PENS, ETC.","7/30/2026","SEATTLE, WA 98108","FILED","108.93"
"CANDIDATE COMMITTEE","BARLOW FOR WYOMING","AX MEDIA","ADVERTISING - DIGITAL","7/30/2026","KANSAS CITY, MO 64112","FILED","27125"
"CANDIDATE COMMITTEE","BARLOW FOR WYOMING","AX MEDIA","ADVERTISING - RADIO","7/30/2026","KANSAS CITY, MO 64112","FILED","12326"
"CANDIDATE COMMITTEE","BARLOW FOR WYOMING","AX MEDIA","ADVERTISING - TV","7/30/2026","KANSAS CITY, MO 64112","FILED","58000"
"CANDIDATE COMMITTEE","BARLOW FOR WYOMING","AXIOM STRATEGIES","ADVERTISING - MISC.","7/30/2026","KANSAS CITY, MO 64112","FILED","30026"
"CANDIDATE COMMITTEE","BARLOW FOR WYOMING","GREEN RIVER CHAMBER OF COMMERCE","FOOD AND BEVERAGES","7/30/2026","GREEN RIVER, WY 82935","FILED","115.5"
"CANDIDATE COMMITTEE","BARLOW FOR WYOMING","PULSE DECISION SCIENCE","OTHER: OTHER","7/30/2026","EDMOND, OK 73013","FILED","22451"
"CANDIDATE COMMITTEE","BECKER COMMITTEE","AMAZON","CAMPAIGN YARD SIGNS, BUTTONS, PENS, ETC.","7/30/2026","WY ","FILED","51.52"
"CANDIDATE COMMITTEE","BIGELOW FOR HD51","SHERIDAN COMMERCIAL","OFFICE SUPPLIES","7/30/2026","SHERIDAN, WY 82801","FILED","24.33"
"CANDIDATE","BILL JAMES ALLEMAND ","OUT OF BOX PERFORMANCE","ADVERTISING - DIGITAL","7/30/2026","CHEYENNE, WY ","FILED","5964.77"
"CANDIDATE COMMITTEE","BINGHAM FOR WYOMING","AMAZON","ADVERTISING - MISC.","7/30/2026","","FILED","21.18"
"CANDIDATE COMMITTEE","BINGHAM FOR WYOMING","WIX","GRAPHICS/WEBSITE FEES","7/30/2026","","FILED","8.4"
"CANDIDATE COMMITTEE","BITEMAN FOR WYOMING","ADOBE","ADMINISTRATIVE COSTS","7/30/2026","WY ","FILED","31.79"
"CANDIDATE COMMITTEE","BUTCHER FOR WYOMING","SIGN UP GENIUS","ADMINISTRATIVE COSTS","7/30/2026","","FILED","29.99"
"CANDIDATE","CHRISTOPHER DRESANG ","HOME DEPOT","CAMPAIGN YARD SIGNS, BUTTONS, PENS, ETC.","7/30/2026","WY ","FILED","117.87"
"CANDIDATE COMMITTEE","COALITION TO ELECT JOHN BEAR","OFFICE DEPOT","OFFICE SUPPLIES","7/30/2026","GILLETTE, WY ","FILED","67.19"
"CANDIDATE COMMITTEE","COMMITTEE TO ELECT BOYD O. WIGGAM ","FIRST INTERSTATE BANK","BANKING ","7/30/2026","CHEYENNE, WY 82001","FILED","2"
"CANDIDATE COMMITTEE","COMMITTEE TO ELECT BRITNEY TENNANT","OLIVE GARDEN","FOOD AND BEVERAGES","7/30/2026","CHEYENNE, WY 82009","FILED","93.68"
"CANDIDATE COMMITTEE","COMMITTEE TO ELECT DWAYNE DILLINGER","RAIL YARD","FOOD AND BEVERAGES","7/30/2026","WY ","FILED","35.25"
"CANDIDATE COMMITTEE","COMMITTEE TO ELECT GARY BROWN ","USPS","POSTAGE","7/30/2026","WY ","FILED","739.63"
"CANDIDATE COMMITTEE","COMMITTEE TO ELECT GARY BROWN ","VISTAPRINT","PRINTING","7/30/2026"," , WY ","FILED","394.8"
"CANDIDATE COMMITTEE","COMMITTEE TO ELECT JESSICA CROWDER","PBR PRINTING","CAMPAIGN YARD SIGNS, BUTTONS, PENS, ETC.","7/30/2026","CHEYENNE, WY 82009","FILED","233.85"
"CANDIDATE COMMITTEE","COMMITTEE TO ELECT JIM VANDYKE","ACTBLUE - CONTRIBUTION PROCESSING FEES","BANKING ","7/30/2026","BOSTON, MA 02196","FILED","0.3"
"CANDIDATE COMMITTEE","COMMITTEE TO ELECT LAURIE BRATTEN","TOWN OF DAYTON","ADVERTISING - MISC.","7/30/2026","DAYTON, WY 82836","FILED","120"
"CANDIDATE COMMITTEE","COMMITTEE TO ELECT STEINMETZ FOR SENATE","GOSHEN COUNTY BUYERS GROUP","ADVERTISING - MISC.","7/30/2026","TORRINGTON, WY 82240","FILED","100"
"CANDIDATE COMMITTEE","CONNOLLY FOR STATE HOUSE","BUFFALO BULLETIN","ADVERTISING - NEWSPAPER","7/30/2026","BUFFALO, WY 82834","FILED","1092"
"CANDIDATE","DONNA KAY RICE ","DIRECT EDGE CAMPAIGNS, LLC","ADVERTISING - MISC.","7/30/2026","NASHVILLE, TN 37215","FILED","2446.6"
"CANDIDATE COMMITTEE","EAMON O'TOOLE FOR WYOMING","MOO PRINT","OFFICE SUPPLIES","7/30/2026","EAST PROVIDENCE, RI 02914","FILED","246.38"
"CANDIDATE COMMITTEE","GARYWILKEN 4 HD46","ACTBLUE","BANKING ","7/30/2026","BOSTON, MA 02196","FILED","0.3"
"CANDIDATE COMMITTEE","JEANETTE WARD FOR WYOMING","VOTTIV","ADMINISTRATIVE COSTS","7/30/2026","PROVO, UT 84604","FILED","173"
"CANDIDATE","KAREN WEBER ","SHERRIE PFEIF - FACEBOOK ","ADVERTISING - DIGITAL","7/30/2026","TORRINGTON, WY ","FILED","100"
"CANDIDATE COMMITTEE","KELLER FOR WYO","DISCOVER THERMOPOLIS","ADVERTISING - MISC.","7/30/2026","THERMOPOLIS, WY 82443","FILED","12.05"
"CANDIDATE COMMITTEE","KELLER FOR WYO","DISCOVER THERMOPOLIS","ADVERTISING - MISC.","7/30/2026","THERMOPOLIS, WY 82443","FILED","23.74"
"CANDIDATE COMMITTEE","KELLER FOR WYO","MAJORITY STRATEGIES LLC","ADVERTISING - DIGITAL","7/30/2026","WY ","FILED","2771.49"
"CANDIDATE COMMITTEE","KELLER FOR WYO","THERMOPOLIS INDEPENDANT RECORD","ADVERTISING - NEWSPAPER","7/30/2026","WY ","FILED","578"
"CANDIDATE","MARCIA JOANN NEUMILLER ","RIGHT STRATEGIES","ADVERTISING - MISC.","7/30/2026","ANKENY, IA 50021","FILED","250"
"CANDIDATE","MARCIA JOANN NEUMILLER ","USPS","POSTAGE","7/30/2026","CASPER, WY 82602","FILED","82"
"CANDIDATE COMMITTEE","MARK JENNINGS FOR HOUSE DISTRICT 30","AMAZON","OFFICE SUPPLIES","7/30/2026","SEATTLE, WA 98109","FILED","31.79"
"CANDIDATE COMMITTEE","MARK JENNINGS FOR HOUSE DISTRICT 30","HOME DEPOT","CAMPAIGN YARD SIGNS, BUTTONS, PENS, ETC.","7/30/2026","SHERIDAN, WY 82801","FILED","32.73"
"CANDIDATE COMMITTEE","MEGAN FOR GOVERNOR","ABIGAIL VROMAN","PAYROLL","7/30/2026","CHEYENNE, WY 82009","FILED","1014.11"
"CANDIDATE COMMITTEE","MEGAN FOR GOVERNOR","BATTLEFIELD LLC","CONSULTING","7/30/2026","MOUNT VERNON, NY 10550","FILED","7.12"
"CANDIDATE COMMITTEE","MEGAN FOR GOVERNOR","GOOGLE WORKSPACE","ADVERTISING - DIGITAL","7/30/2026","MOUNTAIN VIEW, CA 94043","FILED","1000"
"CANDIDATE COMMITTEE","MEGAN FOR GOVERNOR","GUSTO","TAXES","7/30/2026","SAN FRANCISCO, CA 94107","FILED","617.1"
"CANDIDATE COMMITTEE","MEGAN FOR GOVERNOR","HANNAH HARRINGTON","PAYROLL","7/30/2026","CHEYNNE, WY 82009","FILED","1095.2"
"CANDIDATE COMMITTEE","MEGAN FOR GOVERNOR","META PLATFORMS (FACEBOOK)","ADVERTISING - DIGITAL","7/30/2026","MENLO PARK, CA 94025","FILED","375"
"CANDIDATE COMMITTEE","MEGAN FOR GOVERNOR","SHAINA STUDY","PAYROLL","7/30/2026","CHEYENNE, WY 82001","FILED","554.1"
"CANDIDATE COMMITTEE","MEGAN FOR GOVERNOR","WINRED TECHNICAL SERVICES","BANKING ","7/30/2026","CHEYENNE, WY 82001","FILED","54.95"
"CANDIDATE","NEIL JESKE ","FAMILY DOLLAR","OFFICE SUPPLIES","7/30/2026","CASPER, WY ","FILED","2.63"
"CANDIDATE","NEIL JESKE ","GODADDY.COM","GRAPHICS/WEBSITE FEES","7/30/2026","WY ","FILED","21.99"
"CANDIDATE","NEIL JESKE ","GODADDY.COM","GRAPHICS/WEBSITE FEES","7/30/2026","WY ","FILED","21.99"
"CANDIDATE","NEIL JESKE ","OUT OF THE BOX PERFORMANCE","ADVERTISING - MISC.","7/30/2026","COLORADO SPRINGS, WY 80909","FILED","361.3"
"CANDIDATE COMMITTEE","RAH FOR HD17","BLANK SHIRTS INC","CAMPAIGN YARD SIGNS, BUTTONS, PENS, ETC.","7/30/2026","CARSON CITY, NV 89701","FILED","279.99"
"CANDIDATE COMMITTEE","SCHRIFTMAN FOR STATE HOUSE","STAPLES","PRINTING","7/30/2026","WY ","FILED","503.29"
"CANDIDATE","SCOTT SMITH JR","SHERRIE PEIF","ADVERTISING - MISC.","7/30/2026","WY ","FILED","5000"
"CANDIDATE COMMITTEE","SERVER FOR WY","CANVA","CAMPAIGN YARD SIGNS, BUTTONS, PENS, ETC.","7/30/2026","WY ","FILED","94.46"
"CANDIDATE COMMITTEE","SHORT FOR STATE","4IMPRINT","CAMPAIGN YARD SIGNS, BUTTONS, PENS, ETC.","7/30/2026","WY ","FILED","284.03"
"CANDIDATE COMMITTEE","SHORT FOR STATE","4IMPRINT","CAMPAIGN YARD SIGNS, BUTTONS, PENS, ETC.","7/30/2026","WY ","FILED","683.61"
"CANDIDATE COMMITTEE","THE FRIENDS TO ELECT MARK JONES","META-FACEBOOK","ADVERTISING - DIGITAL","7/30/2026","MENLO PARK, CA 94025","FILED","49.7"
"CANDIDATE COMMITTEE","WILLOX FOR WYOMING","OLSON STRATEGIES","ADVERTISING - MISC.","7/30/2026","ALEXANDRIA, VA 22314","FILED","4003.2"
"CANDIDATE COMMITTEE","WRIGHT4WYOMING","USPS","POSTAGE","7/30/2026","","FILED","65"
"CANDIDATE COMMITTEE","ANGELOS FOR WYOMING","OUT OF THE BOX PERFORMANCE","PRINTING","7/29/2026","COLORADO SPRINGS, CO 80909","FILED","3515.44"
"CANDIDATE","ANTHONY L ALLEN JR","AMBI","ADVERTISING - MISC.","7/29/2026","CASPER, WY 82601","FILED","201.05"
"CANDIDATE","ART WASHUT ","MURDOCHS","OTHER: CAMPAIGN SUPPLIES HAULING","7/29/2026","EVANSVILLE, WY 82636","FILED","136.49"
"CANDIDATE COMMITTEE","BARLOW FOR WYOMING","I360","CONSULTING","7/29/2026","ARLINGTON, VA 22201","FILED","1250"
"CANDIDATE COMMITTEE","BIGELOW FOR HD51","MAJORITY STRATEGIES","ADVERTISING - MISC.","7/29/2026","DALLAS, TX 75267","FILED","4418.3"
"CANDIDATE COMMITTEE","BRENT BIEN FOR GOVERNOR","COWBOY STATE DAILY","ADVERTISING - DIGITAL","7/29/2026","WY ","FILED","3520"
"CANDIDATE COMMITTEE","BUTCHER FOR WYOMING","THE WAREHOUSE","FOOD AND BEVERAGES","7/29/2026","WY ","FILED","68.04"
"CANDIDATE","CARL MANNING ","SIGNS ON THE CHEAP","CAMPAIGN YARD SIGNS, BUTTONS, PENS, ETC.","7/29/2026","AUSTIN, TX 78757","FILED","89.68"
"CANDIDATE COMMITTEE","COMMITTEE TO ELECT BOB DAVIS","SNAKE RIVER PRESS","ADVERTISING - NEWSPAPER","7/29/2026","WY ","FILED","90"
"CANDIDATE COMMITTEE","COMMITTEE TO ELECT BOYD O. WIGGAM ","PBR PRINTING","PRINTING","7/29/2026","CHEYENNE, WY 82009","FILED","268.43"
"CANDIDATE COMMITTEE","COMMITTEE TO ELECT DWAYNE DILLINGER","GILLETTE NEW RECORD","ADVERTISING - MISC.","7/29/2026","WY ","FILED","615.54"
"CANDIDATE COMMITTEE","COMMITTEE TO ELECT GARY BROWN ","OUT OF THE BOX PERFORMANCE","CONSULTING","7/29/2026","WY ","FILED","512.88"
"CANDIDATE COMMITTEE","COMMITTEE TO ELECT OGDEN DRISKILL","BIG D","TRAVEL (HOTEL, GAS, ETC.)","7/29/2026","CHEYENNE, WY 82009","FILED","77.13"
"CANDIDATE COMMITTEE","COMMITTEE TO ELECT OGDEN DRISKILL","LIQUOR POS","FOOD AND BEVERAGES","7/29/2026","CHEYENNE, WY 82009","FILED","88.16"
"CANDIDATE COMMITTEE","COMMITTEE TO ELECT TROY CLAYCOMB","EMALEE SWEET","ADVERTISING - DIGITAL","7/29/2026","UPTON, WY 82730","FILED","300"
"CANDIDATE COMMITTEE","CONNOLLY FOR STATE HOUSE","SHERIDAN MEDIA","ADVERTISING - NEWSPAPER","7/29/2026","SHERIDAN, WY 82801","FILED","453.63"
"CANDIDATE COMMITTEE","COSTELLO FOR CASPER","EXPRESS DIGITAL","ADVERTISING - MISC.","7/29/2026","WY ","FILED","1317.42"
"CANDIDATE","DALTON BANKS ","SINCLAIR ","TRAVEL (HOTEL, GAS, ETC.)","7/29/2026","WY ","FILED","32.72"
"CANDIDATE COMMITTEE","DAVID HILL FOR HOUSE DISTRICT 50","TREASURED MEMORIES","CAMPAIGN YARD SIGNS, BUTTONS, PENS, ETC.","7/29/2026","WY ","FILED","112.32"
"CANDIDATE","DONNA KAY RICE ","FACEBOOK","ADVERTISING - DIGITAL","7/29/2026","","FILED","41"
"CANDIDATE COMMITTEE","FORNSTROM FOR HD10","PINE BLUFFS POST  ","ADVERTISING - NEWSPAPER","7/29/2026","PINE BLUFFS, WY 82082","FILED","169"
"CANDIDATE COMMITTEE","FRIENDS OF CJ YOUNG","DAY LIGHT DOUGHNUTS ","FOOD AND BEVERAGES","7/29/2026","CHEYENNE, WY 82001","FILED","137.91"
"CANDIDATE COMMITTEE","FRIENDS OF CJ YOUNG","HOKKAIDO","FOOD AND BEVERAGES","7/29/2026","CHEYENNE, WY 82001","FILED","40.76"
"CANDIDATE COMMITTEE","FRIENDS OF JULIE JARVIS","NCRW","ADVERTISING - MISC.","7/29/2026","CASPER, WY 82602","FILED","50"
"CANDIDATE COMMITTEE","FRIENDS OF JULIE JARVIS","STAPLES","OFFICE SUPPLIES","7/29/2026","CASPER, WY 82609","FILED","2814.44"
"CANDIDATE COMMITTEE","FRIENDS OF JULIE JARVIS","TOWNSQUARE MEDIA","ADVERTISING - RADIO","7/29/2026","CASPER, WY 82601","FILED","2312"
"CANDIDATE COMMITTEE","FRIENDS OF JULIE JARVIS","USPS","POSTAGE","7/29/2026","CASPER, WY 82602","FILED","2180"
"CANDIDATE COMMITTEE","HARSHMAN FOR WYOMING","DOLLAR GENERAL","CAMPAIGN YARD SIGNS, BUTTONS, PENS, ETC.","7/29/2026","CASPER, WY 82604","FILED","13.13"
"CANDIDATE COMMITTEE","HARSHMAN FOR WYOMING","WINRED","IT SERVICES","7/29/2026","CHEYENNE, WY 82001","FILED","10.25"
"CANDIDATE","JAYME LIEN ","AMBI","POSTAGE","7/29/2026","WY ","FILED","109.44"
"CANDIDATE","JAYME LIEN ","AMBI","PRINTING","7/29/2026","WY ","FILED","135"
"CANDIDATE COMMITTEE","JEANETTE WARD FOR WYOMING","META","ADVERTISING - DIGITAL","7/29/2026","MENLO PARK, CA 98052","FILED","10.34"
"CANDIDATE","JOHN F WETZEL ","MAILING.COM","ADVERTISING - MISC.","7/29/2026","PHOENIX, AZ 85040","FILED","1611.08"
"CANDIDATE","LEVI ASAY ","4OINTERNATIONALLLC","PRINTING","7/29/2026","","FILED","2754.31"
"CANDIDATE","LISA WILSON ","MAVERICK","TRAVEL (HOTEL, GAS, ETC.)","7/29/2026","LANDER, WY 82520","FILED","110.3"
"CANDIDATE COMMITTEE","LYTTLE FOR HOUSE","ACTBLUE - CONTRIBUTION PROCESSING FEES","BANKING ","7/29/2026","BOSTON, MA 02196","FILED","6.73"
"CANDIDATE","MARCIA JOANN NEUMILLER ","UPSLOPE MEDIA","ADVERTISING - DIGITAL","7/29/2026","CASPER, WY 82602","FILED","1500"
"CANDIDATE COMMITTEE","MARK JENNINGS FOR HOUSE DISTRICT 30","USPS","POSTAGE","7/29/2026","SHERIDAN, WY 82801","FILED","32.8"
"CANDIDATE COMMITTEE","MEGAN FOR GOVERNOR","ABIGAIL VROMAN","PAYROLL","7/29/2026","CHEYENNE, WY 82009","FILED","328.76"
"CANDIDATE COMMITTEE","MEGAN FOR GOVERNOR","BATTLEFIELD LLC","CONSULTING","7/29/2026","MOUNT VERNON, NY 10550","FILED","12.5"
"CANDIDATE COMMITTEE","MEGAN FOR GOVERNOR","ETHAN HAGUE","CAMPAIGN YARD SIGNS, BUTTONS, PENS, ETC.","7/29/2026","CASPER, WY 82609","FILED","418.86"
"CANDIDATE COMMITTEE","MEGAN FOR GOVERNOR","MAJORITY STRATEGIES LLC","CONSULTING","7/29/2026","DALLAS, TX 75267","FILED","55267.2"
"CANDIDATE COMMITTEE","MEGAN FOR GOVERNOR","META PLATFORMS (FACEBOOK)","ADVERTISING - DIGITAL","7/29/2026","MENLO PARK, CA 94025","FILED","375"
"CANDIDATE COMMITTEE","MEGAN FOR GOVERNOR","SHAINA STUDY","PAYROLL","7/29/2026","CHEYENNE, WY 82001","FILED","120.35"
"CANDIDATE COMMITTEE","MEGAN FOR GOVERNOR","WINRED TECHNICAL SERVICES","BANKING ","7/29/2026","CHEYENNE, WY 82001","FILED","14.72"
"CANDIDATE COMMITTEE","MYCA FOR SHERIDAN","NATION BUILDER","GRAPHICS/WEBSITE FEES","7/29/2026","WY ","FILED","179"
"CANDIDATE","NEIL JESKE ","307 PRINT & SHIP","PRINTING","7/29/2026","CASPER, WY 82604","FILED","106.5"
"CANDIDATE","NEIL JESKE ","OUT OF THE BOX PERFORMANCE","ADVERTISING - MISC.","7/29/2026","COLORADO SPRINGS, CO 80909","FILED","2284.66"
"CANDIDATE","PAUL L WING ","WALMART","OTHER: T-SHIRTS","7/29/2026","CHEYENNE, WY 82001","FILED","25.12"
"CANDIDATE","PEPPER L OTTMAN ","ABBA'S HOUSE","ADVERTISING - MISC.","7/29/2026","RIVERTON, WY 82501","FILED","1000"
"CANDIDATE COMMITTEE","SINGH FOR WYOMING","PBR PRINTING","POSTAGE","7/29/2026","WY ","FILED","1515.53"
"CANDIDATE COMMITTEE","SINGH FOR WYOMING","PBR PRINTING","PRINTING","7/29/2026","WY ","FILED","1511.88"
"CANDIDATE COMMITTEE","SINGH FOR WYOMING","PBR PRINTING","PRINTING","7/29/2026","WY ","FILED","394.97"
"CANDIDATE COMMITTEE","THE PEOPLE FOR PROVENZA","ACTION NETWORK","GRAPHICS/WEBSITE FEES","7/29/2026","","FILED","105"
"CANDIDATE","TOMI STROCK ","KKTY","ADVERTISING - RADIO","7/29/2026","DOUGLAS, WYOMING 82633, WY 82633","FILED","3400"
"CANDIDATE COMMITTEE","VOTE BOLLER HD52 ","ARTISTS & CRAFTERS","FACILITY FEE","7/29/2026","GILLETTE, WY 82716","FILED","99"
"CANDIDATE COMMITTEE","VOTE BOLLER HD52 ","WALGREENS","FOOD AND BEVERAGES","7/29/2026","GILLETTE, WY 82716","FILED","90.74"
"CANDIDATE","WENDY DAVIS SCHULER ","POSTCARD MANIA","ADVERTISING - MISC.","7/29/2026","CLEARWATER, FL ","FILED","4133.04"
"CANDIDATE COMMITTEE","WILLIAMS 4 WYOMING","RMC","IT SERVICES","7/29/2026","LAS VEGAS, NV 89117","FILED","1836.6"
"CANDIDATE COMMITTEE","WILLOX FOR WYOMING","OLSON STRATEGIES","ADVERTISING - DIGITAL","7/29/2026","ALEXANDRIA, VA 22314","FILED","2000"
"CANDIDATE COMMITTEE","WRIGHT4WYOMING","NEXT DAY FLYERS","ADVERTISING - MISC.","7/29/2026","","FILED","353.21"
"CANDIDATE COMMITTEE","BARLOW FOR WYOMING","CAZ CONSULTING","ADVERTISING - MISC.","7/28/2026","FORT WORTH, TX 76109","FILED","6887.5"
"CANDIDATE COMMITTEE","BARLOW FOR WYOMING","CAZ CONSULTING","ADVERTISING - MISC.","7/28/2026","FORT WORTH, TX 76109","FILED","6626.9"
"CANDIDATE COMMITTEE","BARLOW FOR WYOMING","RANGE LEATHER","CAMPAIGN YARD SIGNS, BUTTONS, PENS, ETC.","7/28/2026","LARAMIE, WY 82070","FILED","2850.48"
"CANDIDATE COMMITTEE","BARLOW FOR WYOMING","SAMS CLUB","CAMPAIGN YARD SIGNS, BUTTONS, PENS, ETC.","7/28/2026","CHEYENNE, WY 82009","FILED","1201.73"
"CANDIDATE COMMITTEE","BARLOW FOR WYOMING","SM1019 LLC","TRAVEL (HOTEL, GAS, ETC.)","7/28/2026","GILLETTE, WY 82717","FILED","3296"
"CANDIDATE COMMITTEE","BARLOW FOR WYOMING","TRISTA OSTROM","TRAVEL (HOTEL, GAS, ETC.)","7/28/2026","CHEYENNE, WY 82001","FILED","680.78"
"CANDIDATE COMMITTEE","BARLOW FOR WYOMING","UPSLOPE MEDIA","ADVERTISING - NEWSPAPER","7/28/2026","CASPER, WY 82602","FILED","463.5"
"CANDIDATE COMMITTEE","BIGELOW FOR HD51","FIRST INTERSTATE BANK","BANKING ","7/28/2026","SHERIDAN, WY 82801","FILED","2"
"CANDIDATE COMMITTEE","BINGHAM FOR WYOMING","AMAZON","CAMPAIGN YARD SIGNS, BUTTONS, PENS, ETC.","7/28/2026","","FILED","13.77"
"CANDIDATE","BOB NICHOLAS ","US POSTAL SERVICE","POSTAGE","7/28/2026","CHEYENNE, WY 82009","FILED","198"
"CANDIDATE COMMITTEE","BRENT BIEN FOR GOVERNOR","FACEBOOK","ADVERTISING - DIGITAL","7/28/2026","WY ","FILED","214"
"CANDIDATE COMMITTEE","BUTCHER FOR WYOMING","HOME DEPOT","CAMPAIGN YARD SIGNS, BUTTONS, PENS, ETC.","7/28/2026","WY ","FILED","135.87"
"CANDIDATE","CALE CASE ","BITEMAN FOR CONGRESS","CANDIDATE/COMMITTEE CONTRIBUTION","7/28/2026","WY ","FILED","250"
"CANDIDATE","CHRISTOPHER DRESANG ","CLICK2MAIL","ADVERTISING - MISC.","7/28/2026","WY ","FILED","102.21"
"CANDIDATE COMMITTEE","COMMITTEE TO ELECT CURT MEIER","DAYWEATHER, INC","ADVERTISING - RADIO","7/28/2026","CHEYENNE, WY 82003","FILED","8358"
"CANDIDATE COMMITTEE","COMMITTEE TO ELECT DWAYNE DILLINGER","I 360 SUBSCRIPTION","ADMINISTRATIVE COSTS","7/28/2026","WY ","FILED","675"
"CANDIDATE COMMITTEE","COMMITTEE TO ELECT LAURIE BRATTEN","MARK CAUDLE","GRAPHICS/WEBSITE FEES","7/28/2026","STORY, WY 82842","FILED","1500"
"CANDIDATE COMMITTEE","COMMITTEE TO ELECT LAURIE BRATTEN","SHERIDAN MEDIA","ADVERTISING - RADIO","7/28/2026","SHERIDAN, WY 82801","FILED","1029"
"CANDIDATE COMMITTEE","COMMITTEE TO ELECT OGDEN DRISKILL","ALLSUPS","TRAVEL (HOTEL, GAS, ETC.)","7/28/2026","SUNDANCE, WY 82729","FILED","75"
"CANDIDATE COMMITTEE","DAVID HILL FOR HOUSE DISTRICT 50","CODY ENTERPRISE","ADVERTISING - NEWSPAPER","7/28/2026","WY ","FILED","1147.5"
"CANDIDATE COMMITTEE","EDWARDS FOR WYOMING","OLSEN STRATEGIES & ADVERTISING, INC.","CONSULTING","7/28/2026","ALEXANDRIA, VA 22314","FILED","2700"
"CANDIDATE COMMITTEE","FRIENDS OF CJ YOUNG","AAFES","TRAVEL (HOTEL, GAS, ETC.)","7/28/2026","AURORA, CO ","FILED","41.11"
"CANDIDATE COMMITTEE","FRIENDS OF CJ YOUNG","META","ADVERTISING - DIGITAL","7/28/2026","MENLO PARK, CA ","FILED","25.56"
"CANDIDATE COMMITTEE","FRIENDS OF CJ YOUNG","PINE BLUFFS PAPER","ADVERTISING - NEWSPAPER","7/28/2026","PINE BLUFFS, WY ","FILED","87"
"CANDIDATE COMMITTEE","HARSHMAN FOR WYOMING","AMBI","PRINTING","7/28/2026","CASPER, WY 82601","FILED","7668.34"
"CANDIDATE COMMITTEE","HARSHMAN FOR WYOMING","RYE STRATEGIES","ADVERTISING - DIGITAL","7/28/2026","HUNTERSVILLE, NC 28078","FILED","5000"
"CANDIDATE COMMITTEE","HARSHMAN FOR WYOMING","USPS","POSTAGE","7/28/2026","CASPER, WY 82602","FILED","49.2"
"CANDIDATE","JAMES T CORKERY JR","HARBOR FREIGHT","CAMPAIGN YARD SIGNS, BUTTONS, PENS, ETC.","7/28/2026","CASPER, WY 82601","FILED","8.39"
"CANDIDATE","JAMES TEMPLE ","SHERIDAN COUNTY FAIR","FACILITY FEE","7/28/2026","WY ","FILED","100"
"CANDIDATE","JAMES TEMPLE ","SHERIDAN MEDIA","ADVERTISING - RADIO","7/28/2026","WY ","FILED","1507.5"
"CANDIDATE","JAMES TEMPLE ","U.S. POST OFFICE","POSTAGE","7/28/2026","WY ","FILED","86"
"CANDIDATE COMMITTEE","JAMES WAMSLEY FOR WYOMING","JAMES WAMSLEY","ADMINISTRATIVE COSTS","7/28/2026","ROCK SPRINGS, WY 82901","FILED","102.4"
"CANDIDATE COMMITTEE","JAMES WAMSLEY FOR WYOMING","JAMES WAMSLEY","ADVERTISING - DIGITAL","7/28/2026","ROCK SPRINGS, WY 82901","FILED","211"
"CANDIDATE COMMITTEE","JAMES WAMSLEY FOR WYOMING","JAMES WAMSLEY","ADVERTISING - MISC.","7/28/2026","ROCK SPRINGS, WY 82901","FILED","200"
"CANDIDATE COMMITTEE","JAMES WAMSLEY FOR WYOMING","JAMES WAMSLEY","ADVERTISING - MISC.","7/28/2026","ROCK SPRINGS, WY 82901","FILED","36.03"
"CANDIDATE COMMITTEE","JAMES WAMSLEY FOR WYOMING","JAMES WAMSLEY","ADVERTISING - MISC.","7/28/2026","ROCK SPRINGS, WY 82901","FILED","100"
"CANDIDATE COMMITTEE","JAMES WAMSLEY FOR WYOMING","JAMES WAMSLEY","CAMPAIGN YARD SIGNS, BUTTONS, PENS, ETC.","7/28/2026","ROCK SPRINGS, WY 82901","FILED","2820.03"
"CANDIDATE COMMITTEE","JAMES WAMSLEY FOR WYOMING","JAMES WAMSLEY","CAMPAIGN YARD SIGNS, BUTTONS, PENS, ETC.","7/28/2026","ROCK SPRINGS, WY 82901","FILED","29.4"
"CANDIDATE COMMITTEE","JAMES WAMSLEY FOR WYOMING","JAMES WAMSLEY","GRAPHICS/WEBSITE FEES","7/28/2026","ROCK SPRINGS, WY 82901","FILED","84"
"CANDIDATE COMMITTEE","JAMES WAMSLEY FOR WYOMING","JAMES WAMSLEY","GRAPHICS/WEBSITE FEES","7/28/2026","ROCK SPRINGS, WY 82901","FILED","276"
"CANDIDATE COMMITTEE","JAMES WAMSLEY FOR WYOMING","JAMES WAMSLEY","GRAPHICS/WEBSITE FEES","7/28/2026","ROCK SPRINGS, WY 82901","FILED","25"
"CANDIDATE COMMITTEE","JAMES WAMSLEY FOR WYOMING","JAMES WAMSLEY","OFFICE SUPPLIES","7/28/2026","ROCK SPRINGS, WY 82901","FILED","45.57"
"CANDIDATE","JEFF MARTIN ","VISTAPRINT","PRINTING","7/28/2026","WY ","FILED","246.73"
"CANDIDATE","JEREMY MICHAEL HAROLDSON ","QRCODECREATOR ","IT SERVICES","7/28/2026","WY ","FILED","133.2"
"CANDIDATE","JEREMY MICHAEL HAROLDSON ","QRCODECREATOR ","IT SERVICES","7/28/2026","WY ","FILED","1.07"
"CANDIDATE COMMITTEE","KOLTISKA FOR SHERIDAN","FACEBOOK","ADVERTISING - DIGITAL","7/28/2026","MENLO PARK, CA 94025","FILED","24"
"CANDIDATE","LLOYD CHARLES LARSEN ","WESTERN PRINTING","POSTAGE","7/28/2026","LANDER, WY 82520","FILED","939.95"
"CANDIDATE COMMITTEE","LYTTLE FOR HOUSE","ACTBLUE - CONTRIBUTION PROCESSING FEES","BANKING ","7/28/2026","BOSTON, MA 02196","FILED","0.3"
"CANDIDATE COMMITTEE","LYTTLE FOR HOUSE","LITTLE OL' PRINT SHOP","CAMPAIGN YARD SIGNS, BUTTONS, PENS, ETC.","7/28/2026","CHEYENNE, WY 82001","FILED","393.75"
"CANDIDATE COMMITTEE","MARK JENNINGS FOR HOUSE DISTRICT 30","VISTA PRINT","PRINTING","7/28/2026","WALTHAM, MA 02451","FILED","475.93"
"CANDIDATE","MARLENE BRADY ","THE UPS STORE","PRINTING","7/28/2026","ROCK SPRINGS, WY 82901","FILED","232.71"
"CANDIDATE","MATTHEW HURT ","AMAZON","OFFICE SUPPLIES","7/28/2026","CHEYENNE, WY 82001","FILED","13.64"
"CANDIDATE COMMITTEE","MCINTOSH FOR WYOMING","LITTLE OL PRINTSHOP","POSTAGE","7/28/2026","CHEYENNE, WY 82001","FILED","737.17"
"CANDIDATE COMMITTEE","MEGAN FOR GOVERNOR","BATTLEFIELD LLC","CONSULTING","7/28/2026","MOUNT VERNON, NY 10550","FILED","6.25"
"CANDIDATE COMMITTEE","MEGAN FOR GOVERNOR","EXPEDIA","TRAVEL (HOTEL, GAS, ETC.)","7/28/2026","BOSTON, MA 02116","FILED","129.16"
"CANDIDATE COMMITTEE","MEGAN FOR GOVERNOR","GOOGLE WORKSPACE","ADVERTISING - DIGITAL","7/28/2026","MOUNTAIN VIEW, CA 94043","FILED","1000"
"CANDIDATE COMMITTEE","MEGAN FOR GOVERNOR","MAKESTICKERS","CAMPAIGN YARD SIGNS, BUTTONS, PENS, ETC.","7/28/2026","TINLEY PARK, IL 60487","FILED","178.6"
"CANDIDATE COMMITTEE","MEGAN FOR GOVERNOR","META PLATFORMS (FACEBOOK)","ADVERTISING - DIGITAL","7/28/2026","MENLO PARK, CA 94025","FILED","450"
"CANDIDATE COMMITTEE","MEGAN FOR GOVERNOR","WINRED TECHNICAL SERVICES","BANKING ","7/28/2026","CHEYENNE, WY 82001","FILED","1.97"
"CANDIDATE COMMITTEE","MYCA FOR SHERIDAN","ALPHA GRAPHICS","CAMPAIGN YARD SIGNS, BUTTONS, PENS, ETC.","7/28/2026","WY ","FILED","417.62"
"CANDIDATE","OCEAN ANDREW ","BIZAY","CAMPAIGN YARD SIGNS, BUTTONS, PENS, ETC.","7/28/2026","","FILED","105.6"
"CANDIDATE COMMITTEE","QUIN BLAIR FOR HOUSE DISTRICT 24","L'S CREATIONS","CAMPAIGN YARD SIGNS, BUTTONS, PENS, ETC.","7/28/2026","WY ","FILED","135.2"
"CANDIDATE COMMITTEE","REINER FOR WYOMING","PBR","PRINTING","7/28/2026","CHEYENNE, WY 82009","FILED","93.08"
"CANDIDATE COMMITTEE","REINER FOR WYOMING","USPS","POSTAGE","7/28/2026","CHEYENNE, WY 82009","FILED","246"
"CANDIDATE","ROY BIRT ","MENARDS","CAMPAIGN YARD SIGNS, BUTTONS, PENS, ETC.","7/28/2026","CHEYENNE, WY 82009","FILED","42.42"
"CANDIDATE","ROY BIRT ","OFFICE MAX","OFFICE SUPPLIES","7/28/2026","CHEYENNE, WY 82009","FILED","69.6"
"CANDIDATE","ROY BIRT ","TARGET","OFFICE SUPPLIES","7/28/2026","CHEYENNE, WY 82009","FILED","25.27"
"CANDIDATE","ROY BIRT ","WHEATLAND VOLUNTEER FIRE DEPT.","ADVERTISING - MISC.","7/28/2026","WHEATLAND, WY 82201","FILED","5"
"CANDIDATE COMMITTEE","SCHRIFTMAN FOR STATE HOUSE","KYLIE WALL","CONSULTING","7/28/2026","WY ","FILED","500"
"CANDIDATE COMMITTEE","SHORT FOR STATE","BASIN RADIO NETWORK","ADVERTISING - RADIO","7/28/2026","WY ","FILED","3036"
"CANDIDATE COMMITTEE","SHORT FOR STATE","BIG HORN BASIN MEDIA","ADVERTISING - RADIO","7/28/2026","WY ","FILED","2328"
"CANDIDATE COMMITTEE","SHORT FOR STATE","SAM'S CLUB FUEL","TRAVEL (HOTEL, GAS, ETC.)","7/28/2026","WY ","FILED","53.42"
"CANDIDATE COMMITTEE","SPECKNER FOR HOUSE DISTRICT 5","EXPRESS DIGI","ADVERTISING - MISC.","7/28/2026","UT ","FILED","1300.91"
"CANDIDATE","TAFT CARROLL LOVE ","STEVENSON SAR ","CAMPAIGN YARD SIGNS, BUTTONS, PENS, ETC.","7/28/2026","PINE BLUFFS, WY ","FILED","403"
"CANDIDATE","TONY LOCKE ","USPS","POSTAGE","7/28/2026","","FILED","933.75"
"CANDIDATE COMMITTEE","WRIGHT4WYOMING","EXPRESS DIGITAL","ADVERTISING - MISC.","7/28/2026","","FILED","1025.53"
"CANDIDATE COMMITTEE","WRIGHT4WYOMING","EXPRESS DIGITAL","ADVERTISING - MISC.","7/28/2026","","FILED","989.48"
"CANDIDATE COMMITTEE","ALLEN HOGG FOR WYOMING","AMAZON","CAMPAIGN YARD SIGNS, BUTTONS, PENS, ETC.","7/27/2026"," , WY ","FILED","176.79"
"CANDIDATE COMMITTEE","ALLEN HOGG FOR WYOMING","EXPRESS DIGITAL","ADVERTISING - DIGITAL","7/27/2026","WY ","FILED","728.63"
"CANDIDATE COMMITTEE","ALLEN HOGG FOR WYOMING","EXPRESS DIGITAL","ADVERTISING - DIGITAL","7/27/2026","WY ","FILED","297.61"
"CANDIDATE COMMITTEE","ALLEN HOGG FOR WYOMING","EXPRESS DIGITAL","ADVERTISING - DIGITAL","7/27/2026","WY ","FILED","341.59"
"CANDIDATE COMMITTEE","ALLEN HOGG FOR WYOMING","THE BURLINGTON PLACE","FOOD AND BEVERAGES","7/27/2026","BURLINGTON, WY 82411","FILED","35.5"
"CANDIDATE COMMITTEE","BARLOW FOR WYOMING","LARAMIE BOOMERANG","ADVERTISING - NEWSPAPER","7/27/2026","LARAMIE, WY 82070","FILED","758"
"CANDIDATE COMMITTEE","BEN HORNOK FOR WY","PBR PRINTING","POSTAGE","7/27/2026","CHEYENNE, WY 82009","FILED","1297.09"
"CANDIDATE COMMITTEE","BEN HORNOK FOR WY","PBR PRINTING","PRINTING","7/27/2026","CHEYENNE, WY 82009","FILED","1492.65"
"CANDIDATE COMMITTEE","BIGELOW FOR HD51","ANEDOT","BANKING ","7/27/2026","DALLAS, TX 75206","FILED","4.3"
"CANDIDATE","BILL FORTNER ","OMNI DIGITAL","ADVERTISING - DIGITAL","7/27/2026","GILLETTE, WY 82716","FILED","1000"
"CANDIDATE COMMITTEE","BRENNAN FOR SENATE","OLSEN STRATEGIES AND ADVERTISING","ADVERTISING - DIGITAL","7/27/2026","ALEXANDRIA, VA ","PUBLISHED","1500"
"CANDIDATE COMMITTEE","BRENNAN FOR SENATE","OLSON STRATEGIES AND ADVERTISING","OTHER: DIRECT MAIL","7/27/2026","ALEXANDRIA, VA ","PUBLISHED","7900"
"CANDIDATE COMMITTEE","BRENT BIEN FOR GOVERNOR","DON ODOM","CAMPAIGN YARD SIGNS, BUTTONS, PENS, ETC.","7/27/2026","CHEYENNE, WY 82001","FILED","438"
"CANDIDATE COMMITTEE","BRENT BIEN FOR GOVERNOR","FACEBOOK","ADVERTISING - DIGITAL","7/27/2026","WY ","FILED","121.73"
"CANDIDATE COMMITTEE","BUTCHER FOR WYOMING","FARMERS COOP","TRAVEL (HOTEL, GAS, ETC.)","7/27/2026","WY ","FILED","95.2"
"CANDIDATE COMMITTEE","CARLIN JONES FOR WYOMING","USPO","POSTAGE","7/27/2026","POWELL, WY ","FILED","1256.12"
"CANDIDATE COMMITTEE","COMMITTEE TO ELECT ANNE ZIEGENHORN","HANK'S RENO JUNCTION","TRAVEL (HOTEL, GAS, ETC.)","7/27/2026","WRIGHT, WY 82732","FILED","72.9"
"CANDIDATE COMMITTEE","COMMITTEE TO ELECT ANNE ZIEGENHORN","OFFICE DEPOT","OFFICE SUPPLIES","7/27/2026","GILETTE, WY 82718","FILED","66.55"
"CANDIDATE COMMITTEE","COMMITTEE TO ELECT BOYD O. WIGGAM ","OLSON STRATEGIES AND ADVERTISING","ADVERTISING - MISC.","7/27/2026","DENVER, CO 80206","FILED","3828.8"
"CANDIDATE COMMITTEE","COMMITTEE TO ELECT CURT MEIER","BMO","BANKING ","7/27/2026","CHEYENNE, WY 82001","FILED","30"
"CANDIDATE COMMITTEE","COMMITTEE TO ELECT CURT MEIER","BMO","BANKING ","7/27/2026","CHEYENNE, WY 82001","FILED","12"
"CANDIDATE COMMITTEE","COMMITTEE TO ELECT CURT MEIER","MCLAUGHLIN AND ASSOCIATES","CONSULTING","7/27/2026","BLAUVELT, NY 10913","FILED","29900"
"CANDIDATE COMMITTEE","COMMITTEE TO ELECT DOUGLAS MOORE","MG OIL","TRAVEL (HOTEL, GAS, ETC.)","7/27/2026","WY ","FILED","112.63"
"CANDIDATE COMMITTEE","COMMITTEE TO ELECT DOUGLAS MOORE","RUBY TUESDAY","FOOD AND BEVERAGES","7/27/2026","WY ","FILED","62.65"
"CANDIDATE COMMITTEE","COMMITTEE TO ELECT DOUGLAS MOORE","WALMART","CAMPAIGN YARD SIGNS, BUTTONS, PENS, ETC.","7/27/2026","WY ","FILED","14.49"
"CANDIDATE COMMITTEE","COMMITTEE TO ELECT DWAYNE DILLINGER","ERRYN DILLINGER","IT SERVICES","7/27/2026","WY ","FILED","1000"
"CANDIDATE COMMITTEE","COMMITTEE TO ELECT GARY BROWN ","VISTAPRINT","PRINTING","7/27/2026","WY ","FILED","473.54"
"CANDIDATE COMMITTEE","COMMITTEE TO ELECT JESSICA CROWDER","PBR PRINTING","CAMPAIGN YARD SIGNS, BUTTONS, PENS, ETC.","7/27/2026","CHEYENNE, WY 82009","FILED","152.29"
"CANDIDATE COMMITTEE","COMMITTEE TO ELECT JESSICA CROWDER","US POSTAL SERVICE","SHIPPING","7/27/2026","CHEYENNE, WY 82009","FILED","164"
"CANDIDATE COMMITTEE","COMMITTEE TO ELECT KEN PENDERGRAFT","HOLLY JENNINGS","PRINTING","7/27/2026","WY ","FILED","86"
"CANDIDATE COMMITTEE","COMMITTEE TO ELECT KEN PENDERGRAFT","IONOS","GRAPHICS/WEBSITE FEES","7/27/2026","WY ","FILED","4"
"CANDIDATE COMMITTEE","COMMITTEE TO ELECT KEN PENDERGRAFT","USPS","POSTAGE","7/27/2026","WY ","FILED","154.34"
"CANDIDATE COMMITTEE","COMMITTEE TO ELECT OGDEN DRISKILL","DOLLAR GENERAL","FOOD AND BEVERAGES","7/27/2026","BELLE FOURCHE, SD 57717","FILED","108.8"
"CANDIDATE COMMITTEE","COMMITTEE TO ELECT OGDEN DRISKILL","FAMILY DOLLAR","FOOD AND BEVERAGES","7/27/2026","BELLE FOURCHE, SD 57717","FILED","82.73"
"CANDIDATE COMMITTEE","CONNOLLY FOR STATE HOUSE","RIGHT INSIGHT","ADVERTISING - DIGITAL","7/27/2026","BOISE, ID 83701","FILED","119.03"
"CANDIDATE COMMITTEE","COSTELLO FOR CASPER","AMBI MAIL AND MARKETING","CAMPAIGN YARD SIGNS, BUTTONS, PENS, ETC.","7/27/2026","WY ","FILED","44.98"
"CANDIDATE","DONNA KAY RICE ","CHLOE NELSON RUNNING WITH STRATEGY","ADVERTISING - DIGITAL","7/27/2026","MIAMI, FL ","FILED","1500"
"CANDIDATE","DONNA KAY RICE ","CHLOE NELSON RUNNING WITH STRATEGY","GRAPHICS/WEBSITE FEES","7/27/2026","MIAMI, FL ","FILED","1266.75"
"CANDIDATE COMMITTEE","FORNSTROM FOR HD10","MINUTEMAN PRESS","PRINTING","7/27/2026","CHEYENNE, WY 82009","FILED","242.04"
"CANDIDATE COMMITTEE","FORNSTROM FOR HD10","US POSTAL SERVICE","POSTAGE","7/27/2026","PINE BLUFFS, WY 82082","FILED","164"
"CANDIDATE COMMITTEE","FRIENDS OF CJ YOUNG","DAZBOG","FOOD AND BEVERAGES","7/27/2026","CHEYENNE, WY 82001","FILED","14.04"
"CANDIDATE COMMITTEE","FRIENDS OF CJ YOUNG","JERSEY MIKES ","FOOD AND BEVERAGES","7/27/2026","CHEYENNE, WY 82001","FILED","14.69"
"CANDIDATE COMMITTEE","FRIENDS OF CJ YOUNG","LOWE'S","CAMPAIGN YARD SIGNS, BUTTONS, PENS, ETC.","7/27/2026","CHEYENNE, WY 82001","FILED","30.11"
"CANDIDATE COMMITTEE","FRIENDS OF CJ YOUNG","TOPSIDE STRATEGIES","ADVERTISING - DIGITAL","7/27/2026","JACKSONVILLE, FL ","FILED","5034.93"
"CANDIDATE COMMITTEE","FRIENDS OF JULIE JARVIS","FACEBOOK","ADVERTISING - DIGITAL","7/27/2026","MENLO PARK, CA 94025","FILED","902.87"
"CANDIDATE COMMITTEE","HARSHMAN FOR WYOMING","PINE BLUFFS POST","ADVERTISING - NEWSPAPER","7/27/2026","PINE BLUFFS, WY 82082","FILED","403"
"CANDIDATE COMMITTEE","IDE FOR SENATE","EXPRESS PRINTING","PRINTING","7/27/2026","CASPER, WY 82601","FILED","332.84"
"CANDIDATE","JAMES T CORKERY JR","WYOMING SECRETARY OF STATE","IT SERVICES","7/27/2026","CHEYENNE, WY 82002","FILED","25"
"CANDIDATE COMMITTEE","JEANETTE WARD FOR WYOMING","MAD RABBIT CONFABS","ADVERTISING - MISC.","7/27/2026","SARASOTA, FL 34243","FILED","1500"
"CANDIDATE COMMITTEE","JEANETTE WARD FOR WYOMING","META","ADVERTISING - DIGITAL","7/27/2026","MENLO PARK, CA 98052","FILED","33"
"CANDIDATE","JEREMY MICHAEL HAROLDSON ","ARBYS ","FOOD AND BEVERAGES","7/27/2026","WHEATLAND, WY 82201","FILED","30.02"
"CANDIDATE","KAREN WEBER ","AARON MOSE - PARADE CANDY","FOOD AND BEVERAGES","7/27/2026","WY ","FILED","100"
"CANDIDATE COMMITTEE","KOLTISKA FOR SHERIDAN","SHERIDAN MEDIA","ADVERTISING - RADIO","7/27/2026","SHERIDAN, WY 82801","FILED","2350.3"
"CANDIDATE","LLOYD CHARLES LARSEN ","LLOYD LARSEN","OFFICE SUPPLIES","7/27/2026","LANDER, WY 82520","FILED","300"
"CANDIDATE","LLOYD CHARLES LARSEN ","WESTERN PRINTING","PRINTING","7/27/2026","LANDER, WY 82520","FILED","836.17"
"CANDIDATE COMMITTEE","LYTTLE FOR HOUSE","ACTBLUE - CONTRIBUTION PROCESSING FEES","BANKING ","7/27/2026","BOSTON, MA 02196","FILED","32.73"
"CANDIDATE","MATTHEW LEGLER ","SYDNEY LEGLER","GRAPHICS/WEBSITE FEES","7/27/2026","WY ","FILED","166"
"CANDIDATE COMMITTEE","MCINTOSH FOR WYOMING","LITTLE OL PRINTSHOP","PRINTING","7/27/2026","CHEYENNE, WY 82001","FILED","666.75"
"CANDIDATE COMMITTEE","MEGAN FOR GOVERNOR","CHARLOTTE JONES","CONSULTING","7/27/2026","LARAMIE, WY 82070","FILED","6000"
"CANDIDATE COMMITTEE","MEGAN FOR GOVERNOR","GOOGLE WORKSPACE","ADVERTISING - DIGITAL","7/27/2026","MOUNTAIN VIEW, CA 94043","FILED","2500"
"CANDIDATE COMMITTEE","MEGAN FOR GOVERNOR","JOE TURCOTTE","CONSULTING","7/27/2026","AUGUSTA, ME 04330","FILED","220"
"CANDIDATE COMMITTEE","MEGAN FOR GOVERNOR","META PLATFORMS (FACEBOOK)","ADVERTISING - DIGITAL","7/27/2026","MENLO PARK, CA 94025","FILED","1226.41"
"CANDIDATE COMMITTEE","MEGAN FOR GOVERNOR","RED CURVE SOLUTIONS","CONSULTING","7/27/2026","BEVERLY, MA 01915","FILED","4000"
"CANDIDATE COMMITTEE","MEGAN FOR GOVERNOR","TOWN OF DAYTON","FACILITY FEE","7/27/2026","DAYTON, WY 82836","FILED","100"
"CANDIDATE COMMITTEE","MEGAN FOR GOVERNOR","WINRED TECHNICAL SERVICES","BANKING ","7/27/2026","CHEYENNE, WY 82001","FILED","0.79"
"CANDIDATE COMMITTEE","MYCA FOR SHERIDAN","SHERIDAN MEDIA","ADVERTISING - RADIO","7/27/2026","WY ","FILED","2846.25"
"CANDIDATE","QWENTON EAGLE OVIATT ","STINKER 213","TRAVEL (HOTEL, GAS, ETC.)","7/27/2026","RAWLINS, WY ","FILED","75"
"CANDIDATE","R. J. KOST ","HEART MOUNTAIN BROADCASTING","ADVERTISING - RADIO","7/27/2026","POWELL, WY 82435","FILED","465"
"CANDIDATE","R. J. KOST ","KPOW","ADVERTISING - RADIO","7/27/2026","POWELL, WY 82435","FILED","232.5"
"CANDIDATE","R. J. KOST ","USPS","POSTAGE","7/27/2026","POWELL, WY 82435","FILED","32.8"
"CANDIDATE COMMITTEE","REINER FOR WYOMING","EXPRESS DIGITAL","ADVERTISING - MISC.","7/27/2026"," , UT ","FILED","1316.62"
"CANDIDATE COMMITTEE","REINER FOR WYOMING","EXPRESS DIGITAL","ADVERTISING - MISC.","7/27/2026"," , UT ","FILED","1308.78"
"CANDIDATE","ROBERT L HENDRY ","WINRED","ADMINISTRATIVE COSTS","7/27/2026","CHEYENNE, WY 82001","AMEND - ADD","9.83"
"CANDIDATE","ROY BIRT ","NICHOLE ODOM","FACILITY FEE","7/27/2026","CHEYENNE, WY 82001","FILED","20"
"CANDIDATE","ROY BIRT ","OUT OF THE BOX PERFORMANCE","PRINTING","7/27/2026","WY ","FILED","4041.1"
"CANDIDATE","ROY BIRT ","SAFEWAY","FOOD AND BEVERAGES","7/27/2026","WHEATLAND, WY 82201","FILED","17.96"
"CANDIDATE COMMITTEE","SCHRIFTMAN FOR STATE HOUSE","NAT. CO. REPUB. WOMEN","OTHER: BOOTH","7/27/2026","WY ","FILED","50"
"CANDIDATE COMMITTEE","SERVER FOR WY","CANVA","IT SERVICES","7/27/2026"," , WY ","FILED","20"
"CANDIDATE COMMITTEE","SHORT FOR STATE","BIG D","TRAVEL (HOTEL, GAS, ETC.)","7/27/2026","WY ","FILED","100"
"CANDIDATE COMMITTEE","SHORT FOR STATE","HOKKAIDO RAMEN","FOOD AND BEVERAGES","7/27/2026","WY ","FILED","153.69"
"CANDIDATE COMMITTEE","SHORT FOR STATE","MAJORITY STRATEGIES","ADVERTISING - MISC.","7/27/2026","WY ","FILED","18183.1"
"CANDIDATE COMMITTEE","STACY JONES FOR SENATE DISTRICT 13","WAL MART","ADVERTISING - MISC.","7/27/2026","WY ","FILED","26.97"
"CANDIDATE COMMITTEE","VOTE BOLLER HD52 ","GILLETTE NEWS RECORD","ADVERTISING - NEWSPAPER","7/27/2026","GILLETTE, WY 82716","FILED","589.8"
"CANDIDATE COMMITTEE","WILLOX FOR WYOMING","CAPITAL PROMOTIONS","CAMPAIGN YARD SIGNS, BUTTONS, PENS, ETC.","7/27/2026","GLENSIDE, PA 19038","FILED","357"
"CANDIDATE COMMITTEE","WRIGHT4WYOMING","WALMART","OTHER: OTHER","7/27/2026","","FILED","157.77"
"CANDIDATE COMMITTEE","WRIGHT4WYOMING","ZAZZLE","CAMPAIGN YARD SIGNS, BUTTONS, PENS, ETC.","7/27/2026","","FILED","130.83"
"CANDIDATE COMMITTEE","BARLOW FOR WYOMING","DAYTON DAYS","ADVERTISING - MISC.","7/26/2026","DAYTON, WY 82836","FILED","300"
"CANDIDATE","BOB NICHOLAS ","OFFICE DEPOT","PRINTING","7/26/2026","CHEYENNE, WY 82009","FILED","200.67"
"CANDIDATE COMMITTEE","COMMITTEE TO ELECT BRITNEY TENNANT","ELIZABETH DILLOW","PRINTING","7/26/2026","CHEYENNE, WY 82001","FILED","385.28"
"CANDIDATE COMMITTEE","COMMITTEE TO ELECT LAURIE BRATTEN","SHERIDAN MEDIA","ADVERTISING - MISC.","7/26/2026","SHERIDAN, WY 82801","FILED","86"
"CANDIDATE COMMITTEE","COMMITTEE TO ELECT LAURIE BRATTEN","VVISTAPRINT","PRINTING","7/26/2026","WALTHAM, MA 02451","FILED","240.18"
"CANDIDATE","DARIN M MCCANN ","SWEETWATER COUNTY EVENTS","FACILITY FEE","7/26/2026","ROCK SPRINGS, WY 82901","FILED","100"
"CANDIDATE COMMITTEE","DAVID HILL FOR HOUSE DISTRICT 50","META","ADVERTISING - DIGITAL","7/26/2026","","FILED","500"
"CANDIDATE","DONNA KAY RICE ","FACEBOOK","ADVERTISING - DIGITAL","7/26/2026","","FILED","41"
"CANDIDATE","JAMES A. WILSON ","WALMART","PHONE","7/26/2026","ROCK SPRINGS, WY 82901","FILED","48.38"
"CANDIDATE COMMITTEE","JAMES WAMSLEY FOR WYOMING","AMAZON","ADVERTISING - MISC.","7/26/2026","SEATTLE, WA 98109","FILED","35.68"
"CANDIDATE COMMITTEE","LYTTLE FOR HOUSE","ACTBLUE - CONTRIBUTION PROCESSING FEES","BANKING ","7/26/2026","BOSTON, MA 02196","FILED","1.05"
"CANDIDATE COMMITTEE","LYTTLE FOR HOUSE","WY DEMOCRATIC PARTY","GRAPHICS/WEBSITE FEES","7/26/2026","CHEYENNE, WY 82001","FILED","100"
"CANDIDATE COMMITTEE","SHORT FOR STATE","CLOSE PATH AVIATION","TRAVEL (HOTEL, GAS, ETC.)","7/26/2026","WY ","FILED","1300"
"CANDIDATE COMMITTEE","SHORT FOR STATE","COWBOY STATE DAILY","ADVERTISING - DIGITAL","7/26/2026","WY ","FILED","8000"
"CANDIDATE","WENDY DAVIS SCHULER ","BRIDGER VALLEY PIONEER","ADVERTISING - NEWSPAPER","7/26/2026","LYMAN, WY ","FILED","200"
"CANDIDATE","WENDY DAVIS SCHULER ","UINTA COUNTY HERALD","ADVERTISING - NEWSPAPER","7/26/2026","EVANSTON, WY 82930","FILED","200"
"CANDIDATE COMMITTEE","WRIGHT4WYOMING","UPS STORE","PRINTING","7/26/2026","","FILED","85.05"
"CANDIDATE COMMITTEE","WRIGHT4WYOMING","USPS","POSTAGE","7/26/2026","","FILED","164"
"CANDIDATE COMMITTEE","COMMITTEE TO ELECT JD WILLIAMS ","ISABELLA'S","FOOD AND BEVERAGES","7/25/2026","NEWCASTLE, WY 82701","FILED","340"
"CANDIDATE COMMITTEE","COMMITTEE TO ELECT JD WILLIAMS ","OLSON STRATEGIES & ADVERTISING","ADVERTISING - DIGITAL","7/25/2026","ALEXANDRIA, VA 22314","FILED","750"
"CANDIDATE","DARIN M MCCANN ","TA EXPRESS ","FOOD AND BEVERAGES","7/25/2026","ROCK SPRINGS, WY 82901","FILED","12.98"
"CANDIDATE","DONNA KAY RICE ","FACEBOOK","ADVERTISING - DIGITAL","7/25/2026","","FILED","25"
"CANDIDATE","JEFF MARTIN ","BLOEDORN LUMBER","OTHER: SIGNAGE","7/25/2026"," , WY ","FILED","133.41"
"CANDIDATE","JUSTIN WILLIAM WINNEY JR","4H AUCTION","CANDIDATE/COMMITTEE CONTRIBUTION","7/25/2026","PINEDALE, WY 82941","FILED","350"
"CANDIDATE COMMITTEE","KELLER FOR WYO","FAMILY DOLLAR","FOOD AND BEVERAGES","7/25/2026","WY ","FILED","12"
"CANDIDATE COMMITTEE","KELLER FOR WYO","LYNN'S","FOOD AND BEVERAGES","7/25/2026","WY ","FILED","24.87"
"CANDIDATE COMMITTEE","KELLER FOR WYO","WYOMING LIVESTOCK ROUNDUP","ADVERTISING - NEWSPAPER","7/25/2026","WY ","FILED","664"
"CANDIDATE","LISA WILSON ","VISTA PRINT","PRINTING","7/25/2026","LEXINGTON, MA 02421","FILED","2721.6"
"CANDIDATE","MEAGAN HERRINGTON ","FACEBOOK","ADVERTISING - DIGITAL","7/25/2026","WY ","FILED","35"
"CANDIDATE COMMITTEE","RAH FOR HD17","HARBOR FREIGHT","OFFICE SUPPLIES","7/25/2026","ROCK SPRINGS, WY 82901","FILED","12.71"
"CANDIDATE","ROBERT L HENDRY ","SQUARE SPACE","GRAPHICS/WEBSITE FEES","7/25/2026","","AMEND - ADD","25"
"CANDIDATE COMMITTEE","SHORT FOR STATE","AMERICAN EXPRESS RENTAL INS","TRAVEL (HOTEL, GAS, ETC.)","7/25/2026","WY ","FILED","24.95"
"CANDIDATE COMMITTEE","SHORT FOR STATE","SMITH FUEL CENTER","TRAVEL (HOTEL, GAS, ETC.)","7/25/2026","WY ","FILED","40.05"
"CANDIDATE COMMITTEE","SPECKNER FOR HOUSE DISTRICT 5","KATH BROADCASTING","ADVERTISING - RADIO","7/25/2026","TORRINGTON, WY 82240","FILED","3062.45"
"CANDIDATE","TONY LOCKE ","PIZZA RANCH","FOOD AND BEVERAGES","7/25/2026","","FILED","97.23"
"CANDIDATE COMMITTEE","WILLOX FOR WYOMING","OLSON STRATEGIES","ADVERTISING - DIGITAL","7/25/2026","ALEXANDRIA, VA 22314","FILED","680.8"
"CANDIDATE COMMITTEE","BARLOW FOR WYOMING","THE POLITICAL FIRM","ADVERTISING - TV","7/24/2026","BATON ROUGE, LA 70808","FILED","4586.52"
"CANDIDATE COMMITTEE","BARLOW FOR WYOMING","THE POLITICAL FIRM","ADVERTISING - TV","7/24/2026","BATON ROUGE, LA 70808","FILED","4406.52"
"CANDIDATE COMMITTEE","BIGELOW FOR HD51","MAJORITY STRATEGIES","ADVERTISING - MISC.","7/24/2026","DALLAS, TX 75267","FILED","4567.92"
"CANDIDATE","BILL FORTNER ","BASIN RADIO","ADVERTISING - RADIO","7/24/2026","GILLETTE, WY 82718","FILED","494.5"
"CANDIDATE COMMITTEE","BRENT BIEN FOR GOVERNOR","GOOD NEWS PUBLICATION","ADVERTISING - MISC.","7/24/2026","WY ","FILED","139.74"
"CANDIDATE COMMITTEE","BUTCHER FOR WYOMING","NATION BUILDER","ADMINISTRATIVE COSTS","7/24/2026","WY ","FILED","227.82"
"CANDIDATE","CALE CASE ","AMBI MAIL","ADVERTISING - MISC.","7/24/2026","WY ","FILED","3258.95"
"CANDIDATE","CARL MANNING ","CAMPAIGN PARTNER","GRAPHICS/WEBSITE FEES","7/24/2026","HARVARD, WY 01451","FILED","29"
"CANDIDATE COMMITTEE","COMMITTEE TO ELECT ANNE ZIEGENHORN","DOLLAR GENERAL","OFFICE SUPPLIES","7/24/2026","GILLETTE, WY 82718","FILED","19.23"
"CANDIDATE COMMITTEE","COMMITTEE TO ELECT CHIP NEIMAN SENATE DISTRICT 1","OUT OF BOX PERFORMANCE","ADVERTISING - MISC.","7/24/2026","COLORADO SPRINGS, CO 80951","FILED","5397.61"
"CANDIDATE COMMITTEE","COMMITTEE TO ELECT KEN PENDERGRAFT","IONOS","GRAPHICS/WEBSITE FEES","7/24/2026","WY ","FILED","2.5"
"CANDIDATE COMMITTEE","CONNOLLY FOR STATE HOUSE","RIGHT INSIGHT","ADVERTISING - DIGITAL","7/24/2026","BOISE, ID 83701","FILED","30.9"
"CANDIDATE COMMITTEE","CONNOLLY FOR STATE HOUSE","RIGHT INSIGHT","ADVERTISING - DIGITAL","7/24/2026","BOISE, ID 83701","FILED","101.97"
"CANDIDATE COMMITTEE","DAVID HILL FOR HOUSE DISTRICT 50","MAJORITY STRATEGIES","ADVERTISING - MISC.","7/24/2026","","FILED","2701.77"
"CANDIDATE","DAVID KARL WALTON ","INTERNATIONAL MINUTE PRESS BOISE","CAMPAIGN YARD SIGNS, BUTTONS, PENS, ETC.","7/24/2026","BOISE, ID 83705","FILED","272.81"
"CANDIDATE","DONNA KAY RICE ","FACEBOOK","ADVERTISING - DIGITAL","7/24/2026","","FILED","24"
"CANDIDATE COMMITTEE","FORNSTROM FOR HD10","AMAZON","OFFICE SUPPLIES","7/24/2026","SEATTLE, WA 98109","FILED","110.71"
"CANDIDATE COMMITTEE","FRIENDS OF CJ YOUNG","AAFES","TRAVEL (HOTEL, GAS, ETC.)","7/24/2026","CHEYENNE, WY 82001","FILED","34.17"
"CANDIDATE COMMITTEE","FRIENDS OF CJ YOUNG","BUC-EE","TRAVEL (HOTEL, GAS, ETC.)","7/24/2026","BERTHOUD, CO ","FILED","34.17"
"CANDIDATE COMMITTEE","FRIENDS OF CJ YOUNG","LOWE'S","CAMPAIGN YARD SIGNS, BUTTONS, PENS, ETC.","7/24/2026","CHEYENNE, WY 82001","FILED","20.98"
"CANDIDATE COMMITTEE","FRIENDS OF JULIE JARVIS","FACEBOOK","ADVERTISING - DIGITAL","7/24/2026","MENLO PARK, CA 94025","FILED","900"
"CANDIDATE","JAMES TEMPLE ","VISTA PRINT","CAMPAIGN YARD SIGNS, BUTTONS, PENS, ETC.","7/24/2026","WY ","FILED","752.9"
"CANDIDATE","JUSTIN WILLIAM WINNEY JR","RIGHT STRATEGIES","ADVERTISING - DIGITAL","7/24/2026","ANKENNY, IA 50023","FILED","250"
"CANDIDATE COMMITTEE","KELLER FOR WYO","IHEARTMEDIA","ADVERTISING - RADIO","7/24/2026","WY ","FILED","1227.32"
"CANDIDATE COMMITTEE","KOLTISKA FOR SHERIDAN","CHEYENNE BROWN","ADVERTISING - MISC.","7/24/2026","SHERIDAN, WY 82801","FILED","1250"
"CANDIDATE COMMITTEE","KOLTISKA FOR SHERIDAN","FACEBOOK","ADVERTISING - DIGITAL","7/24/2026","MENLO PARK, CA 94025","FILED","24"
"CANDIDATE","MARCIA JOANN NEUMILLER ","AMBI","CAMPAIGN YARD SIGNS, BUTTONS, PENS, ETC.","7/24/2026","CASPER, WY 82602","FILED","407.52"
"CANDIDATE COMMITTEE","MARK JENNINGS FOR HOUSE DISTRICT 30","HARRY POLLAK","PRINTING","7/24/2026","SHERIDAN, WY 82801","FILED","240.18"
"CANDIDATE COMMITTEE","MARK JENNINGS FOR HOUSE DISTRICT 30","USPS","POSTAGE","7/24/2026","SHERIDAN, WY 82801","FILED","1118.45"
"CANDIDATE","MARLENE BRADY ","SWEETWATER EVENTS COMPLEX","FACILITY FEE","7/24/2026","ROCK SPRINGS, WY 82901","FILED","100"
"CANDIDATE","MATTHEW HURT ","META","ADVERTISING - DIGITAL","7/24/2026","CHEYENNE, WY 82001","FILED","31.26"
"CANDIDATE COMMITTEE","MEGAN FOR GOVERNOR","ANEDOT","BANKING ","7/24/2026","DALLAS, TX 41002","FILED","100.3"
"CANDIDATE COMMITTEE","MEGAN FOR GOVERNOR","GOOGLE WORKSPACE","ADVERTISING - DIGITAL","7/24/2026","MOUNTAIN VIEW, CA 94043","FILED","2000"
"CANDIDATE COMMITTEE","MEGAN FOR GOVERNOR","META PLATFORMS (FACEBOOK)","ADVERTISING - DIGITAL","7/24/2026","MENLO PARK, CA 94025","FILED","450"
"CANDIDATE","QWENTON EAGLE OVIATT ","GOOD TO GO","TRAVEL (HOTEL, GAS, ETC.)","7/24/2026","RIVERTON, WY ","FILED","26.14"
"CANDIDATE","QWENTON EAGLE OVIATT ","GOOD TO GO STORE","TRAVEL (HOTEL, GAS, ETC.)","7/24/2026","RIVERTON, WY ","FILED","90.63"
"CANDIDATE","QWENTON EAGLE OVIATT ","SNOW DEEP ","CAMPAIGN YARD SIGNS, BUTTONS, PENS, ETC.","7/24/2026","LANDER, WY ","FILED","362.5"
"CANDIDATE","R. J. KOST ","POWELL TRIBUNE","ADVERTISING - NEWSPAPER","7/24/2026","POWELL, WY 82435","FILED","1000"
"CANDIDATE","R. J. KOST ","VISION WEST","ADVERTISING - MISC.","7/24/2026","POWELL, WY 82435","FILED","35.36"
"CANDIDATE COMMITTEE","REINER FOR WYOMING","PBR","CAMPAIGN YARD SIGNS, BUTTONS, PENS, ETC.","7/24/2026","CHEYENNE, WY 82009","FILED","241.5"
"CANDIDATE COMMITTEE","REINER FOR WYOMING","PBR","PRINTING","7/24/2026","CHEYENNE, WY 82009","FILED","152.29"
"CANDIDATE","SCOTT SMITH JR","CANVA.COM","ADVERTISING - MISC.","7/24/2026","WY ","FILED","143.1"
"CANDIDATE COMMITTEE","SERVER FOR WY","PBR PRINTING","CAMPAIGN YARD SIGNS, BUTTONS, PENS, ETC.","7/24/2026"," , WY ","FILED","181.13"
"CANDIDATE COMMITTEE","SHORT FOR STATE","AIRBNB","TRAVEL (HOTEL, GAS, ETC.)","7/24/2026","WY ","FILED","112.19"
"CANDIDATE COMMITTEE","SHORT FOR STATE","JAMISON WHALEY","ADVERTISING - DIGITAL","7/24/2026","WY ","FILED","17515"
"CANDIDATE COMMITTEE","SHORT FOR STATE","LOAF N JUG","TRAVEL (HOTEL, GAS, ETC.)","7/24/2026","WY ","FILED","37.35"
"CANDIDATE COMMITTEE","SHORT FOR STATE","SAM'S CLUB FUEL","TRAVEL (HOTEL, GAS, ETC.)","7/24/2026","WY ","FILED","54.92"
"CANDIDATE COMMITTEE","SHORT FOR STATE","SAM'S CLUB FUEL","TRAVEL (HOTEL, GAS, ETC.)","7/24/2026","WY ","FILED","54.92"
"CANDIDATE","TREY LYNN SHERWOOD ","WALMART","PRINTING","7/24/2026","LARAMIE, WY 82072","FILED","24.45"
"CANDIDATE","WENDY DAVIS SCHULER ","CHEVRON","TRAVEL (HOTEL, GAS, ETC.)","7/24/2026","EVANSTON, WY 82930","FILED","59.82"
"CANDIDATE COMMITTEE","WRIGHT4WYOMING","ALBANY COUNTY FAIR","FACILITY FEE","7/24/2026","","FILED","200"
"CANDIDATE COMMITTEE","BARLOW FOR WYOMING","AX MEDIA","ADVERTISING - DIGITAL","7/23/2026","KANSAS CITY, MO 64112","FILED","27125"
"CANDIDATE COMMITTEE","BARLOW FOR WYOMING","AX MEDIA","ADVERTISING - RADIO","7/23/2026","KANSAS CITY, MO 64112","FILED","12326"
"CANDIDATE COMMITTEE","BARLOW FOR WYOMING","AX MEDIA","ADVERTISING - TV","7/23/2026","KANSAS CITY, MO 64112","FILED","58000"
"CANDIDATE COMMITTEE","BARLOW FOR WYOMING","SPOONS BISTRO","FOOD AND BEVERAGES","7/23/2026","VICTOR, ID 83455","FILED","9994.8"
"CANDIDATE COMMITTEE","BINGHAM FOR WYOMING","WINRED TECHNICAL SERVICES LLC","BANKING ","7/23/2026","","FILED","1.03"
"CANDIDATE COMMITTEE","BRENT BIEN FOR GOVERNOR","THE UPS STORE","SHIPPING","7/23/2026","WY ","FILED","32.52"
"CANDIDATE COMMITTEE","BRENT BIEN FOR GOVERNOR","THE UPS STORE","SHIPPING","7/23/2026","WY ","FILED","35.32"
"CANDIDATE COMMITTEE","COMMITTEE TO ELECT ANNE ZIEGENHORN","BRIANNA'S BAKERY","FOOD AND BEVERAGES","7/23/2026","GILLETTE, WY 82716","FILED","117.99"
"CANDIDATE COMMITTEE","COMMITTEE TO ELECT CAT URBIGKIT","KEVIN CHRISTENSEN","CANDIDATE/COMMITTEE CONTRIBUTION","7/23/2026","CASPER, WY 82601","FILED","500"
"CANDIDATE COMMITTEE","COMMITTEE TO ELECT LAURIE BRATTEN","ANEDOT","BANKING ","7/23/2026","NEW ORLEANS, LA 70112","FILED","10.3"
"CANDIDATE COMMITTEE","CONNOLLY FOR STATE HOUSE","BUFFALO BULLETIN","ADVERTISING - NEWSPAPER","7/23/2026","BUFFALO, WY 82834","FILED","714"
"CANDIDATE","DALTON BANKS ","COWLEY MERCANTILE ","TRAVEL (HOTEL, GAS, ETC.)","7/23/2026","COWLEY, WY 82420","FILED","80.05"
"CANDIDATE COMMITTEE","DAVID HILL FOR HOUSE DISTRICT 50","KPOW","ADVERTISING - RADIO","7/23/2026","WY ","FILED","620"
"CANDIDATE","DEB MUTTER SHAMLEY ","LOWES","CAMPAIGN YARD SIGNS, BUTTONS, PENS, ETC.","7/23/2026","CHEYENNE, WY 82001","FILED","104.31"
"CANDIDATE","DONNA KAY RICE ","FACEBOOK","ADVERTISING - DIGITAL","7/23/2026","","FILED","14.92"
"CANDIDATE COMMITTEE","EDWARDS FOR WYOMING","OLSEN STRATEGIES & ADVERTISING, INC.","CONSULTING","7/23/2026","ALEXANDRIA, VA 22314","FILED","543.6"
"CANDIDATE COMMITTEE","ERICKSON FOR HD 37","STAPLES","SHIPPING","7/23/2026","CASPER, WY 82609","FILED","20.03"
"CANDIDATE COMMITTEE","HARSHMAN FOR WYOMING","CODY ENTERPRISE","ADVERTISING - NEWSPAPER","7/23/2026","CODY, WY 82414","FILED","255"
"CANDIDATE COMMITTEE","JEANETTE WARD FOR WYOMING","VISTAPRINT","ADVERTISING - MISC.","7/23/2026","LEXINGTON, MA 02421","FILED","1073.17"
"CANDIDATE","JOHN F WETZEL ","VISION WEST","ADVERTISING - MISC.","7/23/2026","POWELL, WY 82435","FILED","187.2"
"CANDIDATE COMMITTEE","JRFORHOUSE59","STAPLES","PRINTING","7/23/2026","CASPER, WY 82604","FILED","78.01"
"CANDIDATE COMMITTEE","JRFORHOUSE59","STAPLES","PRINTING","7/23/2026","CASPER, WY 82604","FILED","17.22"
"CANDIDATE COMMITTEE","JRFORHOUSE59","TOWNSQUARE MEDIA","ADVERTISING - RADIO","7/23/2026","CASPER, WY 82604","FILED","2402"
"CANDIDATE","KAREN WEBER ","COWBOY STATE POLITICS","ADVERTISING - RADIO","7/23/2026","SHERIDAN, WY ","FILED","600"
"CANDIDATE","LEVI ASAY ","COWBOY STATE DAILY","ADVERTISING - DIGITAL","7/23/2026","WY ","FILED","1250"
"CANDIDATE COMMITTEE","MARK JENNINGS FOR HOUSE DISTRICT 30","COMMITTEE TO ELECT KARLA KALEY","ADVERTISING - MISC.","7/23/2026","SHERIDAN, WY 82801","FILED","50"
"CANDIDATE COMMITTEE","MARK JENNINGS FOR HOUSE DISTRICT 30","FARMERS COOP","TRAVEL (HOTEL, GAS, ETC.)","7/23/2026","SHERIDAN, WY 82801","FILED","71.04"
"CANDIDATE COMMITTEE","MCINTOSH FOR WYOMING","CAPITAL LUMBER","CAMPAIGN YARD SIGNS, BUTTONS, PENS, ETC.","7/23/2026","CHEYENNE, WY 82001","FILED","43.42"
"CANDIDATE COMMITTEE","MCINTOSH FOR WYOMING","US POSTAL SERVICE","POSTAGE","7/23/2026","CHEYENNE, WY 82001","FILED","82"
"CANDIDATE COMMITTEE","MEGAN FOR GOVERNOR","META PLATFORMS (FACEBOOK)","ADVERTISING - DIGITAL","7/23/2026","MENLO PARK, CA 94025","FILED","450"
"CANDIDATE COMMITTEE","MEGAN FOR GOVERNOR","WINRED TECHNICAL SERVICES","BANKING ","7/23/2026","CHEYENNE, WY 82001","FILED","9.85"
"CANDIDATE COMMITTEE","MYCA FOR SHERIDAN","ALPHA GRAPHICS","PRINTING","7/23/2026","WY ","FILED","1742.24"
"CANDIDATE COMMITTEE","MYCA FOR SHERIDAN","FACEBOOK","ADVERTISING - DIGITAL","7/23/2026","WY ","FILED","44"
"CANDIDATE","OCEAN ANDREW ","ITI DIRECT MAIL","POSTAGE","7/23/2026","","FILED","1654.25"
"CANDIDATE","PAUL L WING ","RMC","CONSULTING","7/23/2026","LAS VEGAS, NV 89117","FILED","1738.53"
"CANDIDATE","QWENTON EAGLE OVIATT ","BLANCA TATANKA","FOOD AND BEVERAGES","7/23/2026","CODY, WY ","FILED","54.76"
"CANDIDATE","QWENTON EAGLE OVIATT ","MAVERIK 166","TRAVEL (HOTEL, GAS, ETC.)","7/23/2026","WORLAND, WY ","FILED","27.6"
"CANDIDATE","R. J. KOST ","WYOMING 310","FOOD AND BEVERAGES","7/23/2026","WY ","FILED","91.24"
"CANDIDATE COMMITTEE","REINER FOR WYOMING","LOWES","CAMPAIGN YARD SIGNS, BUTTONS, PENS, ETC.","7/23/2026","CHEYENNE, WY 82009","FILED","171.97"
"CANDIDATE","ROY BIRT ","PINE BLUFFS POST","ADVERTISING - NEWSPAPER","7/23/2026","PINE BLUFFS, WY 82082","FILED","1184"
"CANDIDATE","SCOTT SMITH JR","SQUARE.COM","BANKING ","7/23/2026","WY ","FILED","8.82"
"CANDIDATE COMMITTEE","SHORT FOR STATE","ENTERPRISE RENT A CAR","TRAVEL (HOTEL, GAS, ETC.)","7/23/2026","WY ","FILED","944.3"
"CANDIDATE COMMITTEE","SHORT FOR STATE","SAM'S CLUB FUEL","TRAVEL (HOTEL, GAS, ETC.)","7/23/2026","WY ","FILED","47.53"
"CANDIDATE COMMITTEE","SHORT FOR STATE","WYO PRINT","CAMPAIGN YARD SIGNS, BUTTONS, PENS, ETC.","7/23/2026","WY ","FILED","126"
"CANDIDATE COMMITTEE","SPECKNER FOR HOUSE DISTRICT 5","M PRINTS 91","CAMPAIGN YARD SIGNS, BUTTONS, PENS, ETC.","7/23/2026","TORRINGTON, WY 82240","FILED","364.97"
"CANDIDATE COMMITTEE","SPECKNER FOR HOUSE DISTRICT 5","M PRINTS 91","CAMPAIGN YARD SIGNS, BUTTONS, PENS, ETC.","7/23/2026","TORRINGTON, WY 82240","FILED","638.68"
"CANDIDATE COMMITTEE","STORER FOR STATE HOUSE","ERIN SPONG","ADVERTISING - DIGITAL","7/23/2026","POCATELLO, ID 83201","FILED","575"
"CANDIDATE COMMITTEE","THE FRIENDS TO ELECT MARK JONES","PAYPAL","GRAPHICS/WEBSITE FEES","7/23/2026","SAN JOSE, CA 95131","FILED","15.44"
"CANDIDATE COMMITTEE","THE PEOPLE FOR PROVENZA","MAILCHIMP","GRAPHICS/WEBSITE FEES","7/23/2026","","FILED","154.33"
"CANDIDATE","TONY LOCKE ","VISTA PRINT","PRINTING","7/23/2026","","FILED","674.99"
"CANDIDATE","WENDY DAVIS SCHULER ","SHIPPING PLUS","PRINTING","7/23/2026","EVANSTON, WY 82930","FILED","18.74"
"CANDIDATE","ALBERT SOMMERS ","KPIN","ADVERTISING - RADIO","7/22/2026","WY ","FILED","199.5"
"CANDIDATE","ALBERT SOMMERS ","OFFICE OUTLET","PRINTING","7/22/2026","WY ","FILED","24.02"
"CANDIDATE","ALBERT SOMMERS ","WIND RIVER BROADCASTING","ADVERTISING - RADIO","7/22/2026","WY ","FILED","325"
"CANDIDATE","ART WASHUT ","ROBERTSON LLC","IT SERVICES","7/22/2026","POWELL, WY 82435","FILED","367.5"
"CANDIDATE COMMITTEE","BARLOW FOR WYOMING","CAZ CONSULTING","ADVERTISING - MISC.","7/22/2026","FORT WORTH, TX 76109","FILED","22946.3"
"CANDIDATE COMMITTEE","BARLOW FOR WYOMING","PULSE DECISION SCIENCE","OTHER: OTHER","7/22/2026","EDMOND, OK 73013","FILED","26660"
"CANDIDATE COMMITTEE","BARLOW FOR WYOMING","RIVERTON RANGER","ADVERTISING - NEWSPAPER","7/22/2026","RIVERTON, WY 82501","FILED","309"
"CANDIDATE","BILL FORTNER ","SIR SPEEDY","ADVERTISING - MISC.","7/22/2026","GILLETTE, WY 82716","FILED","137.7"
"CANDIDATE COMMITTEE","BRENNAN FOR SENATE","WALMART","OFFICE SUPPLIES","7/22/2026","CHEYENNE, WY 82007","PUBLISHED","28.21"
"CANDIDATE COMMITTEE","BRENT BIEN FOR GOVERNOR","FACEBOOK","ADVERTISING - DIGITAL","7/22/2026","WY ","FILED","214"
"CANDIDATE COMMITTEE","CARLIN JONES FOR WYOMING","USPO","POSTAGE","7/22/2026","POWELL, WY ","FILED","1362.71"
"CANDIDATE COMMITTEE","COALITION TO ELECT JOHN BEAR","ANEDOT","BANKING ","7/22/2026","","FILED","50.6"
"CANDIDATE COMMITTEE","COMMITTEE TO ELECT ANNE ZIEGENHORN","TARGET SIGNS","ADVERTISING - DIGITAL","7/22/2026","GILLETTE, WY 82716","FILED","1300"
"CANDIDATE COMMITTEE","COMMITTEE TO ELECT EARL COLLIER FOR HOUSE DISTRICT 3","OUT OF THE BOX PERFORMANCE","PRINTING","7/22/2026","WY ","FILED","2669.53"
"CANDIDATE COMMITTEE","COMMITTEE TO ELECT LAURIE BRATTEN","THE SHERIDAN PRESS","ADVERTISING - NEWSPAPER","7/22/2026","SHERIDAN, WY 82801","FILED","450"
"CANDIDATE COMMITTEE","COMMITTEE TO ELECT OGDEN DRISKILL","DIAMOND BAR","ENTERTAINMENT","7/22/2026","DEVILS TOWER, WY 82714","FILED","134.3"
"CANDIDATE","DEB MUTTER SHAMLEY ","LOWES","CAMPAIGN YARD SIGNS, BUTTONS, PENS, ETC.","7/22/2026","CHEYENNE, WY 82001","FILED","56.19"
"CANDIDATE","DEB MUTTER SHAMLEY ","PBR PRINTING","CAMPAIGN YARD SIGNS, BUTTONS, PENS, ETC.","7/22/2026","CHEYENNE, WY 82001","FILED","525"
"CANDIDATE","DONNA KAY RICE ","DIRECT EDGE CAMPAIGNS, LLC","ADVERTISING - MISC.","7/22/2026","NASHVILLE, TN 37215","FILED","2446.6"
"CANDIDATE","DONNA KAY RICE ","FACEBOOK","ADVERTISING - DIGITAL","7/22/2026","","FILED","4"
"CANDIDATE COMMITTEE","FRIENDS OF NINA WEBBER","OUT OF THE BOX","ADVERTISING - MISC.","7/22/2026","WY ","FILED","3037.93"
"CANDIDATE COMMITTEE","HARSHMAN FOR WYOMING","BUFFALO BULLETIN","ADVERTISING - NEWSPAPER","7/22/2026","BUFFALO, WY 82834","FILED","230"
"CANDIDATE COMMITTEE","HARSHMAN FOR WYOMING","CODY ENTERPRISES","ADVERTISING - NEWSPAPER","7/22/2026","CODY, WY 82414","FILED","1472"
"CANDIDATE COMMITTEE","HARSHMAN FOR WYOMING","GILLETTE NEWS RECORD","ADVERTISING - NEWSPAPER","7/22/2026","GILLETTE, WY 82716","FILED","615.54"
"CANDIDATE COMMITTEE","JAMES WAMSLEY FOR WYOMING","STAPLES","OFFICE SUPPLIES","7/22/2026","ROCK SPRINGS, WY 82901","FILED","5.82"
"CANDIDATE COMMITTEE","JEANETTE WARD FOR WYOMING","META","ADVERTISING - DIGITAL","7/22/2026","MENLO PARK, CA 98052","FILED","33"
"CANDIDATE","KAREN WEBER ","BLOEDORN LUMBER","CAMPAIGN YARD SIGNS, BUTTONS, PENS, ETC.","7/22/2026","TORRINGTON, WY ","FILED","31.32"
"CANDIDATE COMMITTEE","KEVIN HELLING FOR WYOMING","VERIZON WIRELESS","PHONE","7/22/2026","DALLAS, TN 75266","FILED","15.52"
"CANDIDATE","LISA L. ENGEBRETSEN ","QR.IO GENERATOR","CAMPAIGN YARD SIGNS, BUTTONS, PENS, ETC.","7/22/2026","MIDDLETOWN, DE 19709","FILED","39.99"
"CANDIDATE","LISA L. ENGEBRETSEN ","RUMBLEUP","ADVERTISING - MISC.","7/22/2026","ARLINGTON, VA 22201","FILED","505"
"CANDIDATE","LLOYD CHARLES LARSEN ","WESTERN PRINTING","POSTAGE","7/22/2026","LANDER, WY 82520","FILED","939.95"
"CANDIDATE","LLOYD CHARLES LARSEN ","WESTERN PRINTING","PRINTING","7/22/2026","LANDER, WY 82520","FILED","836.17"
"CANDIDATE","MARLENE BRADY ","THE UPS STORE","PRINTING","7/22/2026","ROCK SPRINGS, WY 82901","FILED","65.72"
"CANDIDATE","MATTHEW HURT ","GOOD PARTY LLC","ADVERTISING - DIGITAL","7/22/2026","CHEYENNE, WY 82001","FILED","61.85"
"CANDIDATE COMMITTEE","MCINTOSH FOR WYOMING","CONCEPT FORGE LCCC","CAMPAIGN YARD SIGNS, BUTTONS, PENS, ETC.","7/22/2026","CHEYENNE, WY 82001","FILED","150"
"CANDIDATE COMMITTEE","MCINTOSH FOR WYOMING","LITTLE OL PRINTSHOP","PRINTING","7/22/2026","CHEYENNE, WY 82001","FILED","57.25"
"CANDIDATE COMMITTEE","MEGAN FOR GOVERNOR","ABIGAIL VROMAN","PAYROLL","7/22/2026","CHEYENNE, WY 82009","FILED","864.36"
"CANDIDATE COMMITTEE","MEGAN FOR GOVERNOR","ALLIANCE FORGE ELECTION TECHNOLOGY","ADVERTISING - DIGITAL","7/22/2026","SPARKS, NV 89436","FILED","3141.39"
"CANDIDATE COMMITTEE","MEGAN FOR GOVERNOR","I360","IT SERVICES","7/22/2026","ARLINGTON, VA 22201","FILED","2100"
"CANDIDATE COMMITTEE","MEGAN FOR GOVERNOR","MAJORITY STRATEGIES LLC","CONSULTING","7/22/2026","DALLAS, TX 75267","FILED","5415"
"CANDIDATE COMMITTEE","MEGAN FOR GOVERNOR","META PLATFORMS (FACEBOOK)","ADVERTISING - DIGITAL","7/22/2026","MENLO PARK, CA 94025","FILED","450"
"CANDIDATE COMMITTEE","MEGAN FOR GOVERNOR","ROCKY MOUNTAIN SHIRTWORKS","CAMPAIGN YARD SIGNS, BUTTONS, PENS, ETC.","7/22/2026","LARAMIE, WY 82072","FILED","1160.28"
"CANDIDATE COMMITTEE","MEGAN FOR GOVERNOR","SRCP MEDIA","ADVERTISING - MISC.","7/22/2026","ALEXANDRIA, VA 22314","FILED","1018"
"CANDIDATE COMMITTEE","MEGAN FOR GOVERNOR","SRCP MEDIA","ADVERTISING - MISC.","7/22/2026","ALEXANDRIA, VA 22314","FILED","99860"
"CANDIDATE COMMITTEE","MEGAN FOR GOVERNOR","WINRED TECHNICAL SERVICES","BANKING ","7/22/2026","CHEYENNE, WY 82001","FILED","200.94"
"CANDIDATE COMMITTEE","MYCA FOR SHERIDAN","NATION BUILDER","BANKING ","7/22/2026","WY ","FILED","52.58"
"CANDIDATE","QWENTON EAGLE OVIATT ","THAI THAI","FOOD AND BEVERAGES","7/22/2026","CODY, WY ","FILED","43.68"
"CANDIDATE","ROBERT L HENDRY ","BAR D SIGN, INC","CAMPAIGN YARD SIGNS, BUTTONS, PENS, ETC.","7/22/2026","CASPER, WY 82609","AMEND - ADD","1460.63"
"CANDIDATE COMMITTEE","SHANNON A. BRENNAN FOR WY HOUSE D23","ALPHA GRAPHICS","CAMPAIGN YARD SIGNS, BUTTONS, PENS, ETC.","7/22/2026","JACKSON, WY 83001","FILED","1069.02"
"CANDIDATE COMMITTEE","SINGH FOR WYOMING","WINRED.COM","BANKING ","7/22/2026","WY ","FILED","15.76"
"CANDIDATE COMMITTEE","SPECKNER FOR HOUSE DISTRICT 5","WINRED","ADMINISTRATIVE COSTS","7/22/2026","LINGLE, WY 82223","AMEND - ADD","19.7"
"CANDIDATE COMMITTEE","STORER FOR STATE HOUSE","BMT MICRO","IT SERVICES","7/22/2026","WILMINGTON, NC 28408","FILED","45"
"CANDIDATE COMMITTEE","THE FRIENDS TO ELECT MARK JONES","BUFFALO CHAMBER OF COMMERCE","ADVERTISING - MISC.","7/22/2026","BUFFALO, WY 82834","FILED","15"
"CANDIDATE","TREY LYNN SHERWOOD ","MASTERCARD","BANKING ","7/22/2026","SEATTLE, WA 98124","FILED","8.45"
"CANDIDATE COMMITTEE","WILLIAMS 4 WYOMING","RMC","ADVERTISING - DIGITAL","7/22/2026","LAS VEGAS, NV 89117","FILED","8000"
"CANDIDATE COMMITTEE","WILLOX FOR WYOMING","OLSON STRATEGIES","ADVERTISING - DIGITAL","7/22/2026","ALEXANDRIA, VA 22314","FILED","692.6"
"CANDIDATE COMMITTEE","WRIGHT4WYOMING","ELECTION HIVE","CONSULTING","7/22/2026","","FILED","3042"
"CANDIDATE COMMITTEE","ALLEN HOGG FOR WYOMING","7 LAZY S CAFE","FOOD AND BEVERAGES","7/21/2026","THERMOPOLIS, WY 82443","FILED","37.05"
"CANDIDATE COMMITTEE","ALLEN HOGG FOR WYOMING","MAVERIK","TRAVEL (HOTEL, GAS, ETC.)","7/21/2026","THERMOPOLIS, WY 82443","FILED","81.71"
"CANDIDATE COMMITTEE","ALLEN HOGG FOR WYOMING","THERMOPOLIS INDEPENDANT RECORD","ADVERTISING - NEWSPAPER","7/21/2026","THERMOPOLIS, WY 82443","FILED","628"
"CANDIDATE COMMITTEE","BARLOW FOR WYOMING","WYOMING PRESS ASSOCIATION","ADVERTISING - NEWSPAPER","7/21/2026","CHEYENNE, WY 82001","FILED","765"
"CANDIDATE COMMITTEE","BARLOW FOR WYOMING","WYOMING STATE FAIR PARADE","ADVERTISING - MISC.","7/21/2026","DOUGLAS, WY 82633","FILED","43.56"
"CANDIDATE COMMITTEE","BEN HORNOK FOR WY","PBR PRINTING","PRINTING","7/21/2026","CHEYENNE, WY 82009","FILED","117.78"
"CANDIDATE COMMITTEE","BIGELOW FOR HD51","PARKMAN BAR & GRILL","FOOD AND BEVERAGES","7/21/2026","DAYTON, WY 82836","FILED","156"
"CANDIDATE COMMITTEE","BIGELOW FOR HD51","SHIPTON'S BIG R","FOOD AND BEVERAGES","7/21/2026","SHERIDAN, WY 82801","FILED","62.93"
"CANDIDATE","BILL FORTNER ","UPS","ADVERTISING - MISC.","7/21/2026","GILLETTE, WY 82716","FILED","120.03"
"CANDIDATE","BILL JAMES ALLEMAND ","TOWNE SQUARE MEDIA","ADVERTISING - RADIO","7/21/2026","CASPER, WY 82601","FILED","3782"
"CANDIDATE COMMITTEE","BINGHAM FOR WYOMING","WALMART","OFFICE SUPPLIES","7/21/2026","WY ","FILED","14.71"
"CANDIDATE","BOB NICHOLAS ","LAMAR SIGNS","ADVERTISING - DIGITAL","7/21/2026","CHEYENNE, WY 82001","FILED","4571.42"
"CANDIDATE COMMITTEE","BRENT BIEN FOR GOVERNOR","X CORP","ADVERTISING - DIGITAL","7/21/2026","WY ","FILED","5.49"
"CANDIDATE COMMITTEE","BUTCHER FOR WYOMING","WYOMING RIB & CHOP HOUSE","FOOD AND BEVERAGES","7/21/2026","WY ","FILED","115.27"
"CANDIDATE COMMITTEE","CARLIN JONES FOR WYOMING","WHITE INK PRINTING","ADVERTISING - MISC.","7/21/2026","POWELL, WY ","FILED","3491.91"
"CANDIDATE COMMITTEE","COMMITTEE TO ELECT ANNE ZIEGENHORN","M AND G OIL","TRAVEL (HOTEL, GAS, ETC.)","7/21/2026","GILLETTE, WY 82716","FILED","55.14"
"CANDIDATE COMMITTEE","COMMITTEE TO ELECT EARL COLLIER FOR HOUSE DISTRICT 3","BOMGARRS","CAMPAIGN YARD SIGNS, BUTTONS, PENS, ETC.","7/21/2026","WY ","FILED","33.02"
"CANDIDATE COMMITTEE","COMMITTEE TO ELECT GARY BROWN ","OUT OF THE BOX PERFORMANCE","ADVERTISING - DIGITAL","7/21/2026","WY ","FILED","228.9"
"CANDIDATE COMMITTEE","COMMITTEE TO ELECT KEN CLOUSTON","COMMITTEE TO ELECT ANN ZIEGENHORN","CANDIDATE/COMMITTEE CONTRIBUTION","7/21/2026","WRIGHT, WY 82732","FILED","200"
"CANDIDATE COMMITTEE","COMMITTEE TO ELECT KEN CLOUSTON","EVIE BRENNAN FOR SENATE","CANDIDATE/COMMITTEE CONTRIBUTION","7/21/2026","CHEYENNE, WY 82003","FILED","500"
"CANDIDATE COMMITTEE","COMMITTEE TO ELECT KEN CLOUSTON","GILLETTE NEWSRECORD","ADVERTISING - NEWSPAPER","7/21/2026","GILLETTE, WY 82716","FILED","589.9"
"CANDIDATE COMMITTEE","COMMITTEE TO ELECT KEN PENDERGRAFT","DAYTON DAYS","ADVERTISING - MISC.","7/21/2026","WY ","FILED","100"
"CANDIDATE COMMITTEE","COMMITTEE TO ELECT KEN PENDERGRAFT","USPS","POSTAGE","7/21/2026","WY ","FILED","2511.84"
"CANDIDATE COMMITTEE","CONNOLLY FOR STATE HOUSE","BUFFALO BULLETIN","ADVERTISING - NEWSPAPER","7/21/2026","BUFFALO, WY 82834","FILED","714"
"CANDIDATE","DARIN M MCCANN ","F.B. MCFADDEN WHOLESALE","ADVERTISING - MISC.","7/21/2026","ROCK SPRINGS, WY 82901","FILED","100.6"
"CANDIDATE","DONNA KAY RICE ","FACEBOOK","ADVERTISING - DIGITAL","7/21/2026","","FILED","10.27"
"CANDIDATE COMMITTEE","FRIENDS OF NINA WEBBER","PARK COUNTY FAIR (TABLE)","ADVERTISING - MISC.","7/21/2026","WY ","FILED","175"
"CANDIDATE","JAMES TEMPLE ","RODEO PARADE/KARLA KALEY","ADVERTISING - MISC.","7/21/2026","WY ","FILED","50"
"CANDIDATE","JAMES TEMPLE ","VISTA PRINT/HARRY POLLACK","CAMPAIGN YARD SIGNS, BUTTONS, PENS, ETC.","7/21/2026","WY ","FILED","240.18"
"CANDIDATE","JOHN F WETZEL ","BIG HORN BASIN MEDIA","ADVERTISING - RADIO","7/21/2026","CODY, WY 82414","FILED","1872"
"CANDIDATE","JOHN F WETZEL ","HEART MOUNTAIN BROADCASTING","ADVERTISING - RADIO","7/21/2026","POWELL, WY 82435","FILED","1860"
"CANDIDATE","JOHN F WETZEL ","KPOW","ADVERTISING - RADIO","7/21/2026","POWELL, WY 82435","FILED","620"
"CANDIDATE","KAREN WEBER ","KERM /KGOS RADIO","ADVERTISING - RADIO","7/21/2026","TORRINGTON, WY ","FILED","3613.75"
"CANDIDATE COMMITTEE","KELLER FOR WYO","PRINTASTIC","CAMPAIGN YARD SIGNS, BUTTONS, PENS, ETC.","7/21/2026","NOVI, MI 48377","FILED","174.75"
"CANDIDATE COMMITTEE","LAUREN SCHOENFELD FOR WYOMING","OLSON STRATEGIES","ADVERTISING - MISC.","7/21/2026","ALEXANDRIA, VA 22314","FILED","4131"
"CANDIDATE","LISA WILSON ","ACE HARDWARE","CAMPAIGN YARD SIGNS, BUTTONS, PENS, ETC.","7/21/2026","LANDER, WY 82520","FILED","27.27"
"CANDIDATE COMMITTEE","MARK JENNINGS FOR HOUSE DISTRICT 30","USPS","POSTAGE","7/21/2026","SHERIDAN, WY 82801","FILED","65.6"
"CANDIDATE","MATTHEW HURT ","META","ADVERTISING - DIGITAL","7/21/2026","CHEYENNE, WY 82001","FILED","20"
"CANDIDATE COMMITTEE","MEGAN FOR GOVERNOR","BATTLEFIELD LLC","ADMINISTRATIVE COSTS","7/21/2026","MOUNT VERNON, NY 10550","FILED","34.99"
"CANDIDATE COMMITTEE","MEGAN FOR GOVERNOR","META PLATFORMS (FACEBOOK)","ADVERTISING - DIGITAL","7/21/2026","MENLO PARK, CA 94025","FILED","450"
"CANDIDATE COMMITTEE","MEGAN FOR GOVERNOR","WINRED TECHNICAL SERVICES","BANKING ","7/21/2026","CHEYENNE, WY 82001","FILED","20.3"
"CANDIDATE COMMITTEE","MYCA FOR SHERIDAN","THE SHERIDAN PRESS","ADVERTISING - NEWSPAPER","7/21/2026","WY ","FILED","139.98"
"CANDIDATE COMMITTEE","MYCA FOR SHERIDAN","USPS","POSTAGE","7/21/2026","WY ","FILED","328"
"CANDIDATE","NEIL JESKE ","OUT OF THE BOX PERFORMANCE","ADVERTISING - MISC.","7/21/2026","COLORADO SPRINGS, CO 80909","FILED","2154.82"
"CANDIDATE","NEIL JESKE ","WALGREENS","PRINTING","7/21/2026","CASPER, WY ","FILED","35.34"
"CANDIDATE COMMITTEE","QUIN BLAIR FOR HOUSE DISTRICT 24","COWBOY STATE DAILY","ADVERTISING - DIGITAL","7/21/2026","WY ","FILED","2500"
"CANDIDATE","QWENTON EAGLE OVIATT ","AMAZON","ADVERTISING - MISC.","7/21/2026","WA ","FILED","89.33"
"CANDIDATE COMMITTEE","SHORT FOR STATE","BUFFALO CHAMBER","OTHER: PARADE ENTRY FEE","7/21/2026","WY ","FILED","30"
"CANDIDATE COMMITTEE","SHORT FOR STATE","DAY WEATHER","ADVERTISING - RADIO","7/21/2026","WY ","FILED","4725"
"CANDIDATE COMMITTEE","SHORT FOR STATE","EXXON MOBILE","TRAVEL (HOTEL, GAS, ETC.)","7/21/2026","WY ","FILED","49.55"
"CANDIDATE COMMITTEE","SHORT FOR STATE","OLD SHELL STORE","TRAVEL (HOTEL, GAS, ETC.)","7/21/2026","WY ","FILED","26.45"
"CANDIDATE COMMITTEE","SHORT FOR STATE","OLD SHELL STORE","TRAVEL (HOTEL, GAS, ETC.)","7/21/2026","WY ","FILED","26.45"
"CANDIDATE COMMITTEE","SHORT FOR STATE","SINCLAIR OIL","TRAVEL (HOTEL, GAS, ETC.)","7/21/2026","WY ","FILED","36.37"
"CANDIDATE COMMITTEE","SHORT FOR STATE","SINCLAIR OIL","TRAVEL (HOTEL, GAS, ETC.)","7/21/2026","WY ","FILED","3"
"CANDIDATE COMMITTEE","SHORT FOR STATE","SINCLAIR OIL","TRAVEL (HOTEL, GAS, ETC.)","7/21/2026","WY ","FILED","36.37"
"CANDIDATE COMMITTEE","SHORT FOR STATE","THE STATION","TRAVEL (HOTEL, GAS, ETC.)","7/21/2026","WY ","FILED","7.36"
"CANDIDATE COMMITTEE","STUDY4WYOMING","WYOMARKETING","ADVERTISING - DIGITAL","7/21/2026","WY ","FILED","598.05"
"CANDIDATE COMMITTEE","THE FRIENDS TO ELECT MARK JONES","LIBERTY SERVICE CORPORATION","CONSULTING","7/21/2026","COLORADO SPRINGS, CO 80906","FILED","5382.54"
"CANDIDATE","TINA JOHNSON ","CANVA","ADVERTISING - MISC.","7/21/2026","WY ","FILED","187.55"
"CANDIDATE","TOMI STROCK ","AMBI MAIL AND MARKETING","PRINTING","7/21/2026","CASPER, WY 82602","FILED","2533.84"
"CANDIDATE COMMITTEE","WILLIAMS 4 WYOMING","SIGN ROCKET","CAMPAIGN YARD SIGNS, BUTTONS, PENS, ETC.","7/21/2026","ST PAUL PARK, MN 55071","FILED","420"
"CANDIDATE","ALBERT SOMMERS ","SUE SOMMERS","PRINTING","7/20/2026","WY ","FILED","80"
"CANDIDATE COMMITTEE","BARLOW FOR WYOMING","CHALLENGER PG LLC","CONSULTING","7/20/2026","EDWARDS, CO 81632","FILED","6250"
"CANDIDATE COMMITTEE","BEN HORNOK FOR WY","PBR PRINTING","PRINTING","7/20/2026","CHEYENNE, WY 82009","FILED","78.63"
"CANDIDATE COMMITTEE","BIGELOW FOR HD51","ANEDOT","BANKING ","7/20/2026","DALLAS, TX 75206","FILED","17.2"
"CANDIDATE COMMITTEE","BIGELOW FOR HD51","RIDLEY'S","FOOD AND BEVERAGES","7/20/2026","SHERIDAN, WY 82801","FILED","20.95"
"CANDIDATE COMMITTEE","BIGELOW FOR HD51","SACKETT'S MARKET","FOOD AND BEVERAGES","7/20/2026","SHERIDAN, WY 82801","FILED","375.58"
"CANDIDATE","BOB NICHOLAS ","LAMAR SIGNS","ADVERTISING - DIGITAL","7/20/2026","82002, WY ","FILED","2285.76"
"CANDIDATE","BOB NICHOLAS ","LAMAR SIGNS","CAMPAIGN YARD SIGNS, BUTTONS, PENS, ETC.","7/20/2026","CHEYENNE, WY 82002","FILED","4571.42"
"CANDIDATE COMMITTEE","BRENNAN FOR SENATE","OLSEN STRATEGIES AND ADVERTISING","OTHER: TEXT MESSAGE","7/20/2026","ALEXANDRIA, VA ","PUBLISHED","780.6"
"CANDIDATE COMMITTEE","BRENT BIEN FOR GOVERNOR","FACEBOOK","ADVERTISING - DIGITAL","7/20/2026","WY ","FILED","214"
"CANDIDATE COMMITTEE","BRENT BIEN FOR GOVERNOR","LEE ADVERTISING","ADVERTISING - MISC.","7/20/2026","WY ","FILED","1700"
"CANDIDATE COMMITTEE","BRENT BIEN FOR GOVERNOR","VISTAPRINT","CAMPAIGN YARD SIGNS, BUTTONS, PENS, ETC.","7/20/2026","WY ","FILED","177.82"
"CANDIDATE","CALE CASE ","BANK AMERICA","GRAPHICS/WEBSITE FEES","7/20/2026","WY ","FILED","352.24"
"CANDIDATE COMMITTEE","CHAD AUER FOR WYOMING","WALGREENS","FOOD AND BEVERAGES","7/20/2026","CHEYENNE, WY 82009","FILED","22.84"
"CANDIDATE","CHRISTOPHER DRESANG ","DATAZAPP","ADVERTISING - DIGITAL","7/20/2026","WY ","FILED","125"
"CANDIDATE COMMITTEE","COALITION TO ELECT JOHN BEAR","OUT OF THE BOX FULL ARMOUR","CONSULTING","7/20/2026","CHEYENNE, WY ","FILED","2449.07"
"CANDIDATE COMMITTEE","COALITION TO ELECT JOHN BEAR","OUT OF THE BOX FULL ARMOUR","CONSULTING","7/20/2026","CHEYENNE, WY ","FILED","1972.25"
"CANDIDATE COMMITTEE","COMMITTEE TO ELECT DOUGLAS MOORE","MENARDS","CAMPAIGN YARD SIGNS, BUTTONS, PENS, ETC.","7/20/2026","WY ","FILED","10.65"
"CANDIDATE COMMITTEE","COMMITTEE TO ELECT DOUGLAS MOORE","OLD CHICAGO","FOOD AND BEVERAGES","7/20/2026","WY ","FILED","83.82"
"CANDIDATE COMMITTEE","COMMITTEE TO ELECT DWAYNE DILLINGER","GILLETTE TRAVEL CENTER","TRAVEL (HOTEL, GAS, ETC.)","7/20/2026","WY ","FILED","128"
"CANDIDATE COMMITTEE","COMMITTEE TO ELECT ELISSA CAMPBELL","EAGLE MAILING SERVICE","ADVERTISING - MISC.","7/20/2026","SALEM, OR 97305","FILED","1865"
"CANDIDATE COMMITTEE","COMMITTEE TO ELECT GARY BROWN ","OFFICE MAX","OFFICE SUPPLIES","7/20/2026","WY ","FILED","80.3"
"CANDIDATE COMMITTEE","COMMITTEE TO ELECT KEN PENDERGRAFT","UPS STORE","PRINTING","7/20/2026","WY ","FILED","122.79"
"CANDIDATE COMMITTEE","COMMITTEE TO ELECT LAURIE BRATTEN","SHERIDAN MEDIA","ADVERTISING - RADIO","7/20/2026","SHERIDAN, WY 82801","FILED","3743"
"CANDIDATE COMMITTEE","COMMITTEE TO ELECT OGDEN DRISKILL","LONGHORN","ENTERTAINMENT","7/20/2026","SUNDANCE, WY 82729","FILED","52.66"
"CANDIDATE COMMITTEE","CONNOLLY FOR STATE HOUSE","CLEAR CREEK PRINTERS","ADVERTISING - MISC.","7/20/2026","BUFFALO, WY 82834","FILED","39.38"
"CANDIDATE COMMITTEE","CONNOLLY FOR STATE HOUSE","ELECTION HIVE","ADVERTISING - DIGITAL","7/20/2026","SALT LAKE CITY, UT 84102","FILED","3000"
"CANDIDATE COMMITTEE","CONNOLLY FOR STATE HOUSE","ELECTION HIVE","CONSULTING","7/20/2026","SALT LAKE CITY, UT 84102","FILED","1500"
"CANDIDATE","DEB MUTTER SHAMLEY ","GLEN WOODS","CONSULTING","7/20/2026","CHEYENNE, WY 82001","FILED","100"
"CANDIDATE","DONNA KAY RICE ","FACEBOOK","ADVERTISING - DIGITAL","7/20/2026","","FILED","4.15"
"CANDIDATE COMMITTEE","FRIENDS OF CJ YOUNG","CHUGWATER FUEL","TRAVEL (HOTEL, GAS, ETC.)","7/20/2026","CHUGWATER, WY ","FILED","40"
"CANDIDATE COMMITTEE","FRIENDS OF CJ YOUNG","FAST STOP 11","TRAVEL (HOTEL, GAS, ETC.)","7/20/2026","WHEATLAND, WY ","FILED","68.39"
"CANDIDATE COMMITTEE","FRIENDS OF CJ YOUNG","PERKINS","FOOD AND BEVERAGES","7/20/2026","CHEYENNE, WY 82001","FILED","39.9"
"CANDIDATE COMMITTEE","HARSHMAN FOR WYOMING","POWELL TRIBUNE","ADVERTISING - NEWSPAPER","7/20/2026","POWELL, WY 82435","FILED","1506.25"
"CANDIDATE","JAMES ADDISON AAGARD ","WALMART","FOOD AND BEVERAGES","7/20/2026","WY ","FILED","33.98"
"CANDIDATE","JAMES T CORKERY JR","SPECTRUM","PHONE","7/20/2026","CASPER, WY ","FILED","40"
"CANDIDATE COMMITTEE","JEANETTE WARD FOR WYOMING","VISTAPRINT","ADVERTISING - MISC.","7/20/2026","LEXINGTON, MA 02421","FILED","1210.68"
"CANDIDATE COMMITTEE","JEANETTE WARD FOR WYOMING","VISTAPRINT","ADVERTISING - MISC.","7/20/2026","LEXINGTON, MA 02421","FILED","1160.68"
"CANDIDATE","JOHN F WETZEL ","MAILING.COM","ADVERTISING - MISC.","7/20/2026","PHOENIX, AZ 85040","FILED","1547.28"
"CANDIDATE","JOHN F WETZEL ","WHITE INK","PRINTING","7/20/2026","POWELL, WY 82435","FILED","306.8"
"CANDIDATE COMMITTEE","KOLTISKA FOR SHERIDAN","FACEBOOK","ADVERTISING - DIGITAL","7/20/2026","MENLO PARK, CA 94025","FILED","75"
"CANDIDATE","LISA L. ENGEBRETSEN ","MENARDS","CAMPAIGN YARD SIGNS, BUTTONS, PENS, ETC.","7/20/2026","CASPER, WY 82609","FILED","108.2"
"CANDIDATE","MARLENE BRADY ","AMAZON","OFFICE SUPPLIES","7/20/2026","GREEN RIVER, WY 82935","FILED","77.26"
"CANDIDATE","MATT MCGINNIS ","OUT OF THE BOX PERFORMANCE","ADVERTISING - MISC.","7/20/2026","WY ","FILED","3168.57"
"CANDIDATE COMMITTEE","MEGAN FOR GOVERNOR","GOOGLE WORKSPACE","ADVERTISING - DIGITAL","7/20/2026","MOUNTAIN VIEW, CA 94043","FILED","500"
"CANDIDATE COMMITTEE","MEGAN FOR GOVERNOR","META PLATFORMS (FACEBOOK)","ADVERTISING - DIGITAL","7/20/2026","MENLO PARK, CA 94025","FILED","1425"
"CANDIDATE COMMITTEE","MEGAN FOR GOVERNOR","WINRED TECHNICAL SERVICES","BANKING ","7/20/2026","CHEYENNE, WY 82001","FILED","42.36"
"CANDIDATE COMMITTEE","MYCA FOR SHERIDAN","NATION BUILDER","BANKING ","7/20/2026","WY ","FILED","4.2"
"CANDIDATE COMMITTEE","MYCA FOR SHERIDAN","SHERIDAN PRESS","ADVERTISING - NEWSPAPER","7/20/2026","WY ","FILED","600"
"CANDIDATE","QWENTON EAGLE OVIATT ","EXXON","TRAVEL (HOTEL, GAS, ETC.)","7/20/2026","SHOSHONE, WY ","FILED","37.24"
"CANDIDATE","R. J. KOST ","BASIN REPUBLICAN RUSTLER","ADVERTISING - NEWSPAPER","7/20/2026","BASIN, WY 82410","FILED","595"
"CANDIDATE COMMITTEE","SERVER FOR WY","IHEARTMEDIA INC.","ADVERTISING - RADIO","7/20/2026","WY ","FILED","1922.55"
"CANDIDATE COMMITTEE","SHORT FOR STATE","4IMPRINT","CAMPAIGN YARD SIGNS, BUTTONS, PENS, ETC.","7/20/2026","WY ","FILED","603.75"
"CANDIDATE COMMITTEE","SHORT FOR STATE","IN CAMERA MEDIA","ADVERTISING - TV","7/20/2026","WY ","FILED","2400"
"CANDIDATE COMMITTEE","SHORT FOR STATE","TRIVIUM","ENTERTAINMENT","7/20/2026","WY ","FILED","5387.15"
"CANDIDATE COMMITTEE","SPECKNER FOR HOUSE DISTRICT 5","WINRED","ADMINISTRATIVE COSTS","7/20/2026","LINGLE, WY 82223","AMEND - ADD","4.1"
"CANDIDATE","TAFT CARROLL LOVE ","BLOEDORN LUMBER","CAMPAIGN YARD SIGNS, BUTTONS, PENS, ETC.","7/20/2026","WHEATLAND, WY ","FILED","222.15"
"CANDIDATE","TONY LOCKE ","AMAZON","OFFICE SUPPLIES","7/20/2026","","FILED","36.84"
"CANDIDATE","WENDY DAVIS SCHULER ","SUMMIT FUELS","TRAVEL (HOTEL, GAS, ETC.)","7/20/2026","EVANSTON, WY 82930","FILED","33.47"
"CANDIDATE","WENDY DAVIS SCHULER ","USPS","POSTAGE","7/20/2026","EVANSTON, WY 82930","FILED","32.8"
"CANDIDATE","WENDY DAVIS SCHULER ","WESTAR PRINTING","CAMPAIGN YARD SIGNS, BUTTONS, PENS, ETC.","7/20/2026","EVANSTON, WY 82930","FILED","203.7"
"CANDIDATE","ALBERT SOMMERS ","COWBOY STATE DAILY","ADVERTISING - DIGITAL","7/19/2026","WY ","FILED","2500"
"CANDIDATE COMMITTEE","CHAD AUER FOR WYOMING","TEACHERCON","ADMINISTRATIVE COSTS","7/19/2026","CHEYENNE, WY 82001","FILED","100"
"CANDIDATE COMMITTEE","DAVID HILL FOR HOUSE DISTRICT 50","GOOD TO GO","TRAVEL (HOTEL, GAS, ETC.)","7/19/2026","WY ","FILED","69.38"
"CANDIDATE","JAYME LIEN ","SILENT SHOTS PHOTOGRAPHY","OTHER: PHOTOGRAPHY","7/19/2026","WY ","FILED","300"
"CANDIDATE","JUSTIN WILLIAM WINNEY JR","OLD TIMERS PICNIC COMMITTEE","FOOD AND BEVERAGES","7/19/2026","DANIEL, WY 83113","FILED","50"
"CANDIDATE COMMITTEE","MARSHAL FOR WYOMING","ANEDOT, INC.","BANKING ","7/19/2026","","FILED","20.3"
"CANDIDATE","QWENTON EAGLE OVIATT ","ONESTOP","TRAVEL (HOTEL, GAS, ETC.)","7/19/2026","LANDER, WY ","FILED","53.52"
"CANDIDATE","ROY BIRT ","OUT OF THE BOX PERFORMANCE","PRINTING","7/19/2026","WY ","FILED","2904.16"
"CANDIDATE COMMITTEE","SHORT FOR STATE","AIRBNB","TRAVEL (HOTEL, GAS, ETC.)","7/19/2026","WY ","FILED","512.82"
"CANDIDATE COMMITTEE","SHORT FOR STATE","STINKER","TRAVEL (HOTEL, GAS, ETC.)","7/19/2026","WY ","FILED","26.57"
"CANDIDATE","WENDY DAVIS SCHULER ","FLYING J","TRAVEL (HOTEL, GAS, ETC.)","7/19/2026","EVANSTON, WY 82930","FILED","40.25"
"CANDIDATE","WENDY DAVIS SCHULER ","LOAF AND JUG","TRAVEL (HOTEL, GAS, ETC.)","7/19/2026","EVANSTON, WY 82930","FILED","59.97"
"CANDIDATE COMMITTEE","WRIGHT4WYOMING","ELECTION HIVE","CONSULTING","7/19/2026","","FILED","4500"
"CANDIDATE COMMITTEE","BEN HORNOK FOR WY","CAMPAIGN PARTNER","GRAPHICS/WEBSITE FEES","7/18/2026","STILL WATER, MA 01467","FILED","32"
"CANDIDATE COMMITTEE","COMMITTEE TO ELECT KEN PENDERGRAFT","SHERIDAN COMMERCIAL","OFFICE SUPPLIES","7/18/2026","WY ","FILED","21.06"
"CANDIDATE COMMITTEE","COMMITTEE TO ELECT KEN PENDERGRAFT","WAL MART","OFFICE SUPPLIES","7/18/2026","WY ","FILED","34.22"
"CANDIDATE","DARIN M MCCANN ","PILOT BUTTE BROADCASTING","ADVERTISING - RADIO","7/18/2026","ROCK SPRINGS, WY 82901","FILED","600"
"CANDIDATE","JAMES T CORKERY JR","BAILEY'S ACE HARDWARE","CAMPAIGN YARD SIGNS, BUTTONS, PENS, ETC.","7/18/2026","CASPER, WY 82609","FILED","19.26"
"CANDIDATE","JOHN F WETZEL ","POWELL TRIBUNE","ADVERTISING - DIGITAL","7/18/2026","POWELL, WY 82435","FILED","300"
"CANDIDATE","JOHN STEWART MCADOO ","STAPLES","CAMPAIGN YARD SIGNS, BUTTONS, PENS, ETC.","7/18/2026","CASPER, WY 82609","FILED","41.99"
"CANDIDATE COMMITTEE","KOLTISKA FOR SHERIDAN","GAIL SYMONS","POSTAGE","7/18/2026","SHERIDAN, WY 82801","FILED","312"
"CANDIDATE","LISA L. ENGEBRETSEN ","ANEDOT","GRAPHICS/WEBSITE FEES","7/18/2026","DALLAS, TX 75206","FILED","40.3"
"CANDIDATE","MARLENE BRADY ","PILOT BUTTE BROADCASTING","ADVERTISING - RADIO","7/18/2026","ROCK SPRINGS, WY 82901","FILED","600"
"CANDIDATE","MATTHEW HURT ","META","ADVERTISING - DIGITAL","7/18/2026","CHEYENNE, WY 82001","FILED","72.56"
"CANDIDATE","MEAGAN HERRINGTON ","FACEBOOK","ADVERTISING - DIGITAL","7/18/2026","WY ","FILED","25"
"CANDIDATE","OCEAN ANDREW ","DAVID BLANKENSHIP","PAYROLL","7/18/2026","","FILED","294.6"
"CANDIDATE","OCEAN ANDREW ","ITI DIRECT MAIL","POSTAGE","7/18/2026","","FILED","17.57"
"CANDIDATE","OCEAN ANDREW ","PAUL PREUS","PAYROLL","7/18/2026","","FILED","110"
"CANDIDATE","QWENTON EAGLE OVIATT ","OT CHEAP CUSTOM","CAMPAIGN YARD SIGNS, BUTTONS, PENS, ETC.","7/18/2026","TX ","FILED","337"
"CANDIDATE","R. J. KOST ","BLAIR'S MARKET","FOOD AND BEVERAGES","7/18/2026","POWELL, WY 82435","FILED","28.94"
"CANDIDATE COMMITTEE","SHORT FOR STATE","COWBOY STATE DAILY","ADVERTISING - DIGITAL","7/18/2026","WY ","FILED","5250"
"CANDIDATE COMMITTEE","SHORT FOR STATE","MAVERICK","TRAVEL (HOTEL, GAS, ETC.)","7/18/2026","WY ","FILED","34.2"
"CANDIDATE COMMITTEE","SHORT FOR STATE","TOWN OF DAYTON (DAYTON DAYS)","CANDIDATE/COMMITTEE CONTRIBUTION","7/18/2026","WY ","FILED","300"
"CANDIDATE COMMITTEE","STUDY4WYOMING","BLOEDORN","CAMPAIGN YARD SIGNS, BUTTONS, PENS, ETC.","7/18/2026","LARAMIE, WY ","FILED","53.76"
"CANDIDATE COMMITTEE","VOTE BOLLER HD52 ","CAMPBELL COUNTY FAIR","FACILITY FEE","7/18/2026","GILLETTE, WY 82716","FILED","75"
"CANDIDATE","ALBERT SOMMERS ","OFFICE OUTLET","PRINTING","7/17/2026","PINEDALE, WY ","FILED","42.8"
"CANDIDATE COMMITTEE","ALLEN HOGG FOR WYOMING","MAVERIK","TRAVEL (HOTEL, GAS, ETC.)","7/17/2026","THERMOPOLIS, WY 82443","FILED","58.31"
"CANDIDATE COMMITTEE","ANGELOS FOR WYOMING","OUT OF THE BOX PERFORMANCE","PRINTING","7/17/2026","COLORADO SPRINGS, CO 80909","FILED","3378.66"
"CANDIDATE COMMITTEE","BARLOW FOR WYOMING","ROCK SPRINGS CHAMBER OF COMMERCE","ADVERTISING - MISC.","7/17/2026","ROCK SPRINGS, WY 82902","FILED","208"
"CANDIDATE COMMITTEE","BARLOW FOR WYOMING","ROCKET MINER","ADVERTISING - NEWSPAPER","7/17/2026","ROCK SPRINGS, WY 82902","FILED","397"
"CANDIDATE COMMITTEE","BARLOW FOR WYOMING","WYORADIO","ADVERTISING - MISC.","7/17/2026","ROCK SPRINGS, WY 82902","FILED","98"
"CANDIDATE COMMITTEE","BINGHAM FOR WYOMING","AMAZON","OFFICE SUPPLIES","7/17/2026","","FILED","19.06"
"CANDIDATE COMMITTEE","BINGHAM FOR WYOMING","ONLINE LABELS ","CAMPAIGN YARD SIGNS, BUTTONS, PENS, ETC.","7/17/2026","","FILED","115.81"
"CANDIDATE COMMITTEE","BRENT BIEN FOR GOVERNOR","FACEBOOK","ADVERTISING - DIGITAL","7/17/2026","WY ","FILED","214"
"CANDIDATE COMMITTEE","BUTCHER FOR WYOMING","MAJORITY STRATEGIES","ADVERTISING - DIGITAL","7/17/2026","","FILED","6440"
"CANDIDATE COMMITTEE","CARLIN JONES FOR WYOMING","POWELL CHAMBER OF COMMERCE","ADVERTISING - MISC.","7/17/2026","POWELL, WY ","FILED","150"
"CANDIDATE COMMITTEE","CHESTEK FOR HD 13","LARAMIE BOOMERANG","ADVERTISING - NEWSPAPER","7/17/2026","WY ","FILED","206"
"CANDIDATE COMMITTEE","COALITION TO ELECT JOHN BEAR","LEGEND COMMUNICATIONS","ADVERTISING - RADIO","7/17/2026","WY ","FILED","1100"
"CANDIDATE COMMITTEE","COMMITTEE TO ELECT CHIP NEIMAN SENATE DISTRICT 1","QUIK SIGNS","CAMPAIGN YARD SIGNS, BUTTONS, PENS, ETC.","7/17/2026","SPEARFISH, SD 57783","FILED","197.65"
"CANDIDATE COMMITTEE","COMMITTEE TO ELECT DWAYNE DILLINGER","DOLLAR GENERAL","CAMPAIGN YARD SIGNS, BUTTONS, PENS, ETC.","7/17/2026","WY ","FILED","35.62"
"CANDIDATE COMMITTEE","COMMITTEE TO ELECT DWAYNE DILLINGER","RENO JUNCTION","CAMPAIGN YARD SIGNS, BUTTONS, PENS, ETC.","7/17/2026","WY ","FILED","50"
"CANDIDATE COMMITTEE","COMMITTEE TO ELECT GARY BROWN ","USPS","POSTAGE","7/17/2026","WY ","FILED","741.7"
"CANDIDATE COMMITTEE","COMMITTEE TO ELECT KEN PENDERGRAFT","SHERIDAN PRESS","ADVERTISING - NEWSPAPER","7/17/2026","WY ","FILED","450"
"CANDIDATE COMMITTEE","COMMITTEE TO ELECT LAURIE BRATTEN","L2 INC.","ADMINISTRATIVE COSTS","7/17/2026","PLAINSBORO, NJ 08536","FILED","500"
"CANDIDATE COMMITTEE","COMMITTEE TO ELECT ROBERT WHARFF","WESTARPRINTING","CAMPAIGN YARD SIGNS, BUTTONS, PENS, ETC.","7/17/2026","EVANSTON, WY 82930","FILED","91.88"
"CANDIDATE","DALTON BANKS ","RED APPLE SUPERMARKET","FOOD AND BEVERAGES","7/17/2026","LOVELL, WY 82431","FILED","49.94"
"CANDIDATE COMMITTEE","DAVID HILL FOR HOUSE DISTRICT 50","GOOD TO GO","TRAVEL (HOTEL, GAS, ETC.)","7/17/2026","WY ","FILED","64.59"
"CANDIDATE","DEB MUTTER SHAMLEY ","STARBUCKS","CONSULTING","7/17/2026","CHEYENNE, WY 82001","FILED","7.2"
"CANDIDATE","DONNA KAY RICE ","FACEBOOK","ADVERTISING - DIGITAL","7/17/2026","","FILED","4"
"CANDIDATE COMMITTEE","FORNSTROM FOR HD10","MINUTEMAN PRESS","PRINTING","7/17/2026","CHEYENNE, WY 82009","FILED","242.52"
"CANDIDATE COMMITTEE","FRIENDS OF CJ YOUNG","OFFICE DEPOT","SHIPPING","7/17/2026","CHEYENNE, WY 82001","FILED","11.79"
"CANDIDATE COMMITTEE","HARSHMAN FOR WYOMING","WYOMING FARM BUREAU FEDERATION","ADVERTISING - DIGITAL","7/17/2026","LARAMIE, WY 82070","FILED","1050"
"CANDIDATE","JAMES ADDISON AAGARD ","COSTCO","FOOD AND BEVERAGES","7/17/2026"," , WY ","FILED","71.56"
"CANDIDATE","JAYME LIEN ","SUTHERLANDS","OTHER: SIGN MATERIALS","7/17/2026","WY ","FILED","14.13"
"CANDIDATE COMMITTEE","JEANETTE WARD FOR WYOMING","META","ADVERTISING - DIGITAL","7/17/2026","MENLO PARK, CA 98052","FILED","33"
"CANDIDATE","JUSTIN WILLIAM WINNEY JR","RIGHT STRATEGIES","CAMPAIGN YARD SIGNS, BUTTONS, PENS, ETC.","7/17/2026","ANKENNY, IA 50023","FILED","1470"
"CANDIDATE COMMITTEE","KELLER FOR WYO","BEST OF SIGNS","CAMPAIGN YARD SIGNS, BUTTONS, PENS, ETC.","7/17/2026","LAWRENCEVILLE, GA 30046","FILED","98.23"
"CANDIDATE COMMITTEE","KELLER FOR WYO","BUILD-A-SIGN","CAMPAIGN YARD SIGNS, BUTTONS, PENS, ETC.","7/17/2026","AUSTIN, TX 78758","FILED","148.64"
"CANDIDATE COMMITTEE","KOLTISKA FOR SHERIDAN","ALPHAGRAPHICS","CAMPAIGN YARD SIGNS, BUTTONS, PENS, ETC.","7/17/2026","SHERIDAN, WY 82801","FILED","1680.25"
"CANDIDATE","LISA WILSON ","SAFEWAY","FOOD AND BEVERAGES","7/17/2026","LANDER, WY 82520","FILED","3.99"
"CANDIDATE","LLOYD CHARLES LARSEN ","WESTERN PRINTING","POSTAGE","7/17/2026","LANDER, WY 82520","FILED","939.95"
"CANDIDATE","LLOYD CHARLES LARSEN ","WESTERN PRINTING","PRINTING","7/17/2026","LANDER, WY 82520","FILED","836.17"
"CANDIDATE","LLOYD CHARLES LARSEN ","WYO TODAY","ADVERTISING - NEWSPAPER","7/17/2026","LANDER, WY 82520","FILED","950"
"CANDIDATE COMMITTEE","MCINTOSH FOR WYOMING","CONCEPT FORGE LCCC","CAMPAIGN YARD SIGNS, BUTTONS, PENS, ETC.","7/17/2026","CHEYENNE, WY 82007","FILED","551.2"
"CANDIDATE COMMITTEE","MCINTOSH FOR WYOMING","LITTLE OL PRINTSHOP","PRINTING","7/17/2026","CHEYENNE, WY 82001","FILED","1371.13"
"CANDIDATE COMMITTEE","MCINTOSH FOR WYOMING","LITTLE OL PRINTSHOP","PRINTING","7/17/2026","CHEYENNE, WY 82001","FILED","73.5"
"CANDIDATE COMMITTEE","MCINTOSH FOR WYOMING","OLSON STRATEGIES & ADVERTISING, INC.","ADVERTISING - MISC.","7/17/2026","ALEXANDRIA, VA 22314","FILED","550"
"CANDIDATE COMMITTEE","MEGAN FOR GOVERNOR","META PLATFORMS (FACEBOOK)","ADVERTISING - DIGITAL","7/17/2026","MENLO PARK, CA 94025","FILED","300"
"CANDIDATE COMMITTEE","MEGAN FOR GOVERNOR","WINRED TECHNICAL SERVICES","BANKING ","7/17/2026","CHEYENNE, WY 82001","FILED","1.98"
"CANDIDATE","PAUL L WING ","USPS","POSTAGE","7/17/2026","CHEYENNE, WY 82001","FILED","285.52"
"CANDIDATE COMMITTEE","QUIN BLAIR FOR HOUSE DISTRICT 24","LUKE SCHUMACHER","FOOD AND BEVERAGES","7/17/2026","WY ","FILED","150"
"CANDIDATE","QWENTON EAGLE OVIATT ","LOVES 0723","TRAVEL (HOTEL, GAS, ETC.)","7/17/2026","LARAMIE, WY ","FILED","26.64"
"CANDIDATE COMMITTEE","RAH FOR HD17","CJ SIGNS","CAMPAIGN YARD SIGNS, BUTTONS, PENS, ETC.","7/17/2026","ROCK SPRINGS, WY 82901","FILED","291.5"
"CANDIDATE COMMITTEE","RAH FOR HD17","STAPLES","PRINTING","7/17/2026","ROCK SPRINGS, WY 82901","FILED","73.14"
"CANDIDATE COMMITTEE","SCHRIFTMAN FOR STATE HOUSE","POSTMASTER","POSTAGE","7/17/2026","WY ","FILED","914.66"
"CANDIDATE COMMITTEE","SHORT FOR STATE","EXXON MOBILE","TRAVEL (HOTEL, GAS, ETC.)","7/17/2026","WY ","FILED","24.26"
"CANDIDATE COMMITTEE","SHORT FOR STATE","SAM'S CLUB FUEL","TRAVEL (HOTEL, GAS, ETC.)","7/17/2026","WY ","FILED","15.71"
"CANDIDATE COMMITTEE","ALLEN HOGG FOR WYOMING","ELECTION HIVE","CONSULTING","7/16/2026","SALT LAKE, UT 84102","FILED","4534.87"
"CANDIDATE COMMITTEE","ANN LUCAS 4 WYOMING","TOWNSQUARE MEDIA","ADVERTISING - RADIO","7/16/2026","CHEYENNE, WY 82001","FILED","2160"
"CANDIDATE COMMITTEE","BARLOW FOR WYOMING","AMAZON","CAMPAIGN YARD SIGNS, BUTTONS, PENS, ETC.","7/16/2026","SEATTLE, WA 98108","FILED","28.95"
"CANDIDATE COMMITTEE","BARLOW FOR WYOMING","AX MEDIA","ADVERTISING - DIGITAL","7/16/2026","KANSAS CITY, MO 64112","FILED","27125"
"CANDIDATE COMMITTEE","BARLOW FOR WYOMING","AX MEDIA","ADVERTISING - RADIO","7/16/2026","KANSAS CITY, MO 64112","FILED","11430"
"CANDIDATE COMMITTEE","BARLOW FOR WYOMING","AX MEDIA","ADVERTISING - TV","7/16/2026","KANSAS CITY, MO 64112","FILED","29000"
"CANDIDATE COMMITTEE","BARLOW FOR WYOMING","GILLETTE NEWS RECORD","ADVERTISING - NEWSPAPER","7/16/2026","GILLETTE, WY 82716","FILED","814.8"
"CANDIDATE COMMITTEE","BARLOW FOR WYOMING","POWELL TRIBUNE","ADVERTISING - RADIO","7/16/2026","POWELL, WY 82435","FILED","480"
"CANDIDATE COMMITTEE","BARLOW FOR WYOMING","ROCK SPRINGS CHAMBER OF COMMERCE","ADVERTISING - MISC.","7/16/2026","ROCK SPRINGS, WY 82902","FILED","291.2"
"CANDIDATE COMMITTEE","BARLOW FOR WYOMING","THE POLITICAL FIRM","ADVERTISING - TV","7/16/2026","BATON ROUGE, LA 70808","FILED","2160"
"CANDIDATE COMMITTEE","BARLOW FOR WYOMING","THE POLITICAL FIRM","ADVERTISING - TV","7/16/2026","BATON ROUGE, LA 70808","FILED","1080"
"CANDIDATE COMMITTEE","BARLOW FOR WYOMING","THE RADIO NETWORK","ADVERTISING - DIGITAL","7/16/2026","GREEN RIVER, WY 82935","FILED","600"
"CANDIDATE COMMITTEE","BARLOW FOR WYOMING","WYOMING PRESS ASSOCIATION","ADVERTISING - NEWSPAPER","7/16/2026","CHEYENNE, WY 82001","FILED","12898.2"
"CANDIDATE COMMITTEE","BIGELOW FOR HD51","ALPHAGRAPHICS","CAMPAIGN YARD SIGNS, BUTTONS, PENS, ETC.","7/16/2026","SHERIDAN, WY 82801","FILED","841.15"
"CANDIDATE COMMITTEE","BIGELOW FOR HD51","SHIPTON'S BIG R","FOOD AND BEVERAGES","7/16/2026","SHERIDAN, WY 82801","FILED","62.93"
"CANDIDATE COMMITTEE","BIGELOW FOR HD51","WAL MART","OFFICE SUPPLIES","7/16/2026","SHERIDAN, WY 82801","FILED","42.98"
"CANDIDATE","CODY MCNEIL WYLIE ","ROCK SPRINGS CHAMBER OF COMMERCE","ADVERTISING - MISC.","7/16/2026","ROCK SPRINGS, WY 82901","FILED","260"
"CANDIDATE","CODY MCNEIL WYLIE ","ROCK SPRINGS CHAMBER OF COMMERCE","FACILITY FEE","7/16/2026","ROCK SPRINGS, WY 82901","FILED","41.6"
"CANDIDATE COMMITTEE","COMMITTEE TO ELECT GARY BROWN ","VISTAPRINT","PRINTING","7/16/2026","WY ","FILED","394.8"
"CANDIDATE COMMITTEE","COMMITTEE TO ELECT GREG SCHREURS","SIR SPEEDY","PRINTING","7/16/2026","GILLETTE, WY 82716","FILED","323.41"
"CANDIDATE COMMITTEE","COMMITTEE TO ELECT JESSICA CROWDER","PBR PRINTING","PRINTING","7/16/2026","CHEYENNE, WY 82009","FILED","94.13"
"CANDIDATE COMMITTEE","COMMITTEE TO ELECT JIM VANDYKE","SAM'S CLUB - ION SPEAKER","ENTERTAINMENT","7/16/2026","CHEYENNE, WY 82009","FILED","64.91"
"CANDIDATE COMMITTEE","COMMITTEE TO ELECT KEN PENDERGRAFT","IONOS","GRAPHICS/WEBSITE FEES","7/16/2026","WY ","FILED","45.45"
"CANDIDATE COMMITTEE","COMMITTEE TO ELECT KEN PENDERGRAFT","USPS","POSTAGE","7/16/2026","WY ","FILED","2511.84"
"CANDIDATE COMMITTEE","COMMITTEE TO ELECT KRISTI RACINES","MAVERICK","TRAVEL (HOTEL, GAS, ETC.)","7/16/2026","WY ","FILED","52.94"
"CANDIDATE COMMITTEE","COMMITTEE TO ELECT LAURIE BRATTEN","VISTAPRINT","ADVERTISING - MISC.","7/16/2026","WALTHAM, MA 02451","FILED","2764.62"
"CANDIDATE COMMITTEE","COMMITTEE TO ELECT ZETA","GRACE BELIZE MOORE","GRAPHICS/WEBSITE FEES","7/16/2026","WY ","FILED","350"
"CANDIDATE","DONNA KAY RICE ","FACEBOOK","ADVERTISING - DIGITAL","7/16/2026","","FILED","3"
"CANDIDATE","DONNA KAY RICE ","FACEBOOK","ADVERTISING - DIGITAL","7/16/2026","","FILED","5"
"CANDIDATE","DONNA KAY RICE ","FACEBOOK","ADVERTISING - DIGITAL","7/16/2026","","FILED","3.02"
"CANDIDATE","DONNA KAY RICE ","FACEBOOK","ADVERTISING - DIGITAL","7/16/2026","","FILED","3"
"CANDIDATE","DONNA KAY RICE ","FLOWER LENS PHOTOGRAPHY","ADVERTISING - MISC.","7/16/2026","DOUGLAS, WY ","FILED","300"
"CANDIDATE COMMITTEE","ERICKSON FOR HD 37","STAPLES","SHIPPING","7/16/2026","CASPER, WY 82609","FILED","116.5"
"CANDIDATE COMMITTEE","FRIENDS OF CJ YOUNG","ALEX OAKES","CANDIDATE/COMMITTEE CONTRIBUTION","7/16/2026","CHEYENNE, WY 82001","FILED","1000"
"CANDIDATE COMMITTEE","FRIENDS OF CJ YOUNG","DENNY'S DINNER","FOOD AND BEVERAGES","7/16/2026","CHEYENNE, WY 82001","FILED","44.05"
"CANDIDATE COMMITTEE","FRIENDS OF CJ YOUNG","TROPHY CREATIVE","CAMPAIGN YARD SIGNS, BUTTONS, PENS, ETC.","7/16/2026","CHEYENNE, WY 82001","FILED","1904.91"
"CANDIDATE COMMITTEE","GARYWILKEN 4 HD46","LARAMIE BOOMERANG","ADVERTISING - NEWSPAPER","7/16/2026","LARAMIE, WY 82070","FILED","206"
"CANDIDATE COMMITTEE","HARSHMAN FOR WYOMING","TRACTOR SUPPLY","CAMPAIGN YARD SIGNS, BUTTONS, PENS, ETC.","7/16/2026","CASPER, WY 82604","FILED","28.03"
"CANDIDATE","JAMES T CORKERY JR","HOME DEPOT","ADVERTISING - MISC.","7/16/2026","CASPER, WY ","FILED","209.58"
"CANDIDATE","JEREMY MICHAEL HAROLDSON ","GOOD FRIENDS ","FOOD AND BEVERAGES","7/16/2026","CHEYENNE, WY 82001","FILED","45.67"
"CANDIDATE","JEREMY MICHAEL HAROLDSON ","MAVERIK ","TRAVEL (HOTEL, GAS, ETC.)","7/16/2026","CHEYENNE, WY 82001","FILED","79.07"
"CANDIDATE COMMITTEE","KOLTISKA FOR SHERIDAN","ALPHAGRAPHICS","CAMPAIGN YARD SIGNS, BUTTONS, PENS, ETC.","7/16/2026","SHERIDAN, WY 82801","FILED","29.09"
"CANDIDATE COMMITTEE","KOLTISKA FOR SHERIDAN","ALPHAGRAPHICS","PRINTING","7/16/2026","SHERIDAN, WY 82801","FILED","551.65"
"CANDIDATE COMMITTEE","KOLTISKA FOR SHERIDAN","ALPHAGRAPHICS","PRINTING","7/16/2026","SHERIDAN, WY 82801","FILED","285.34"
"CANDIDATE COMMITTEE","KOLTISKA FOR SHERIDAN","ALPHAGRAPHICS","PRINTING","7/16/2026","SHERIDAN, WY 82801","FILED","960.12"
"CANDIDATE COMMITTEE","MEGAN FOR GOVERNOR","META PLATFORMS (FACEBOOK)","ADVERTISING - DIGITAL","7/16/2026","MENLO PARK, CA 94025","FILED","150"
"CANDIDATE COMMITTEE","MEGAN FOR GOVERNOR","SPECTRUM","PHONE","7/16/2026","STAMFORD, CT 06902","FILED","233.95"
"CANDIDATE COMMITTEE","MEGAN FOR GOVERNOR","WINRED TECHNICAL SERVICES","BANKING ","7/16/2026","CHEYENNE, WY 82001","FILED","10.25"
"CANDIDATE COMMITTEE","MYCA FOR SHERIDAN","NATION BUILDER","BANKING ","7/16/2026","WY ","FILED","4.2"
"CANDIDATE","PEPPER L OTTMAN ","SECRETARY OF STATE","IT SERVICES","7/16/2026","CHEYENNE, WY 82002","FILED","25"
"CANDIDATE COMMITTEE","QUIN BLAIR FOR HOUSE DISTRICT 24","JEREMIAH HOWE","GRAPHICS/WEBSITE FEES","7/16/2026","WY ","FILED","250"
"CANDIDATE COMMITTEE","RAH FOR HD17","LUCKY BUCK","CAMPAIGN YARD SIGNS, BUTTONS, PENS, ETC.","7/16/2026","ROCK SPRINGS, WY 82901","FILED","100"
"CANDIDATE COMMITTEE","REINER FOR WYOMING","PBR","CAMPAIGN YARD SIGNS, BUTTONS, PENS, ETC.","7/16/2026","CHEYENNE, WY 82009","FILED","790.23"
"CANDIDATE COMMITTEE","REINER FOR WYOMING","PBR","CAMPAIGN YARD SIGNS, BUTTONS, PENS, ETC.","7/16/2026","CHEYENNE, WY 82009","FILED","132"
"CANDIDATE COMMITTEE","REINER FOR WYOMING","PBR","PRINTING","7/16/2026","CHEYENNE, WY 82009","FILED","180.78"
"CANDIDATE","SCOTT SMITH JR","USPS.COM","POSTAGE","7/16/2026","WY ","FILED","11.12"
"CANDIDATE COMMITTEE","SHORT FOR STATE","CF  ALTITUDE","FOOD AND BEVERAGES","7/16/2026","WY ","FILED","19.31"
"CANDIDATE COMMITTEE","SHORT FOR STATE","CYGNAL","OTHER: POLL","7/16/2026","","FILED","21600"
"CANDIDATE COMMITTEE","SHORT FOR STATE","TUMBLEWEED EXPRESS","TRAVEL (HOTEL, GAS, ETC.)","7/16/2026","WY ","FILED","28.24"
"CANDIDATE COMMITTEE","STACY JONES FOR SENATE DISTRICT 13","SMITHS FUEL","TRAVEL (HOTEL, GAS, ETC.)","7/16/2026","WY ","FILED","41.6"
"CANDIDATE","TINA JOHNSON ","THE EVANSTON FARMERS MARKET","FACILITY FEE","7/16/2026","WY ","FILED","20"
"CANDIDATE","WENDY DAVIS SCHULER ","MAVERICK","TRAVEL (HOTEL, GAS, ETC.)","7/16/2026","EVANSTON, WY 82930","FILED","47.55"
"CANDIDATE","WENDY DAVIS SCHULER ","UINTA APPAREL","ADVERTISING - MISC.","7/16/2026","EVANSTON, WY 82930","FILED","231"
"CANDIDATE COMMITTEE","BARLOW FOR WYOMING","AXIOM STRATEGIES","TRAVEL (HOTEL, GAS, ETC.)","7/15/2026","KANSAS CITY, MO 64112","FILED","1126.24"
"CANDIDATE COMMITTEE","BARLOW FOR WYOMING","FITZGERALD STRATEGIES GROUP LLC","CONSULTING","7/15/2026","SHERIDAN, WY 82801","FILED","7500"
"CANDIDATE COMMITTEE","BEN HORNOK FOR WY","PBR PRINTING","PRINTING","7/15/2026","CHEYENNE, WY 82009","FILED","147.9"
"CANDIDATE","BILL JAMES ALLEMAND ","LIBERTY CONCIERGE SERVICES","ADMINISTRATIVE COSTS","7/15/2026","CASPER, WY 82601","FILED","500"
"CANDIDATE","CATHERINE DIANE MCQUEEN ","AMBI","CAMPAIGN YARD SIGNS, BUTTONS, PENS, ETC.","7/15/2026","WY ","FILED","81.86"
"CANDIDATE COMMITTEE","COMMITTEE TO ELECT ANNE ZIEGENHORN","ACT INSURANCE","ADMINISTRATIVE COSTS","7/15/2026","PLEASANT GROVE, UT 84062","FILED","99"
"CANDIDATE COMMITTEE","COMMITTEE TO ELECT BOB DAVIS","MCDONALD'S","FOOD AND BEVERAGES","7/15/2026","WY ","FILED","20.11"
"CANDIDATE COMMITTEE","COMMITTEE TO ELECT BOB DAVIS","STINKER STORES","TRAVEL (HOTEL, GAS, ETC.)","7/15/2026","WY ","FILED","72.69"
"CANDIDATE COMMITTEE","COMMITTEE TO ELECT ELISSA CAMPBELL","ECAMPBELL","PRINTING","7/15/2026","CASPER, WY 82601","FILED","1000"
"CANDIDATE COMMITTEE","COMMITTEE TO ELECT GARY BROWN ","OUT OF THE BOX PERFORMANCE","CONSULTING","7/15/2026","WY ","FILED","300"
"CANDIDATE COMMITTEE","COMMITTEE TO ELECT OGDEN DRISKILL","MAVERICK","TRAVEL (HOTEL, GAS, ETC.)","7/15/2026","GILLETTE, WY 82718","FILED","74.47"
"CANDIDATE COMMITTEE","COMMITTEE TO ELECT ZETA","SIMPSON PRINTING","POSTAGE","7/15/2026","WY ","FILED","781.11"
"CANDIDATE COMMITTEE","COMMITTEE TO ELECT ZETA","SIMPSON'S PRINTING","PRINTING","7/15/2026","WY ","FILED","863.1"
"CANDIDATE COMMITTEE","CONNOLLY FOR STATE HOUSE","INVASION BAR","FOOD AND BEVERAGES","7/15/2026","KAYCEE, WY 82639","FILED","150"
"CANDIDATE","DALTON BANKS ","MAVERICK","TRAVEL (HOTEL, GAS, ETC.)","7/15/2026","LOVELL, WY 82431","FILED","100"
"CANDIDATE","DARIN M MCCANN ","F.B. MCFADDEN WHOLESALE","CAMPAIGN YARD SIGNS, BUTTONS, PENS, ETC.","7/15/2026","ROCK SPRINGS, WY 82901","FILED","100.6"
"CANDIDATE","DAVID KARL WALTON ","FRONTIER STRATEGY GROUP","CAMPAIGN YARD SIGNS, BUTTONS, PENS, ETC.","7/15/2026","BOISE, ID 83701","FILED","300"
"CANDIDATE","DONNA KAY RICE ","FACEBOOK","ADVERTISING - DIGITAL","7/15/2026","","FILED","2.13"
"CANDIDATE","DONNA KAY RICE ","FACEBOOK","ADVERTISING - DIGITAL","7/15/2026","","FILED","2"
"CANDIDATE","DONNA KAY RICE ","FACEBOOK","ADVERTISING - DIGITAL","7/15/2026","","FILED","2"
"CANDIDATE COMMITTEE","FRIENDS OF CJ YOUNG","MICHAELS ","CAMPAIGN YARD SIGNS, BUTTONS, PENS, ETC.","7/15/2026","CHEYENNE, WY 82001","FILED","33.56"
"CANDIDATE COMMITTEE","HARSHMAN FOR WYOMING","BOB NICHOLAS","CAMPAIGN YARD SIGNS, BUTTONS, PENS, ETC.","7/15/2026","CHEYENNE, WY 82003","FILED","2285.76"
"CANDIDATE","JAYME LIEN ","SUTHERLANDS","OTHER: SIGN MATERIALS","7/15/2026","WY ","FILED","43.93"
"CANDIDATE COMMITTEE","JIM ANDERSON FOR STATE SENATE","ELISSA CAMPBELL FOR HOUSE","CONSULTING","7/15/2026","CASPER, WY ","FILED","250"
"CANDIDATE","JOHN F WETZEL ","COWBOY STATE DAILY","ADVERTISING - DIGITAL","7/15/2026","JACKSON, WY 83002","FILED","2500"
"CANDIDATE","JUSTIN WILLIAM WINNEY JR","RIGHT STRATEGIES","CONSULTING","7/15/2026","ANKENNY, IA 50023","FILED","2500"
"CANDIDATE COMMITTEE","LAUREN SCHOENFELD FOR WYOMING","OLSON STRAGEGIES","PRINTING","7/15/2026","ALEXANDRIA, VA 22314","FILED","3800"
"CANDIDATE","LISA L. ENGEBRETSEN ","AMBI","CAMPAIGN YARD SIGNS, BUTTONS, PENS, ETC.","7/15/2026","CASPER, WY 82601","FILED","682.5"
"CANDIDATE","LISA L. ENGEBRETSEN ","RUMBLEUP","ADVERTISING - MISC.","7/15/2026","ARLINGTON, VA 22201","FILED","19"
"CANDIDATE","LISA WILSON ","VALLEY LUMBER","CAMPAIGN YARD SIGNS, BUTTONS, PENS, ETC.","7/15/2026","LANDER, WY 82520","FILED","157.77"
"CANDIDATE COMMITTEE","MEGAN FOR GOVERNOR","META PLATFORMS (FACEBOOK)","ADVERTISING - DIGITAL","7/15/2026","MENLO PARK, CA 94025","FILED","75"
"CANDIDATE COMMITTEE","MEGAN FOR GOVERNOR","WINRED TECHNICAL SERVICES","BANKING ","7/15/2026","CHEYENNE, WY 82001","FILED","18.72"
"CANDIDATE COMMITTEE","MYCA FOR SHERIDAN","ALPHA GRAPHICS","PRINTING","7/15/2026","WY ","FILED","1766.81"
"CANDIDATE COMMITTEE","MYCA FOR SHERIDAN","NATION BUILDER","BANKING ","7/15/2026","WY ","FILED","20.1"
"CANDIDATE","NEIL JESKE ","MENARDS","OFFICE SUPPLIES","7/15/2026","CASPER, WY ","FILED","69.16"
"CANDIDATE","QWENTON EAGLE OVIATT ","PITT STOP","TRAVEL (HOTEL, GAS, ETC.)","7/15/2026","LANDER, WY ","FILED","23.29"
"CANDIDATE","QWENTON EAGLE OVIATT ","WM SUPERCENTER","TRAVEL (HOTEL, GAS, ETC.)","7/15/2026","RAWLINS, WY ","FILED","44.66"
"CANDIDATE","R. J. KOST ","SUBWAY","FOOD AND BEVERAGES","7/15/2026","POWELL, WY 82435","FILED","51.99"
"CANDIDATE","ROBERT L HENDRY ","UPSLOPE MEDIA","ADVERTISING - NEWSPAPER","7/15/2026","CASPER, WY 82601","AMEND - ADD","1200"
"CANDIDATE","ROY BIRT ","SAFEWAY","FOOD AND BEVERAGES","7/15/2026","WHEATLAND, WY 82201","FILED","13.48"
"CANDIDATE COMMITTEE","STORER FOR STATE HOUSE","NOODLE KITCHEN","FOOD AND BEVERAGES","7/15/2026","JACKSON, WY 83002","FILED","601.9"
"CANDIDATE COMMITTEE","STUDY4WYOMING","ACPEFCU","BANKING ","7/15/2026","LARAMIE, WY ","FILED","0.4"
"CANDIDATE COMMITTEE","STUDY4WYOMING","ALBANY CO REPUBLICAN PARTY","ADVERTISING - MISC.","7/15/2026","LARAMIE, WY ","FILED","101"
"CANDIDATE COMMITTEE","STUDY4WYOMING","AMAZON","CAMPAIGN YARD SIGNS, BUTTONS, PENS, ETC.","7/15/2026","WY ","FILED","56.69"
"CANDIDATE","TINA JOHNSON ","CHEVRON","TRAVEL (HOTEL, GAS, ETC.)","7/15/2026","WY ","FILED","97.48"
"CANDIDATE","TINA JOHNSON ","CJ SIGNS","ADVERTISING - MISC.","7/15/2026","WY ","FILED","180.36"
"CANDIDATE","TONY LOCKE ","USPS","POSTAGE","7/15/2026","","FILED","936.66"
"CANDIDATE","TREY LYNN SHERWOOD ","APG ROCKIES","ADVERTISING - NEWSPAPER","7/15/2026","CHEYENNE, WY 82001","FILED","206"
"CANDIDATE COMMITTEE","WILLOX FOR WYOMING","THE ENTERPRISE","OTHER: PARADE ENTRY","7/15/2026","DOUGLAS, WY 82633","FILED","43.56"
"CANDIDATE","ART WASHUT ","WYOMING SHIRT & GIFT","CAMPAIGN YARD SIGNS, BUTTONS, PENS, ETC.","7/14/2026","CASPER, WY 82601","FILED","18.9"
"CANDIDATE COMMITTEE","BARLOW FOR WYOMING","ADAMS MULTIMEDIA","ADVERTISING - NEWSPAPER","7/14/2026","CHEYENNE, WY 82001","FILED","964"
"CANDIDATE COMMITTEE","BARLOW FOR WYOMING","AXIOM STRATEGIES","ADVERTISING - MISC.","7/14/2026","KANSAS CITY, MO 64112","FILED","28164"
"CANDIDATE COMMITTEE","BARLOW FOR WYOMING","PLATTE COUNTY FAIR BOARD","ADVERTISING - MISC.","7/14/2026","WHEATLAND, WY 82201","FILED","100"
"CANDIDATE COMMITTEE","BARLOW FOR WYOMING","THE POLITICAL FIRM","ADVERTISING - DIGITAL","7/14/2026","BATON ROUGE, LA 70808","FILED","420"
"CANDIDATE COMMITTEE","BARLOW FOR WYOMING","WYOMING PRESS ASSOCIATION","ADVERTISING - NEWSPAPER","7/14/2026","CHEYENNE, WY 81001","FILED","22399.1"
"CANDIDATE COMMITTEE","BRENNAN FOR SENATE","PBR PRINTING","CAMPAIGN YARD SIGNS, BUTTONS, PENS, ETC.","7/14/2026","CHEY, WY 82009","PUBLISHED","672"
"CANDIDATE","CALE CASE ","WESTERN PRINTING ","PRINTING","7/14/2026","LANDER, WY 82520","FILED","1240.55"
"CANDIDATE COMMITTEE","CHAD AUER FOR WYOMING","YESCO","ADVERTISING - DIGITAL","7/14/2026","SALT LAKE CITY, UT 84104","FILED","1275"
"CANDIDATE COMMITTEE","CHAD AUER FOR WYOMING","YESCO","ADVERTISING - DIGITAL","7/14/2026","SALT LAKE CITY, UT 84104","FILED","312.5"
"CANDIDATE COMMITTEE","COALITION TO ELECT JOHN BEAR","OUT OF THE BOX FULL ARMOUR","CONSULTING","7/14/2026","CHEYENNE, WY ","FILED","2432.16"
"CANDIDATE COMMITTEE","COMMITTEE TO ELECT BOB DAVIS","307 PUB & GRILL","FOOD AND BEVERAGES","7/14/2026","WY ","FILED","54"
"CANDIDATE COMMITTEE","COMMITTEE TO ELECT BOYD O. WIGGAM ","PBR PRINTING","CAMPAIGN YARD SIGNS, BUTTONS, PENS, ETC.","7/14/2026","CHEYENNE, WY 82009","FILED","603.75"
"CANDIDATE COMMITTEE","COMMITTEE TO ELECT CURT MEIER","JOHN MEIER AND SON","FOOD AND BEVERAGES","7/14/2026","LAGRANGE, WY 82221","FILED","175.12"
"CANDIDATE COMMITTEE","COMMITTEE TO ELECT CURT MEIER","PEGGY OEDEKOVEN","ADVERTISING - MISC.","7/14/2026","LAGRANGE, WY 82221","FILED","456.43"
"CANDIDATE COMMITTEE","COMMITTEE TO ELECT DOUGLAS MOORE","BROADCASTING","ADVERTISING - MISC.","7/14/2026","WY ","FILED","4000"
"CANDIDATE COMMITTEE","COMMITTEE TO ELECT GREG SCHREURS","HOME DEPOT","CAMPAIGN YARD SIGNS, BUTTONS, PENS, ETC.","7/14/2026","GILLETTE, WY 82718","FILED","106.26"
"CANDIDATE COMMITTEE","COMMITTEE TO ELECT OGDEN DRISKILL","COFFEE CUP","TRAVEL (HOTEL, GAS, ETC.)","7/14/2026","MOORCROFT, WY 82730","FILED","29.71"
"CANDIDATE COMMITTEE","COMMITTEE TO ELECT OGDEN DRISKILL","COFFEE CUP","TRAVEL (HOTEL, GAS, ETC.)","7/14/2026","MOORCROFT, WY 82730","FILED","87.01"
"CANDIDATE COMMITTEE","COSTELLO FOR CASPER","WYO SHIRT","OTHER: CAMPAIGN PROMOTIONAL HATS DONOR THANK YOUS","7/14/2026","WY ","FILED","57.75"
"CANDIDATE","DARIN M MCCANN ","STAMPS","POSTAGE","7/14/2026","ROCK SPRINGS, WY 82901","FILED","206.91"
"CANDIDATE COMMITTEE","EAMON O'TOOLE FOR WYOMING","THE COWBOY COUTURE","CAMPAIGN YARD SIGNS, BUTTONS, PENS, ETC.","7/14/2026","SARATOGA, WY 82331","FILED","686.59"
"CANDIDATE COMMITTEE","FORNSTROM FOR HD10","LARAMIE COUNTY ","ADMINISTRATIVE COSTS","7/14/2026","CHEYENNE, WY 82009","FILED","8"
"CANDIDATE COMMITTEE","HARSHMAN FOR WYOMING","NORTHERN WYOMING NEWSPAPER","ADVERTISING - NEWSPAPER","7/14/2026","WORLAND, WY 82401","FILED","1362.94"
"CANDIDATE","JAMES ADDISON AAGARD ","TWIGBY","PHONE","7/14/2026","WY ","FILED","24.18"
"CANDIDATE","JAMES T CORKERY JR","HOME DEPOT","ADVERTISING - MISC.","7/14/2026","CASPER, WY ","FILED","30.06"
"CANDIDATE","JEREMY MICHAEL HAROLDSON ","PRINT PLACE","PRINTING","7/14/2026","ARLINGTON, TX 76011","FILED","204.23"
"CANDIDATE","LISA WILSON ","AMAZON","OFFICE SUPPLIES","7/14/2026","SEATTLE, WA 98101","FILED","32.08"
"CANDIDATE","LISA WILSON ","VISTA PRINT","PRINTING","7/14/2026","LEXINGTON, MA 02421","FILED","508.18"
"CANDIDATE COMMITTEE","MARK JENNINGS FOR HOUSE DISTRICT 30","AMAZON","PRINTING","7/14/2026","WALTHAM, MA 02451","FILED","127.14"
"CANDIDATE","MEAGAN HERRINGTON ","FACEBOOK","ADVERTISING - DIGITAL","7/14/2026","WY ","FILED","21.75"
"CANDIDATE COMMITTEE","MEGAN FOR GOVERNOR","ABIGAIL VROMAN","PAYROLL","7/14/2026","CHEYENNE, WY 82009","FILED","1014.1"
"CANDIDATE COMMITTEE","MEGAN FOR GOVERNOR","GOOGLE WORKSPACE","ADVERTISING - DIGITAL","7/14/2026","MOUNTAIN VIEW, CA 94043","FILED","500"
"CANDIDATE COMMITTEE","MEGAN FOR GOVERNOR","GUSTO","TAXES","7/14/2026","SAN FRANCISCO, CA 94107","FILED","617.1"
"CANDIDATE COMMITTEE","MEGAN FOR GOVERNOR","HANNAH HARRINGTON","PAYROLL","7/14/2026","CHEYNNE, WY 82009","FILED","1095.21"
"CANDIDATE COMMITTEE","MEGAN FOR GOVERNOR","META PLATFORMS (FACEBOOK)","ADVERTISING - DIGITAL","7/14/2026","MENLO PARK, CA 94025","FILED","150"
"CANDIDATE COMMITTEE","MEGAN FOR GOVERNOR","SHAINA STUDY","PAYROLL","7/14/2026","CHEYENNE, WY 82001","FILED","554.1"
"CANDIDATE COMMITTEE","MEGAN FOR GOVERNOR","SRCP MEDIA","ADVERTISING - MISC.","7/14/2026","ALEXANDRIA, VA 22314","FILED","83967"
"CANDIDATE COMMITTEE","MEGAN FOR GOVERNOR","WINRED TECHNICAL SERVICES","BANKING ","7/14/2026","CHEYENNE, WY 82001","FILED","39.4"
"CANDIDATE","PAUL L WING ","GAMECARDSHOP","OFFICE SUPPLIES","7/14/2026","NY ","FILED","19.99"
"CANDIDATE","PAUL V HOEFT ","USPS","POSTAGE","7/14/2026","POWELL, WY 82435","FILED","3215.31"
"CANDIDATE COMMITTEE","QUIN BLAIR FOR HOUSE DISTRICT 24","EXPRESS DIGITAL","ADVERTISING - DIGITAL","7/14/2026","WY ","FILED","1300.67"
"CANDIDATE COMMITTEE","QUIN BLAIR FOR HOUSE DISTRICT 24","KRISTEN LEACH","FOOD AND BEVERAGES","7/14/2026","WY ","FILED","300"
"CANDIDATE","QWENTON EAGLE OVIATT ","GOOGLE","IT SERVICES","7/14/2026","MOUNTAIN VIEW, CA ","FILED","104.99"
"CANDIDATE","R. J. KOST ","POWELL TRIBUNE","ADVERTISING - NEWSPAPER","7/14/2026","POWELL, WY 82435","FILED","3120.57"
"CANDIDATE","R. J. KOST ","USPS","POSTAGE","7/14/2026","POWELL, WY 82435","FILED","1898"
"CANDIDATE","R. J. KOST ","VISION WEST","PRINTING","7/14/2026","POWELL, WY 82435","FILED","171.6"
"CANDIDATE COMMITTEE","REINER FOR WYOMING","PBR","PRINTING","7/14/2026","CHEYENNE, WY 82009","FILED","60.07"
"CANDIDATE","SCOTT HEINER ","BOMGAARS","FOOD AND BEVERAGES","7/14/2026","KEMMERER, WY 83101","FILED","2.99"
"CANDIDATE","SCOTT HEINER ","HAMSFORK MUSEUM","FACILITY FEE","7/14/2026","KEMMERER, WY 83101","FILED","100"
"CANDIDATE COMMITTEE","SERVER FOR WY","MENARDS","OFFICE SUPPLIES","7/14/2026","WY ","FILED","10.86"
"CANDIDATE COMMITTEE","SHORT FOR STATE","DOUGLAS BROADCASTING","ADVERTISING - RADIO","7/14/2026","WY ","FILED","994.5"
"CANDIDATE COMMITTEE","SHORT FOR STATE","ENT MSD EVENTS","OTHER: PARADE ENTRY FEE","7/14/2026","WY ","FILED","43.56"
"CANDIDATE COMMITTEE","SHORT FOR STATE","LOAF N JUG","TRAVEL (HOTEL, GAS, ETC.)","7/14/2026","WY ","FILED","24.65"
"CANDIDATE","TONY LOCKE ","AMAZON","CAMPAIGN YARD SIGNS, BUTTONS, PENS, ETC.","7/14/2026","","FILED","52.4"
"CANDIDATE","TONY LOCKE ","CAMPAIGN PARTNER","GRAPHICS/WEBSITE FEES","7/14/2026","","FILED","29"
"CANDIDATE","TONY LOCKE ","SUPER CHEAP SIGNS","CAMPAIGN YARD SIGNS, BUTTONS, PENS, ETC.","7/14/2026","","FILED","352.46"
"CANDIDATE COMMITTEE","WILLIAMS 4 WYOMING","RMC","PRINTING","7/14/2026","LAS VEGAS, NV 89117","FILED","175"
"CANDIDATE COMMITTEE","WILLOX FOR WYOMING","DOUGLAS BUSINESS CENTER","PRINTING","7/14/2026","DOUGLAS, WY 82633","FILED","22.05"
"CANDIDATE COMMITTEE","WILLOX FOR WYOMING","USPS","POSTAGE","7/14/2026","DOUGLAS, WY 82633","FILED","82"
"CANDIDATE COMMITTEE","ALLEN HOGG FOR WYOMING","EXPRESS DIGI","ADVERTISING - DIGITAL","7/13/2026","UT ","FILED","1349.8"
"CANDIDATE","ANTHONY L ALLEN JR","AMBI","ADVERTISING - MISC.","7/13/2026","CASPER, WY 82601","FILED","106.6"
"CANDIDATE COMMITTEE","BARLOW FOR WYOMING","HIGH PLAINS CONSULTANTS","CONSULTING","7/13/2026","CARPENTER, WY 82054","FILED","2950"
"CANDIDATE COMMITTEE","BARLOW FOR WYOMING","RADIANT MANUFACTURING","CAMPAIGN YARD SIGNS, BUTTONS, PENS, ETC.","7/13/2026","ROCK SPRINGS, WY 82902","FILED","250"
"CANDIDATE COMMITTEE","BARLOW FOR WYOMING","WHEATLAND VOLUNTEER FIRE DEPARTMENT","ADVERTISING - MISC.","7/13/2026","WHEATLAND, WY 82201","FILED","5"
"CANDIDATE COMMITTEE","BIGELOW FOR HD51","ANEDOT","BANKING ","7/13/2026","DALLAS, TX 75206","FILED","22.6"
"CANDIDATE COMMITTEE","BIGELOW FOR HD51","MAJORITY STRATEGIES","ADVERTISING - MISC.","7/13/2026","DALLAS, TX 75267","FILED","4567.92"
"CANDIDATE COMMITTEE","BITEMAN FOR WYOMING","GODADDY","GRAPHICS/WEBSITE FEES","7/13/2026","WY ","FILED","119.88"
"CANDIDATE COMMITTEE","BRENT BIEN FOR GOVERNOR","FACEBOOK","ADVERTISING - DIGITAL","7/13/2026","WY ","FILED","214"
"CANDIDATE COMMITTEE","CARLIN JONES FOR WYOMING","OUT OF THE BOX","ADVERTISING - MISC.","7/13/2026","CO ","AMEND - ADD","2868"
"CANDIDATE COMMITTEE","COALITION TO ELECT JOHN BEAR","ANEDOT","BANKING ","7/13/2026","","FILED","12.3"
"CANDIDATE COMMITTEE","COALITION TO ELECT JOHN BEAR","NANCY MILLS","CONSULTING","7/13/2026","GILLETTE, WY 82718","FILED","1500"
"CANDIDATE COMMITTEE","COMMITTEE TO ELECT BOB DAVIS","MCDONALD'S","FOOD AND BEVERAGES","7/13/2026","WY ","FILED","15.98"
"CANDIDATE COMMITTEE","COMMITTEE TO ELECT DOUGLAS MOORE","WEBPROS","ADVERTISING - DIGITAL","7/13/2026","WY ","FILED","1582.5"
"CANDIDATE COMMITTEE","COMMITTEE TO ELECT DOUGLAS MOORE","ZAZZLE","ADVERTISING - MISC.","7/13/2026","WY ","FILED","80.52"
"CANDIDATE COMMITTEE","COMMITTEE TO ELECT EARL COLLIER FOR HOUSE DISTRICT 3","BOMGARRS","CAMPAIGN YARD SIGNS, BUTTONS, PENS, ETC.","7/13/2026","WY ","FILED","50.3"
"CANDIDATE COMMITTEE","COMMITTEE TO ELECT ELISSA CAMPBELL","SQUARESPACE","GRAPHICS/WEBSITE FEES","7/13/2026","NYC, NY 10014","FILED","348"
"CANDIDATE COMMITTEE","COMMITTEE TO ELECT GARY BROWN ","OFFICE DEPOT","OFFICE SUPPLIES","7/13/2026","WY ","FILED","37.78"
"CANDIDATE COMMITTEE","COMMITTEE TO ELECT GARY BROWN ","VISTAPRINT","PRINTING","7/13/2026","WY ","FILED","456.74"
"CANDIDATE COMMITTEE","COMMITTEE TO ELECT JESSICA CROWDER","IN EXPRESS DIGITAL","ADVERTISING - MISC.","7/13/2026","MAPLETON, UT 84664","FILED","779.69"
"CANDIDATE COMMITTEE","COMMITTEE TO ELECT KEN PENDERGRAFT","HARRY POLACK","PRINTING","7/13/2026","WY ","FILED","250"
"CANDIDATE COMMITTEE","COMMITTEE TO ELECT KEN PENDERGRAFT","USPS","POSTAGE","7/13/2026","WY ","FILED","120.77"
"CANDIDATE COMMITTEE","CONNOLLY FOR STATE HOUSE","SQUARE SPACE","GRAPHICS/WEBSITE FEES","7/13/2026","NEW YORK, NY 10014","FILED","8.4"
"CANDIDATE COMMITTEE","COSTELLO FOR CASPER","307 PRINT AND SHIP","SHIPPING","7/13/2026","WY ","FILED","24.7"
"CANDIDATE COMMITTEE","COSTELLO FOR CASPER","ELECTION HIVE","CONSULTING","7/13/2026","WY ","FILED","1500"
"CANDIDATE","DARIN M MCCANN ","OUT OF THE BOX PERFORMANCE","ADVERTISING - MISC.","7/13/2026","COLORADO SPRINGS, CO 80909","FILED","2172.35"
"CANDIDATE","DEB MUTTER SHAMLEY ","VISTA PRINT","ADVERTISING - MISC.","7/13/2026","CHEYENNE, WY 82001","FILED","2020.16"
"CANDIDATE","DONNA KAY RICE ","DIRECT EDGE CAMPAIGNS, LLC","ADVERTISING - MISC.","7/13/2026","NASHVILLE, TN 37215","FILED","2906.84"
"CANDIDATE","DONNA KAY RICE ","VISTAPRINT","ADVERTISING - MISC.","7/13/2026","WY ","FILED","138.58"
"CANDIDATE COMMITTEE","EDWARDS FOR WYOMING","OLSEN STRATEGIES & ADVERTISING, INC.","CONSULTING","7/13/2026","ALEXANDRIA, VA 22314","FILED","560.6"
"CANDIDATE COMMITTEE","EDWARDS FOR WYOMING","UNITED STATES POSTAL SERVICE","POSTAGE","7/13/2026","CHEYENNE, WY 82001","FILED","164"
"CANDIDATE COMMITTEE","FORNSTROM FOR HD10","MINUTEMAN PRESS","PRINTING","7/13/2026","CHEYENNE, WY 82009","FILED","210.53"
"CANDIDATE COMMITTEE","FRIENDS OF JULIE JARVIS","ADOBE","OFFICE SUPPLIES","7/13/2026","SAN JOSE, CA 95110","FILED","44.98"
"CANDIDATE COMMITTEE","HARSHMAN FOR WYOMING","AMBI","CAMPAIGN YARD SIGNS, BUTTONS, PENS, ETC.","7/13/2026","CASPER, WY 82601","FILED","3749.48"
"CANDIDATE COMMITTEE","HARSHMAN FOR WYOMING","AMBI","CAMPAIGN YARD SIGNS, BUTTONS, PENS, ETC.","7/13/2026","CASPER, WY 82601","FILED","2754.99"
"CANDIDATE COMMITTEE","HARSHMAN FOR WYOMING","BUFFALO BULLETIN","ADVERTISING - NEWSPAPER","7/13/2026","BUFFALO, WY 82834","FILED","947.6"
"CANDIDATE","JEREMY MICHAEL HAROLDSON ","GOLDEN EGG","FOOD AND BEVERAGES","7/13/2026","CHEYENNE, WY 82001","FILED","45.8"
"CANDIDATE","JEREMY MICHAEL HAROLDSON ","MAVERIK ","TRAVEL (HOTEL, GAS, ETC.)","7/13/2026","CHEYENNE, WY 82001","FILED","79.07"
"CANDIDATE COMMITTEE","KENNETH D. ROBERTS","RENEE HUNZIE","OTHER: CARDS","7/13/2026","KEMMERER, WY 83101","FILED","24"
"CANDIDATE COMMITTEE","KOLTISKA FOR SHERIDAN","ALPHAGRAPHICS","PRINTING","7/13/2026","SHERIDAN, WY 82801","FILED","2010.8"
"CANDIDATE","LISA L. ENGEBRETSEN ","COWBOY STATE DAILY","ADVERTISING - DIGITAL","7/13/2026","CHEYENNE, WY 82001","FILED","3125"
"CANDIDATE","LISA WILSON ","SQUARESPACE","GRAPHICS/WEBSITE FEES","7/13/2026","NY, NY 10014","FILED","25"
"CANDIDATE COMMITTEE","MARK JENNINGS FOR HOUSE DISTRICT 30","USPS","POSTAGE","7/13/2026","SHERIDAN, WY 82801","FILED","1103.19"
"CANDIDATE COMMITTEE","MARK JENNINGS FOR HOUSE DISTRICT 30","WALMART","PHONE","7/13/2026","SHERIDAN, WY 82801","FILED","37.7"
"CANDIDATE","MEAGAN HERRINGTON ","BLACKTOOTH BREWING COMPANY","FOOD AND BEVERAGES","7/13/2026","WY ","FILED","100"
"CANDIDATE COMMITTEE","MEGAN FOR GOVERNOR","META PLATFORMS (FACEBOOK)","ADVERTISING - DIGITAL","7/13/2026","MENLO PARK, CA 94025","FILED","300"
"CANDIDATE COMMITTEE","MEGAN FOR GOVERNOR","SHAINA STUDY","PAYROLL","7/13/2026","CHEYENNE, WY 82001","FILED","102.5"
"CANDIDATE COMMITTEE","MEGAN FOR GOVERNOR","WINRED TECHNICAL SERVICES","BANKING ","7/13/2026","CHEYENNE, WY 82001","FILED","8.66"
"CANDIDATE","NEIL JESKE ","SUPERCHEAPSIGNS.COM","CAMPAIGN YARD SIGNS, BUTTONS, PENS, ETC.","7/13/2026","WY ","FILED","444.8"
"CANDIDATE","NEIL JESKE ","USPS.COM","POSTAGE","7/13/2026","WY ","FILED","49.2"
"CANDIDATE","PEPPER L OTTMAN ","ARTS IN ACTION","ADVERTISING - MISC.","7/13/2026","RIVERTON, WY 82501","FILED","65"
"CANDIDATE COMMITTEE","QUIN BLAIR FOR HOUSE DISTRICT 24","PAUL STOCK AQUATIC CENTER","FACILITY FEE","7/13/2026","WY ","FILED","25"
"CANDIDATE","R. J. KOST ","BASIN REPUBLICAN RUSTLER","ADVERTISING - NEWSPAPER","7/13/2026","BASIN, WY 82410","FILED","847"
"CANDIDATE COMMITTEE","REINER FOR WYOMING","LOWES","CAMPAIGN YARD SIGNS, BUTTONS, PENS, ETC.","7/13/2026","CHEYENNE, WY 82009","FILED","193.33"
"CANDIDATE","ROY BIRT ","SIGNS ON THE CHEAP","CAMPAIGN YARD SIGNS, BUTTONS, PENS, ETC.","7/13/2026","WY ","FILED","367.68"
"CANDIDATE COMMITTEE","SCHRIFTMAN FOR STATE HOUSE","STAPLES","OFFICE SUPPLIES","7/13/2026","WY ","FILED","101.21"
"CANDIDATE","SCOTT SMITH JR","CHATGPT","ADMINISTRATIVE COSTS","7/13/2026","WY ","FILED","100"
"CANDIDATE COMMITTEE","SHORT FOR STATE","ELIZABETH DILLOW LLC","CONSULTING","7/13/2026","WY ","FILED","303.97"
"CANDIDATE COMMITTEE","SHORT FOR STATE","RDR (ROCK SPRINGS PARADE)","OTHER: PARADE ENTRY FEE","7/13/2026","WY ","FILED","40"
"CANDIDATE COMMITTEE","SPECKNER FOR HOUSE DISTRICT 5","EXPRESS DIGI","ADVERTISING - MISC.","7/13/2026","UT ","FILED","1252.74"
"CANDIDATE COMMITTEE","STACY JONES FOR SENATE DISTRICT 13","OTC","ADVERTISING - MISC.","7/13/2026","WY ","FILED","24.12"
"CANDIDATE COMMITTEE","STACY JONES FOR SENATE DISTRICT 13","WAL MART","ADVERTISING - MISC.","7/13/2026","WY ","FILED","17.78"
"CANDIDATE COMMITTEE","STACY JONES FOR SENATE DISTRICT 13","WAL MART","ADVERTISING - MISC.","7/13/2026","WY ","FILED","36.91"
"CANDIDATE","TAFT CARROLL LOVE ","SPAGHETTI WEST","FOOD AND BEVERAGES","7/13/2026","WHEATLAND, WY ","FILED","133.65"
"CANDIDATE COMMITTEE","THE FRIENDS TO ELECT MARK JONES","PAYPAL","GRAPHICS/WEBSITE FEES","7/13/2026","SAN JOSE, CA 95131","FILED","3.48"
"CANDIDATE COMMITTEE","THE PEOPLE FOR PROVENZA","MIKE VANATA","ADVERTISING - DIGITAL","7/13/2026","LARAMIE, WY ","FILED","500"
"CANDIDATE","TINA JOHNSON ","CANVA","ADVERTISING - MISC.","7/13/2026","WY ","FILED","25"
"CANDIDATE","TINA JOHNSON ","SIGNS ON THE CHEAP","CAMPAIGN YARD SIGNS, BUTTONS, PENS, ETC.","7/13/2026"," , WY ","FILED","274.21"
"CANDIDATE","ALBERT SOMMERS ","SUE SOMMERS","CAMPAIGN YARD SIGNS, BUTTONS, PENS, ETC.","7/12/2026","WY ","FILED","60.21"
"CANDIDATE","ALBERT SOMMERS ","SUE SOMMERS","OTHER: PARADE CANDY","7/12/2026","WY ","FILED","874.43"
"CANDIDATE COMMITTEE","BARLOW FOR WYOMING","KLAVIYO","IT SERVICES","7/12/2026","BOSTON, MA 02111","FILED","60"
"CANDIDATE COMMITTEE","BRENNAN FOR SENATE","OLSEN STRATEGIES AND ADVERTISING","ADVERTISING - DIGITAL","7/12/2026","ALEXANDRIA, VA ","PUBLISHED","1000"
"CANDIDATE COMMITTEE","BRENNAN FOR SENATE","OLSEN STRATEGIES AND ADVERTISING","OTHER: TEXT MESSAGE","7/12/2026","ALEXANDRIA, VA ","PUBLISHED","740.4"
"CANDIDATE COMMITTEE","BRENNAN FOR SENATE","WIX.COM","GRAPHICS/WEBSITE FEES","7/12/2026","","PUBLISHED","84"
"CANDIDATE COMMITTEE","COMMITTEE TO ELECT BOB DAVIS","STINKER STORE","TRAVEL (HOTEL, GAS, ETC.)","7/12/2026","WY ","FILED","75"
"CANDIDATE COMMITTEE","COMMITTEE TO ELECT KRISTI RACINES","FACEBOOK","ADVERTISING - DIGITAL","7/12/2026","","FILED","29.08"
"CANDIDATE COMMITTEE","COMMITTEE TO ELECT KRISTI RACINES","MINISPORTSBALLS.COM","CAMPAIGN YARD SIGNS, BUTTONS, PENS, ETC.","7/12/2026","","FILED","1330.12"
"CANDIDATE COMMITTEE","COMMITTEE TO ELECT OGDEN DRISKILL","ARROW SERVICE","TRAVEL (HOTEL, GAS, ETC.)","7/12/2026","UPTON, WY 82730","FILED","250"
"CANDIDATE","JAMES T CORKERY JR","AMAZON","CAMPAIGN YARD SIGNS, BUTTONS, PENS, ETC.","7/12/2026","CASPER, WY ","FILED","17.84"
"CANDIDATE","JAMES T CORKERY JR","BETTER BADGES - NAME TAG","CAMPAIGN YARD SIGNS, BUTTONS, PENS, ETC.","7/12/2026","CASPER, WY ","FILED","18.47"
"CANDIDATE","KEVIN JOHN CAMPBELL ","MOUNTAIN STATES LITHOGRAPH","ADVERTISING - MISC.","7/12/2026","CASPER, WY ","FILED","350.86"
"CANDIDATE","NEIL JESKE ","FAMILY DOLLAR","OFFICE SUPPLIES","7/12/2026","CASPER, WY ","FILED","7.88"
"CANDIDATE","NEIL JESKE ","ROSE WALLACE","OTHER: ENVELOPE ADRESSING AND STUFFING","7/12/2026","CASPER, WY 82604","FILED","240"
"CANDIDATE","PEPPER L OTTMAN ","CODY VIOLETTE","CAMPAIGN YARD SIGNS, BUTTONS, PENS, ETC.","7/12/2026","KINGMAN, AZ 86409","FILED","150"
"CANDIDATE COMMITTEE","WILLOX FOR WYOMING","OLSON STRATEGIES","ADVERTISING - DIGITAL","7/12/2026","ALEXANDRIA, VA 22314","FILED","708"
"CANDIDATE COMMITTEE","BARLOW FOR WYOMING","AMAZON","CAMPAIGN YARD SIGNS, BUTTONS, PENS, ETC.","7/11/2026","SEATTLE, WA 98108","FILED","74.03"
"CANDIDATE COMMITTEE","BARLOW FOR WYOMING","AMAZON","CAMPAIGN YARD SIGNS, BUTTONS, PENS, ETC.","7/11/2026","SEATTLE, WA 98108","FILED","38.94"
"CANDIDATE COMMITTEE","BARLOW FOR WYOMING","AMAZON","CAMPAIGN YARD SIGNS, BUTTONS, PENS, ETC.","7/11/2026","SEATTLE, WA 98108","FILED","58.92"
"CANDIDATE COMMITTEE","BARLOW FOR WYOMING","AMAZON","CAMPAIGN YARD SIGNS, BUTTONS, PENS, ETC.","7/11/2026","SEATTLE, WA 98108","FILED","77.88"
"CANDIDATE COMMITTEE","BARLOW FOR WYOMING","AMAZON","CAMPAIGN YARD SIGNS, BUTTONS, PENS, ETC.","7/11/2026","SEATTLE, WA 98108","FILED","77.88"
"CANDIDATE COMMITTEE","BEN HORNOK FOR WY","LOAF N JUG","FOOD AND BEVERAGES","7/11/2026","CHEYENNE, WY 82009","FILED","3.99"
"CANDIDATE COMMITTEE","BEN HORNOK FOR WY","SILVER MINE SUBS","FOOD AND BEVERAGES","7/11/2026","CHEYENNE, WY 82009","FILED","51.67"
"CANDIDATE COMMITTEE","BINGHAM FOR WYOMING","ACE HARDWARE","CAMPAIGN YARD SIGNS, BUTTONS, PENS, ETC.","7/11/2026","WY ","FILED","43.12"
"CANDIDATE COMMITTEE","BINGHAM FOR WYOMING","HARBOR FREIGHT","CAMPAIGN YARD SIGNS, BUTTONS, PENS, ETC.","7/11/2026","WY ","FILED","127.09"
"CANDIDATE COMMITTEE","BINGHAM FOR WYOMING","ROSS","CAMPAIGN YARD SIGNS, BUTTONS, PENS, ETC.","7/11/2026","WY ","FILED","77.31"
"CANDIDATE COMMITTEE","BINGHAM FOR WYOMING","WALMART","CAMPAIGN YARD SIGNS, BUTTONS, PENS, ETC.","7/11/2026","WY ","FILED","135.39"
"CANDIDATE COMMITTEE","CHAD AUER FOR WYOMING","BRIGHTR","ADMINISTRATIVE COSTS","7/11/2026","WY ","FILED","43.56"
"CANDIDATE COMMITTEE","COMMITTEE TO ELECT ANNE ZIEGENHORN","BIG D OIL COMPANY","TRAVEL (HOTEL, GAS, ETC.)","7/11/2026","WRIGHT, WY 82732","FILED","66.64"
"CANDIDATE COMMITTEE","COMMITTEE TO ELECT KEN PENDERGRAFT","WAL MART","OFFICE SUPPLIES","7/11/2026","WY ","FILED","87.26"
"CANDIDATE COMMITTEE","DAVID HILL FOR HOUSE DISTRICT 50","META","ADVERTISING - DIGITAL","7/11/2026","","FILED","500"
"CANDIDATE COMMITTEE","FRIENDS OF CJ YOUNG","SHAINA STUDY","CONSULTING","7/11/2026","CHEYENNE, WY 82001","FILED","250"
"CANDIDATE","MATTHEW HURT ","DAZBOG COFFEE","FOOD AND BEVERAGES","7/11/2026","CHEYENNE, WY 82001","FILED","108"
"CANDIDATE","MATTHEW HURT ","DELECTABLE DONUTS","FOOD AND BEVERAGES","7/11/2026","CHEYENNE, WY 82001","FILED","180"
"CANDIDATE","NEIL JESKE ","CITY OF MILLS","RENT","7/11/2026","MILLS, WY 82604","FILED","50"
"CANDIDATE","NEIL JESKE ","HARBOR FREIGHT","OFFICE SUPPLIES","7/11/2026","CASPER, WY ","FILED","16.78"
"CANDIDATE","R. J. KOST ","AMAZON","OFFICE SUPPLIES","7/11/2026","WY ","FILED","37.43"
"CANDIDATE","R. J. KOST ","BLAIR'S MARKET","FOOD AND BEVERAGES","7/11/2026","POWELL, WY 82435","FILED","28.94"
"CANDIDATE","R. J. KOST ","MARKET PLACE","FACILITY FEE","7/11/2026","BYRON, WY 82412","FILED","35.88"
"CANDIDATE COMMITTEE","REINER FOR WYOMING","LOWES","CAMPAIGN YARD SIGNS, BUTTONS, PENS, ETC.","7/11/2026","CHEYENNE, WY 82009","FILED","146.71"
"CANDIDATE","ROY BIRT ","CRAZY CHEAP SIGNS","CAMPAIGN YARD SIGNS, BUTTONS, PENS, ETC.","7/11/2026","WY ","FILED","681.69"
"CANDIDATE","SCOTT SMITH JR","HOLIDAY INN EXPRESS","TRAVEL (HOTEL, GAS, ETC.)","7/11/2026","RIVERTON, WY ","FILED","185.14"
"CANDIDATE","SCOTT SMITH JR","SAM'S CLUB","FOOD AND BEVERAGES","7/11/2026","CASPER, WY ","FILED","93.67"
"CANDIDATE COMMITTEE","SHORT FOR STATE","LOAF N JUG","TRAVEL (HOTEL, GAS, ETC.)","7/11/2026","WY ","FILED","10.97"
"CANDIDATE COMMITTEE","STUDY4WYOMING","THE UPS STORE","CAMPAIGN YARD SIGNS, BUTTONS, PENS, ETC.","7/11/2026","LARAMIE, WY ","FILED","152.25"
"CANDIDATE COMMITTEE","THE PEOPLE FOR PROVENZA","APG ROCKIES","ADVERTISING - NEWSPAPER","7/11/2026","WY ","FILED","455"
"CANDIDATE COMMITTEE","THE PEOPLE FOR PROVENZA","DOOR DASH","FOOD AND BEVERAGES","7/11/2026","","FILED","108.44"
"CANDIDATE","WENDY DAVIS SCHULER ","SMITHS","ADVERTISING - MISC.","7/11/2026","EVANSTON, WY 82930","FILED","43.16"
"CANDIDATE","WENDY DAVIS SCHULER ","SUMMIT FUELS","TRAVEL (HOTEL, GAS, ETC.)","7/11/2026","EVANSTON, WY 82930","FILED","50.2"
"CANDIDATE COMMITTEE","BECKER COMMITTEE","VISTA PRINT","CAMPAIGN YARD SIGNS, BUTTONS, PENS, ETC.","7/10/2026","WY ","FILED","198.44"
"CANDIDATE COMMITTEE","BEN HORNOK FOR WY","SAFEWAY","FOOD AND BEVERAGES","7/10/2026","CHEYENNE, WY 82007","FILED","29.46"
"CANDIDATE COMMITTEE","BEN HORNOK FOR WY","WALMART","OTHER: COOLER","7/10/2026","CHEYENNE, WY 82007","FILED","27.06"
"CANDIDATE COMMITTEE","CHAD AUER FOR WYOMING","BOMGAARS","FOOD AND BEVERAGES","7/10/2026","CHEYENNE, WY 82009","FILED","65.39"
"CANDIDATE COMMITTEE","CHAD AUER FOR WYOMING","WALMART","FOOD AND BEVERAGES","7/10/2026","CHEYENNE, WY 82009","FILED","42.55"
"CANDIDATE","CHRISTOPHER DRESANG ","FEDEX","ADVERTISING - MISC.","7/10/2026","WY ","FILED","107.99"
"CANDIDATE COMMITTEE","COALITION TO ELECT JOHN BEAR","SIMPSON'S PRINTING","PRINTING","7/10/2026","GILLETTE, WY 82716","FILED","404.25"
"CANDIDATE COMMITTEE","COMMITTEE TO ELECT CHIP NEIMAN SENATE DISTRICT 1","WYO REPUBLICAN PARTY","OFFICE SUPPLIES","7/10/2026","CHEYENNE, WY 82001","FILED","200"
"CANDIDATE COMMITTEE","COMMITTEE TO ELECT DOUGLAS MOORE","MG OIL","TRAVEL (HOTEL, GAS, ETC.)","7/10/2026","WY ","FILED","64.11"
"CANDIDATE COMMITTEE","COMMITTEE TO ELECT OGDEN DRISKILL","SIR SPEEDY","ADVERTISING - MISC.","7/10/2026","GILLETTE, WY 82718","FILED","980.7"
"CANDIDATE","DARIN M MCCANN ","MICROSOFT","ADMINISTRATIVE COSTS","7/10/2026","ROCK SPRINGS, WY 82901","FILED","10.59"
"CANDIDATE","DAVID KARL WALTON ","BACKWOODS THREADS","CAMPAIGN YARD SIGNS, BUTTONS, PENS, ETC.","7/10/2026","EVANSTON, WY 82930","FILED","92.7"
"CANDIDATE","DONNA KAY RICE ","YOUTH CIVIC ENGAGEMENT VOTA PALOOZA","CANDIDATE/COMMITTEE CONTRIBUTION","7/10/2026","CASPER, WY 82601","FILED","235"
"CANDIDATE COMMITTEE","EAMON O'TOOLE FOR WYOMING","THE PRINT SHOP","CAMPAIGN YARD SIGNS, BUTTONS, PENS, ETC.","7/10/2026","CRAIG, CO 81625","FILED","189.49"
"CANDIDATE COMMITTEE","FORNSTROM FOR HD10","US POSTAL SERVICE","POSTAGE","7/10/2026","CHEYENNE, WY 82001","FILED","390"
"CANDIDATE COMMITTEE","FORNSTROM FOR HD10","WALMART","OFFICE SUPPLIES","7/10/2026","CHEYENNE, WY 82009","FILED","67.66"
"CANDIDATE COMMITTEE","FRIENDS OF CJ YOUNG","TOPSIDE STRATEGIES ","ADVERTISING - DIGITAL","7/10/2026","JACKSONVILLE, FL ","FILED","21861.02"
"CANDIDATE COMMITTEE","FRIENDS OF CJ YOUNG","VISTA PRINT","PRINTING","7/10/2026","MA ","FILED","43.03"
"CANDIDATE COMMITTEE","HARSHMAN FOR WYOMING","4IMPRINT","CAMPAIGN YARD SIGNS, BUTTONS, PENS, ETC.","7/10/2026","OSHKOSH, WI 54901","FILED","700.43"
"CANDIDATE COMMITTEE","HARSHMAN FOR WYOMING","MENARDS","ADVERTISING - MISC.","7/10/2026","CASPER, WY 82609","FILED","430.94"
"CANDIDATE COMMITTEE","HARSHMAN FOR WYOMING","RYE STRATEGIES","ADVERTISING - DIGITAL","7/10/2026","HUNTERSVILLE, NC 28078","FILED","5000"
"CANDIDATE COMMITTEE","HARSHMAN FOR WYOMING","UPSLOPE MEDIA","ADVERTISING - DIGITAL","7/10/2026","CASPER, WY 82601","FILED","8462.5"
"CANDIDATE","JAMES ADDISON AAGARD ","WALMART","CAMPAIGN YARD SIGNS, BUTTONS, PENS, ETC.","7/10/2026","LOVELL, WY 82431","FILED","40.24"
"CANDIDATE","JAMES ADDISON AAGARD ","WALMART","FOOD AND BEVERAGES","7/10/2026"," , WY ","FILED","60.41"
"CANDIDATE COMMITTEE","JAMES WAMSLEY FOR WYOMING","HARBOR FREIGHT","OFFICE SUPPLIES","7/10/2026","ROCK SPRINGS, WY 82901","FILED","8.47"
"CANDIDATE COMMITTEE","JIM ANDERSON FOR STATE SENATE","JULIE JARVIS FOR HOUSE","CONSULTING","7/10/2026","CASPER, WY ","FILED","250"
"CANDIDATE","JOE WEBB ","USPS","POSTAGE","7/10/2026","MT. VIEW, WY 82939","FILED","546"
"CANDIDATE COMMITTEE","KELLER FOR WYO","TEXT SERVICE","ADVERTISING - DIGITAL","7/10/2026","WY ","FILED","150"
"CANDIDATE COMMITTEE","KEVIN HELLING FOR WYOMING","HOME DEPOT ","CAMPAIGN YARD SIGNS, BUTTONS, PENS, ETC.","7/10/2026","CASPER, WY 82609","FILED","96.52"
"CANDIDATE","LISA L. ENGEBRETSEN ","ANEDOT","GRAPHICS/WEBSITE FEES","7/10/2026","DALLAS, TX 75206","FILED","20.3"
"CANDIDATE","MARCIA JOANN NEUMILLER ","AMBI","CAMPAIGN YARD SIGNS, BUTTONS, PENS, ETC.","7/10/2026","CASPER, WY 82602","FILED","2502.99"
"CANDIDATE","MARCIA JOANN NEUMILLER ","COWBOY STATE DAILY","ADVERTISING - DIGITAL","7/10/2026","JACKSON, WY 83002","FILED","3750"
"CANDIDATE","MATTHEW HURT ","GOOD PARTY LLC","ADVERTISING - DIGITAL","7/10/2026","CHEYENNE, WY 82001","FILED","48.33"
"CANDIDATE","MEAGAN HERRINGTON ","AT&T","PHONE","7/10/2026","WY ","FILED","55.05"
"CANDIDATE COMMITTEE","MEGAN FOR GOVERNOR","ALLIANCE FORGE ELECTION TECHNOLOGY","ADVERTISING - DIGITAL","7/10/2026","SPARKS, NV 89436","FILED","44.91"
"CANDIDATE COMMITTEE","MEGAN FOR GOVERNOR","ALLIANCE FORGE ELECTION TECHNOLOGY","ADVERTISING - DIGITAL","7/10/2026","SPARKS, NV 89436","FILED","333.24"
"CANDIDATE COMMITTEE","MEGAN FOR GOVERNOR","ALLIANCE FORGE ELECTION TECHNOLOGY","ADVERTISING - DIGITAL","7/10/2026","SPARKS, NV 89436","FILED","61.6"
"CANDIDATE COMMITTEE","MEGAN FOR GOVERNOR","ALLIANCE FORGE ELECTION TECHNOLOGY","ADVERTISING - DIGITAL","7/10/2026","SPARKS, NV 89436","FILED","509.71"
"CANDIDATE COMMITTEE","MEGAN FOR GOVERNOR","ALLIANCE FORGE ELECTION TECHNOLOGY","ADVERTISING - DIGITAL","7/10/2026","SPARKS, NV 89436","FILED","294.42"
"CANDIDATE COMMITTEE","MEGAN FOR GOVERNOR","ALLIANCE FORGE ELECTION TECHNOLOGY","ADVERTISING - DIGITAL","7/10/2026","SPARKS, NV 89436","FILED","22.89"
"CANDIDATE COMMITTEE","MEGAN FOR GOVERNOR","META PLATFORMS (FACEBOOK)","ADVERTISING - DIGITAL","7/10/2026","MENLO PARK, CA 94025","FILED","75"
"CANDIDATE COMMITTEE","MEGAN FOR GOVERNOR","WINRED TECHNICAL SERVICES","BANKING ","7/10/2026","CHEYENNE, WY 82001","FILED","99.68"
"CANDIDATE COMMITTEE","MYCA FOR SHERIDAN","ALPHA GRAPHICS","PRINTING","7/10/2026","WY ","FILED","664.99"
"CANDIDATE","OCEAN ANDREW ","ITI DIRECT MAIL","POSTAGE","7/10/2026","","FILED","1582.43"
"CANDIDATE","PEPPER L OTTMAN ","BURNING PRESSES","CAMPAIGN YARD SIGNS, BUTTONS, PENS, ETC.","7/10/2026","LANDER, WY 82520","FILED","498.75"
"CANDIDATE COMMITTEE","RAH FOR HD17","CJ SIGNS","CAMPAIGN YARD SIGNS, BUTTONS, PENS, ETC.","7/10/2026","ROCK SPRINGS, WY 82901","FILED","93.81"
"CANDIDATE COMMITTEE","RAH FOR HD17","STAPLES","OFFICE SUPPLIES","7/10/2026","ROCK SPRINGS, WY 82901","FILED","37.77"
"CANDIDATE COMMITTEE","RAH FOR HD17","WAL-MART","CAMPAIGN YARD SIGNS, BUTTONS, PENS, ETC.","7/10/2026","ROCK SPRINGS, WY 82901","FILED","33.59"
"CANDIDATE COMMITTEE","REINER FOR WYOMING","OFFICE DEPOT","ADMINISTRATIVE COSTS","7/10/2026","CHEYENNE, WY 82009","FILED","8.38"
"CANDIDATE","ROBERT L HENDRY ","RANGER PRINTERS","CAMPAIGN YARD SIGNS, BUTTONS, PENS, ETC.","7/10/2026","RIVERTON, WY 82501","AMEND - ADD","634.84"
"CANDIDATE","ROY BIRT ","SAFEWAY","FOOD AND BEVERAGES","7/10/2026","WHEATLAND, WY 82201","FILED","38.43"
"CANDIDATE","SCOTT HEINER ","WESTAR PRINTING","PRINTING","7/10/2026","EVANSTON, WY 82930","FILED","1803.68"
"CANDIDATE COMMITTEE","SHANNON A. BRENNAN FOR WY HOUSE D23","ALPHA GRAPHICS","CAMPAIGN YARD SIGNS, BUTTONS, PENS, ETC.","7/10/2026","JACKSON, WY 83001","FILED","4129.91"
"CANDIDATE COMMITTEE","SHORT FOR STATE","LOAF N JUG","TRAVEL (HOTEL, GAS, ETC.)","7/10/2026","WY ","FILED","22.59"
"CANDIDATE COMMITTEE","SHORT FOR STATE","OBOS MARKET & DELI","FOOD AND BEVERAGES","7/10/2026","WY ","FILED","30.38"
"CANDIDATE COMMITTEE","SPECKNER FOR HOUSE DISTRICT 5","WINRED","ADMINISTRATIVE COSTS","7/10/2026","LINGLE, WY 82223","AMEND - ADD","39.4"
"CANDIDATE COMMITTEE","STUDY4WYOMING","RIDLEY'S","FOOD AND BEVERAGES","7/10/2026","LARAMIE, WY ","FILED","60.63"
"CANDIDATE COMMITTEE","THE FRIENDS TO ELECT MARK JONES","USPS","POSTAGE","7/10/2026","BUFFALO, WY 82834","FILED","78"
"CANDIDATE COMMITTEE","THE PEOPLE FOR PROVENZA","ETSY","OTHER: ADVERTISING PROP","7/10/2026","","FILED","54.32"
"CANDIDATE COMMITTEE","THE PEOPLE FOR PROVENZA","WALMART","FOOD AND BEVERAGES","7/10/2026","WY ","FILED","31.35"
"CANDIDATE","TINA JOHNSON ","OUT OF THE BOX PERFORMANCE","ADVERTISING - MISC.","7/10/2026","WY ","FILED","2707.83"
"CANDIDATE","WENDY DAVIS SCHULER ","REAL KLEEN","OFFICE SUPPLIES","7/10/2026","EVANSTON, WY 82930","FILED","45.89"
"CANDIDATE","WENDY DAVIS SCHULER ","WESTAR PRINTING","CAMPAIGN YARD SIGNS, BUTTONS, PENS, ETC.","7/10/2026","EVANSTON, WY 82930","FILED","278.51"
"CANDIDATE","WENDY DAVIS SCHULER ","WESTAR PRINTING","CAMPAIGN YARD SIGNS, BUTTONS, PENS, ETC.","7/10/2026","EVANSTON, WY 82930","FILED","278.51"
"CANDIDATE COMMITTEE","ALLEN HOGG FOR WYOMING","OVERLAND EXPRESS","TRAVEL (HOTEL, GAS, ETC.)","7/9/2026","BASIN, WY 82410","FILED","63.64"
"CANDIDATE COMMITTEE","ANGELOS FOR WYOMING","ANEDOT","BANKING ","7/9/2026","NEW ORLEANS, LA 70112","FILED","20.3"
"CANDIDATE COMMITTEE","BECKER COMMITTEE","WIX.COM","GRAPHICS/WEBSITE FEES","7/9/2026","WY ","FILED","40"
"CANDIDATE COMMITTEE","BEN HORNOK FOR WY","ANEDOT","OTHER: CARD PROCESSING","7/9/2026","DALLAS, TX 75206","FILED","10.3"
"CANDIDATE COMMITTEE","BIGELOW FOR HD51","UNITED STATES POSTAL SERVICE","POSTAGE","7/9/2026","SHERIDAN, WY 82801","FILED","122"
"CANDIDATE","BOB NICHOLAS ","MINUTEMAN PRESS","CAMPAIGN YARD SIGNS, BUTTONS, PENS, ETC.","7/9/2026","82001, WY ","FILED","3500"
"CANDIDATE","BOB NICHOLAS ","MINUTEMAN PRESS","CAMPAIGN YARD SIGNS, BUTTONS, PENS, ETC.","7/9/2026","CHEYENNE, WY 82001","FILED","3500"
"CANDIDATE","BOB NICHOLAS ","SECRETARY OF STATE","ADMINISTRATIVE COSTS","7/9/2026","CHEYENNE, WY 82001","FILED","10"
"CANDIDATE","BOB NICHOLAS ","WYO SECRETARY OF STATE","OTHER: FILING FEE","7/9/2026","CHEYENNE, WY 82001","FILED","10"
"CANDIDATE COMMITTEE","COMMITTEE TO ELECT ANNE ZIEGENHORN","GILLETTE NEWSRECORD","ADVERTISING - NEWSPAPER","7/9/2026","GILLETTE, WY 82716","FILED","789.8"
"CANDIDATE COMMITTEE","COMMITTEE TO ELECT CHIP NEIMAN SENATE DISTRICT 1","NAPA","OFFICE SUPPLIES","7/9/2026","SUNDANCE, WY 82729","FILED","17.84"
"CANDIDATE COMMITTEE","COMMITTEE TO ELECT CHIP NEIMAN SENATE DISTRICT 1","NEWS LETTER JOURNAL","ADVERTISING - NEWSPAPER","7/9/2026","NEWCASTLE, WY 82701","FILED","150"
"CANDIDATE COMMITTEE","COMMITTEE TO ELECT CHIP NEIMAN SENATE DISTRICT 1","SIGN ROCKET","CAMPAIGN YARD SIGNS, BUTTONS, PENS, ETC.","7/9/2026","WY ","FILED","2937.5"
"CANDIDATE COMMITTEE","COMMITTEE TO ELECT CHIP NEIMAN SENATE DISTRICT 1","SUNDANCE TIMES","ADVERTISING - NEWSPAPER","7/9/2026","SUNDANCE, WY 82729","FILED","336"
"CANDIDATE COMMITTEE","COMMITTEE TO ELECT CHIP NEIMAN SENATE DISTRICT 1","WESTON COUNTY GAZETTE","ADVERTISING - NEWSPAPER","7/9/2026","UPTON, WY 82730","FILED","150"
"CANDIDATE COMMITTEE","COMMITTEE TO ELECT DOUGLAS MOORE","THE HOME DEPOT","CAMPAIGN YARD SIGNS, BUTTONS, PENS, ETC.","7/9/2026","WY ","FILED","180.22"
"CANDIDATE COMMITTEE","COMMITTEE TO ELECT GARY BROWN ","USPS","POSTAGE","7/9/2026","WY ","FILED","696.44"
"CANDIDATE COMMITTEE","COMMITTEE TO ELECT KEN PENDERGRAFT","USPS","POSTAGE","7/9/2026","WY ","FILED","90.9"
"CANDIDATE COMMITTEE","COMMITTEE TO ELECT OGDEN DRISKILL","MENARDS","FOOD AND BEVERAGES","7/9/2026","GILLETTE, WY 82718","FILED","48.96"
"CANDIDATE COMMITTEE","COMMITTEE TO ELECT TROY CLAYCOMB","SQUARE SPACE","ADVERTISING - DIGITAL","7/9/2026","NEW YORK, NY 10014","FILED","25"
"CANDIDATE COMMITTEE","COMMITTEE TO ELECT TROY CLAYCOMB","WILDER GRAPHICS","CAMPAIGN YARD SIGNS, BUTTONS, PENS, ETC.","7/9/2026","NEWCASTLE, WY 82701","FILED","935.92"
"CANDIDATE COMMITTEE","CONNOLLY FOR STATE HOUSE","BUFFALO BULLETIN","ADVERTISING - NEWSPAPER","7/9/2026","BUFFALO, WY 82834","FILED","588"
"CANDIDATE COMMITTEE","COSTELLO FOR CASPER","307 PRINT AND SHIP","SHIPPING","7/9/2026","WY ","FILED","27.19"
"CANDIDATE COMMITTEE","COSTELLO FOR CASPER","AMAZON","OTHER: CAMPAIGN PROMOTIONAL MERCHANDISE / DONOR THANK YOU ITEMS","7/9/2026","WY ","FILED","80.84"
"CANDIDATE COMMITTEE","COSTELLO FOR CASPER","AMBI MAIL AND MARKETING","CAMPAIGN YARD SIGNS, BUTTONS, PENS, ETC.","7/9/2026","WY ","FILED","195.5"
"CANDIDATE COMMITTEE","COSTELLO FOR CASPER","WYO SHIRT","OTHER: CAMPAIGN PROMOTIONAL HATS DONOR THANK YOUS","7/9/2026","WY ","FILED","181.43"
"CANDIDATE COMMITTEE","DAVID HILL FOR HOUSE DISTRICT 50","CODY JOURNAL","ADVERTISING - NEWSPAPER","7/9/2026","WY ","FILED","450"
"CANDIDATE COMMITTEE","ERICKSON FOR HD 37","USPS","POSTAGE","7/9/2026","CASPER, WY 82609","FILED","305"
"CANDIDATE COMMITTEE","FRIENDS OF CJ YOUNG","FRIDAS HOUSE","FOOD AND BEVERAGES","7/9/2026","NEWCASTLE, WY ","FILED","30.7"
"CANDIDATE COMMITTEE","FRIENDS OF JULIE JARVIS","UPSLOPE MEDIA LLC","ADVERTISING - NEWSPAPER","7/9/2026","CASPER, WY 82602","FILED","2000"
"CANDIDATE COMMITTEE","HARSHMAN FOR WYOMING","TRACTOR SUPPLY","CAMPAIGN YARD SIGNS, BUTTONS, PENS, ETC.","7/9/2026","CASPER, WY 82604","FILED","85.7"
"CANDIDATE COMMITTEE","JAMES WAMSLEY FOR WYOMING","WALMART","ADVERTISING - MISC.","7/9/2026","ROCK SPRINGS, WY 82901","FILED","56.36"
"CANDIDATE","JEREMY MICHAEL HAROLDSON ","SALT AND GRINDER ","FOOD AND BEVERAGES","7/9/2026","DENVER, CO 80249","FILED","31.05"
"CANDIDATE","JOE WEBB ","THE PRINTED WORD","PRINTING","7/9/2026","LYMAN, WY 82937","FILED","4017.36"
"CANDIDATE","JOE WEBB ","USPS","POSTAGE","7/9/2026","EVANSTON, WY 82930","FILED","1326"
"CANDIDATE","JUSTIN WILLIAM WINNEY JR","RENDEXVOUS PARADE","ADMINISTRATIVE COSTS","7/9/2026","PINEDALE, WY 82941","FILED","50"
"CANDIDATE COMMITTEE","LAUREN SCHOENFELD FOR WYOMING","KALEN MARKETING","ADVERTISING - MISC.","7/9/2026","CASPER, WY 82601","FILED","7308.74"
"CANDIDATE","LISA WILSON ","DOLLAR GENERAL","OFFICE SUPPLIES","7/9/2026","LANDER, WY 82520","FILED","2.63"
"CANDIDATE COMMITTEE","MARK JENNINGS FOR HOUSE DISTRICT 30","VISTA PRINT","PRINTING","7/9/2026","WALTHAM, MA 02451","FILED","614.79"
"CANDIDATE","MARLENE BRADY ","AMAZON","OFFICE SUPPLIES","7/9/2026","GREEN RIVER, WY 82935","FILED","9.11"
"CANDIDATE","MEAGAN HERRINGTON ","FACEBOOK","ADVERTISING - DIGITAL","7/9/2026","WY ","FILED","25.01"
"CANDIDATE COMMITTEE","MEGAN FOR GOVERNOR","META PLATFORMS (FACEBOOK)","ADVERTISING - DIGITAL","7/9/2026","MENLO PARK, CA 94025","FILED","150"
"CANDIDATE COMMITTEE","MEGAN FOR GOVERNOR","VIBE","ADVERTISING - DIGITAL","7/9/2026","CHICAGO, IL 60613","FILED","500"
"CANDIDATE","PAUL V HOEFT ","WHITE INK","PRINTING","7/9/2026","POWELL, WY 82435","FILED","2258.67"
"CANDIDATE","PETER BOYER ","AMBI MAIL & MARKETING","CAMPAIGN YARD SIGNS, BUTTONS, PENS, ETC.","7/9/2026","CASPER, WY 82601","FILED","1778.44"
"CANDIDATE","QWENTON EAGLE OVIATT ","TACO BELL","FOOD AND BEVERAGES","7/9/2026","RIVERTON, WY ","FILED","18.36"
"CANDIDATE COMMITTEE","REINER FOR WYOMING","PBR","CAMPAIGN YARD SIGNS, BUTTONS, PENS, ETC.","7/9/2026","CHEYENNE, WY 82009","FILED","270.06"
"CANDIDATE COMMITTEE","REINER FOR WYOMING","PBR","CAMPAIGN YARD SIGNS, BUTTONS, PENS, ETC.","7/9/2026","CHEYENNE, WY 82009","FILED","391.3"
"CANDIDATE","ROBERT L HENDRY ","B & B RUBBER STAMP","CAMPAIGN YARD SIGNS, BUTTONS, PENS, ETC.","7/9/2026","CASPER, WY 82601","AMEND - ADD","50.4"
"CANDIDATE","ROBERT L HENDRY ","LOAF N JUG","TRAVEL (HOTEL, GAS, ETC.)","7/9/2026","CASPER, WY 82604","AMEND - ADD","66.89"
"CANDIDATE","ROY BIRT ","OUT OF THE BOX PERFORMANCE","ADVERTISING - MISC.","7/9/2026","WY ","FILED","4562.2"
"CANDIDATE COMMITTEE","SCHRIFTMAN FOR STATE HOUSE","POSTMASTER","POSTAGE","7/9/2026","WY ","FILED","7.8"
"CANDIDATE COMMITTEE","SCHRIFTMAN FOR STATE HOUSE","POSTMASTER","POSTAGE","7/9/2026","WY ","FILED","107.78"
"CANDIDATE COMMITTEE","SHORT FOR STATE","4IMPRINT","CAMPAIGN YARD SIGNS, BUTTONS, PENS, ETC.","7/9/2026","WY ","FILED","981.8"
"CANDIDATE COMMITTEE","SHORT FOR STATE","WYO PRINT","CAMPAIGN YARD SIGNS, BUTTONS, PENS, ETC.","7/9/2026","WY ","FILED","84"
"CANDIDATE COMMITTEE","BARLOW FOR WYOMING","AX MEDIA","ADVERTISING - DIGITAL","7/8/2026","KANSAS CITY, MO 64112","FILED","27125"
"CANDIDATE COMMITTEE","BARLOW FOR WYOMING","AX MEDIA","ADVERTISING - RADIO","7/8/2026","KANSAS CITY, MO 64112","FILED","11430"
"CANDIDATE COMMITTEE","BARLOW FOR WYOMING","AX MEDIA","ADVERTISING - TV","7/8/2026","KANSAS CITY, MO 64112","FILED","29000"
"CANDIDATE COMMITTEE","BARLOW FOR WYOMING","C6 PRESS LLC DBA CARBON COUNTY COMET","ADVERTISING - MISC.","7/8/2026","HANNA, WY 82327","FILED","63"
"CANDIDATE COMMITTEE","BARLOW FOR WYOMING","GREEN RIVER RECREATION CENTER","ADVERTISING - MISC.","7/8/2026","GREEN RIVER, WY 82935","FILED","55"
"CANDIDATE COMMITTEE","BECKER COMMITTEE","BEATRICE HALL","GRAPHICS/WEBSITE FEES","7/8/2026","WY ","FILED","250"
"CANDIDATE COMMITTEE","BEN HORNOK FOR WY","PBR PRINTING","PRINTING","7/8/2026","CHEYENNE, WY 82009","FILED","147.9"
"CANDIDATE COMMITTEE","BEN HORNOK FOR WY","SAM'S CLUB","POSTAGE","7/8/2026","CHEYENNE, WY 82009","FILED","388.75"
"CANDIDATE COMMITTEE","BIGELOW FOR HD51","SHIPTON'S BIG R","FOOD AND BEVERAGES","7/8/2026","SHERIDAN, WY 82801","FILED","116.87"
"CANDIDATE COMMITTEE","BIGELOW FOR HD51","WALGREEN'S","PRINTING","7/8/2026","SHERIDAN, WY 82801","FILED","194.19"
"CANDIDATE COMMITTEE","BRENT BIEN FOR GOVERNOR","APG ROCKIES ADVERTISING","ADVERTISING - MISC.","7/8/2026","WY ","FILED","2900"
"CANDIDATE COMMITTEE","CHAD AUER FOR WYOMING","OFFICE DEPOT","PRINTING","7/8/2026","CHEYENNE, WY 82009","FILED","92.39"
"CANDIDATE COMMITTEE","COMMITTEE TO ELECT CURT MEIER","BOB BONNAR","CONSULTING","7/8/2026","DURANGO, CO 81301","FILED","5000"
"CANDIDATE COMMITTEE","COMMITTEE TO ELECT CURT MEIER","NEWS LETTER JOURNAL","ADVERTISING - MISC.","7/8/2026","NEWCASTLE, WY 82701","FILED","3217.17"
"CANDIDATE COMMITTEE","COMMITTEE TO ELECT GARY BROWN ","OUT OF THE BOX PERFORMANCE","CONSULTING","7/8/2026","WY ","FILED","300"
"CANDIDATE COMMITTEE","COMMITTEE TO ELECT GREG SCHREURS","HARLAND CLARKE","BANKING ","7/8/2026","GILLETTE, WY 82718","FILED","41.35"
"CANDIDATE COMMITTEE","COMMITTEE TO ELECT KEENAN MORGAN","UPSLOPE MEDIA","ADVERTISING - NEWSPAPER","7/8/2026","CASPER, WY 82601","FILED","400"
"CANDIDATE COMMITTEE","COMMITTEE TO ELECT MARK RINNE","PBR PRINTING","CAMPAIGN YARD SIGNS, BUTTONS, PENS, ETC.","7/8/2026","82009, WY ","FILED","283.5"
"CANDIDATE COMMITTEE","CONNOLLY FOR STATE HOUSE","WINRED","ADVERTISING - DIGITAL","7/8/2026","CHEYNNE, WY 82001","FILED","82.03"
"CANDIDATE COMMITTEE","COSTELLO FOR CASPER","ELEVTION HIVE","CONSULTING","7/8/2026","WY ","FILED","1500"
"CANDIDATE COMMITTEE","COSTELLO FOR CASPER","VOTTIVV APP","IT SERVICES","7/8/2026","WY ","FILED","250"
"CANDIDATE","DONNA KAY RICE ","UPSLOPE","ADVERTISING - NEWSPAPER","7/8/2026","CASPER, WY 82601","FILED","4000"
"CANDIDATE COMMITTEE","EDWARDS FOR WYOMING","TROPHY CREATIVE","CAMPAIGN YARD SIGNS, BUTTONS, PENS, ETC.","7/8/2026","CHEYENNE, WY 82001","FILED","11.55"
"CANDIDATE COMMITTEE","FRIENDS OF JULIE JARVIS","HOBBY LOBBY","ADVERTISING - MISC.","7/8/2026","CASPER, WY 82609","FILED","150.52"
"CANDIDATE COMMITTEE","HARSHMAN FOR WYOMING","ACE HARDWARE","ADVERTISING - MISC.","7/8/2026","CASPER, WY 82601","FILED","8.38"
"CANDIDATE COMMITTEE","HARSHMAN FOR WYOMING","WEB PROS MEDIA","ADVERTISING - DIGITAL","7/8/2026","GILLETTE, WY 82716","FILED","1000"
"CANDIDATE COMMITTEE","JAMES WAMSLEY FOR WYOMING","RADIANT MANUFACTURING","CAMPAIGN YARD SIGNS, BUTTONS, PENS, ETC.","7/8/2026","ROCK SPRINGS, WY 82902","FILED","111.3"
"CANDIDATE COMMITTEE","JOHNSON FOR WYOMING","THE OFFICE BAR & GRILL","OTHER: FUNDRAISER VENUE FEE","7/8/2026","CHEYENNE, WY ","FILED","525"
"CANDIDATE COMMITTEE","KEVIN HELLING FOR WYOMING","OIL CITY NEWS ADVERTISING","ADVERTISING - NEWSPAPER","7/8/2026","CASPER, WY 82602","FILED","2500"
"CANDIDATE","LISA WILSON ","WALMART","CAMPAIGN YARD SIGNS, BUTTONS, PENS, ETC.","7/8/2026","RIVERTON, WY 82501","FILED","82.69"
"CANDIDATE","MATTHEW HURT ","META","ADVERTISING - DIGITAL","7/8/2026","CHEYENNE, WY 82001","FILED","20.42"
"CANDIDATE","MATTHEW LEGLER ","HEART MOUNTAIN BROADCASTING","ADVERTISING - RADIO","7/8/2026","WY ","FILED","1798"
"CANDIDATE COMMITTEE","MEGAN FOR GOVERNOR","123DECAL L.L.C.","CAMPAIGN YARD SIGNS, BUTTONS, PENS, ETC.","7/8/2026","STAR, ID 83669","FILED","5438.35"
"CANDIDATE COMMITTEE","MEGAN FOR GOVERNOR","ABIGAIL VROMAN","PAYROLL","7/8/2026","CHEYENNE, WY 82009","FILED","539.68"
"CANDIDATE COMMITTEE","MEGAN FOR GOVERNOR","ALLIANCE FORGE ELECTION TECHNOLOGY","ADVERTISING - DIGITAL","7/8/2026","SPARKS, NV 89436","FILED","8.65"
"CANDIDATE COMMITTEE","MEGAN FOR GOVERNOR","ALLIANCE FORGE ELECTION TECHNOLOGY","ADVERTISING - DIGITAL","7/8/2026","SPARKS, NV 89436","FILED","28.04"
"CANDIDATE COMMITTEE","MEGAN FOR GOVERNOR","CHARLOTTE JONES","TRAVEL (HOTEL, GAS, ETC.)","7/8/2026","LARAMIE, WY 82070","FILED","1059.79"
"CANDIDATE COMMITTEE","MEGAN FOR GOVERNOR","JOSHUA ESPINOSA","PAYROLL","7/8/2026","CHEYENNE, WY 82001","FILED","312.2"
"CANDIDATE COMMITTEE","MEGAN FOR GOVERNOR","META PLATFORMS (FACEBOOK)","ADVERTISING - DIGITAL","7/8/2026","MENLO PARK, CA 94025","FILED","150"
"CANDIDATE COMMITTEE","MEGAN FOR GOVERNOR","RED CURVE SOLUTIONS","CONSULTING","7/8/2026","BEVERLY, MA 01915","FILED","60.2"
"CANDIDATE COMMITTEE","MEGAN FOR GOVERNOR","TURO","TRAVEL (HOTEL, GAS, ETC.)","7/8/2026","SAN FRANCISCO, CA 94105","FILED","194.18"
"CANDIDATE COMMITTEE","MEGAN FOR GOVERNOR","UNITED AIRLINES","TRAVEL (HOTEL, GAS, ETC.)","7/8/2026","ELK GROVE VILLAGE, IL 60007","FILED","448.4"
"CANDIDATE COMMITTEE","MEGAN FOR GOVERNOR","WINRED TECHNICAL SERVICES","BANKING ","7/8/2026","CHEYENNE, WY 82001","FILED","24.42"
"CANDIDATE COMMITTEE","MYCA FOR SHERIDAN","ALPHA GRAPHICS","PRINTING","7/8/2026","WY ","FILED","576.49"
"CANDIDATE COMMITTEE","MYCA FOR SHERIDAN","ECANVASER","GRAPHICS/WEBSITE FEES","7/8/2026","WY ","FILED","277.31"
"CANDIDATE COMMITTEE","MYCA FOR SHERIDAN","USPS","POSTAGE","7/8/2026","WY ","FILED","312"
"CANDIDATE","PAUL L WING ","TIM MANDESE","GRAPHICS/WEBSITE FEES","7/8/2026","CHEYENNE, WY 82001","FILED","300"
"CANDIDATE","R. J. KOST ","POWELL TRIBUNE","ADVERTISING - NEWSPAPER","7/8/2026","POWELL, WY 82435","FILED","435"
"CANDIDATE","R. J. KOST ","POWELL TRIBUNE","OFFICE SUPPLIES","7/8/2026","POWELL, WY 82435","FILED","230.78"
"CANDIDATE","R. J. KOST ","PRINT WITH KELLY","PRINTING","7/8/2026","POWELL, WY 82435","FILED","1384.79"
"CANDIDATE","ROY BIRT ","TARGET","OFFICE SUPPLIES","7/8/2026","CHEYENNE, WY 82009","FILED","12.58"
"CANDIDATE COMMITTEE","SCHRIFTMAN FOR STATE HOUSE","HOBBY LOBBY","CAMPAIGN YARD SIGNS, BUTTONS, PENS, ETC.","7/8/2026","WY ","FILED","49.93"
"CANDIDATE COMMITTEE","SCHRIFTMAN FOR STATE HOUSE","WYOMING SHIRTS","CAMPAIGN YARD SIGNS, BUTTONS, PENS, ETC.","7/8/2026","WY ","FILED","33.71"
"CANDIDATE","SCOTT SMITH JR","REPUBLICANSIGNS.COM","CAMPAIGN YARD SIGNS, BUTTONS, PENS, ETC.","7/8/2026","WY ","FILED","355"
"CANDIDATE COMMITTEE","SHORT FOR STATE","AMERICAN EXPRESS CAR RENTAL INS","TRAVEL (HOTEL, GAS, ETC.)","7/8/2026","WY ","FILED","24.95"
"CANDIDATE COMMITTEE","SHORT FOR STATE","DOUGLAS BUDGET","ADVERTISING - NEWSPAPER","7/8/2026","WY ","FILED","5726.54"
"CANDIDATE COMMITTEE","SHORT FOR STATE","SAM'S CLUB FUEL","TRAVEL (HOTEL, GAS, ETC.)","7/8/2026","WY ","FILED","28"
"CANDIDATE COMMITTEE","SPECKNER FOR HOUSE DISTRICT 5","ELECTION HIVE","CONSULTING","7/8/2026","SALT LAKE CITY, UT 84101","FILED","4530.7"
"CANDIDATE","WENDY DAVIS SCHULER ","MAVERICK","TRAVEL (HOTEL, GAS, ETC.)","7/8/2026","EVANSTON, WY 82930","FILED","41.98"
"CANDIDATE COMMITTEE","WRIGHT4WYOMING","WALMART","FOOD AND BEVERAGES","7/8/2026","","FILED","194.7"
"CANDIDATE","ALBERT SOMMERS ","RADIANT MANUFACTURING","CAMPAIGN YARD SIGNS, BUTTONS, PENS, ETC.","7/7/2026","WY ","FILED","659.16"
"CANDIDATE","ALBERT SOMMERS ","WIND RIVER BROADCASTING","ADVERTISING - RADIO","7/7/2026","WY ","FILED","325"
"CANDIDATE COMMITTEE","BARLOW FOR WYOMING","MYA ROBB","TRAVEL (HOTEL, GAS, ETC.)","7/7/2026","WRIGHT, WY 82732","FILED","602.02"
"CANDIDATE COMMITTEE","BARLOW FOR WYOMING","THE POLITICAL FIRM","ADVERTISING - TV","7/7/2026","BATON ROUGE, LA 70808","FILED","4226.52"
"CANDIDATE COMMITTEE","BIGELOW FOR HD51","MAILCHIMP","IT SERVICES","7/7/2026","ATLANTA, GA 30308","FILED","20"
"CANDIDATE COMMITTEE","BIGELOW FOR HD51","SHERIDAN PRESS","ADVERTISING - NEWSPAPER","7/7/2026","SHERIDAN, WY 82801","FILED","450"
"CANDIDATE COMMITTEE","BIGELOW FOR HD51","WAL MART","FOOD AND BEVERAGES","7/7/2026","SHERIDAN, WY 82801","FILED","41.28"
"CANDIDATE COMMITTEE","BINGHAM FOR WYOMING","AMAZON","CAMPAIGN YARD SIGNS, BUTTONS, PENS, ETC.","7/7/2026","","FILED","96.03"
"CANDIDATE COMMITTEE","BRENT BIEN FOR GOVERNOR","COWBOY STATE DAILY","ADVERTISING - DIGITAL","7/7/2026","WY ","FILED","3520"
"CANDIDATE COMMITTEE","BUTCHER FOR WYOMING","MAVERIK","TRAVEL (HOTEL, GAS, ETC.)","7/7/2026","WY ","FILED","82.04"
"CANDIDATE COMMITTEE","COMMITTEE TO ELECT ANNE ZIEGENHORN","RADIANT LLC","ADVERTISING - MISC.","7/7/2026","WRIGHT, WY 82732","FILED","550"
"CANDIDATE COMMITTEE","COMMITTEE TO ELECT BOYD O. WIGGAM ","KFBC RADIO","ADVERTISING - RADIO","7/7/2026","CHEYENNE, WY 82001","FILED","513"
"CANDIDATE COMMITTEE","COMMITTEE TO ELECT DOUGLAS MOORE","GOVEN'S FARM AND RANCH","CAMPAIGN YARD SIGNS, BUTTONS, PENS, ETC.","7/7/2026","WY ","FILED","67.2"
"CANDIDATE COMMITTEE","COMMITTEE TO ELECT GREG SCHREURS","WEB PROS","ADVERTISING - DIGITAL","7/7/2026","GILLETTE, WY 82718","FILED","720"
"CANDIDATE COMMITTEE","COMMITTEE TO ELECT JESSICA CROWDER","ELECTION HIVE","ADVERTISING - DIGITAL","7/7/2026","SALT LAKE CITY, WY 84102","FILED","3000"
"CANDIDATE COMMITTEE","COMMITTEE TO ELECT JESSICA CROWDER","ELECTION HIVE","CONSULTING","7/7/2026","SALT LAKE CITY, WY 84102","FILED","1500"
"CANDIDATE COMMITTEE","COMMITTEE TO ELECT MARK RINNE","OLSON STRATEGIES & ADVERTISING","ADVERTISING - MISC.","7/7/2026","22314, WY ","FILED","4250"
"CANDIDATE COMMITTEE","COMMITTEE TO ELECT TOM KELLY","COWBOY STATE DAILY","ADVERTISING - DIGITAL","7/7/2026","WY ","FILED","6750"
"CANDIDATE","DARIN M MCCANN ","WALMART","ADVERTISING - MISC.","7/7/2026","ROCK SPRINGS, WY 82901","FILED","71.78"
"CANDIDATE","DONNA KAY RICE ","JAC ADVERTISING CONSULTANTS, LLC","ADVERTISING - DIGITAL","7/7/2026","ESSEXVILLE, MI 48732","FILED","2500"
"CANDIDATE COMMITTEE","FRIENDS OF GAVIN LOBMEYER ","URSULASTROEBELART","GRAPHICS/WEBSITE FEES","7/7/2026","WY ","FILED","150"
"CANDIDATE COMMITTEE","FRIENDS OF JULIE JARVIS","USPS","POSTAGE","7/7/2026","CASPER, WY 82602","FILED","1682"
"CANDIDATE COMMITTEE","HARSHMAN FOR WYOMING","MENARDS","CAMPAIGN YARD SIGNS, BUTTONS, PENS, ETC.","7/7/2026","CASPER, WY 82604","FILED","16.54"
"CANDIDATE COMMITTEE","HARSHMAN FOR WYOMING","SAMS CLUB","ADVERTISING - MISC.","7/7/2026","CASPER, WY 82609","FILED","875.16"
"CANDIDATE COMMITTEE","HARSHMAN FOR WYOMING","WYOMING SHIRT AND GIFT","ADVERTISING - MISC.","7/7/2026","CASPER, WY 82601","FILED","15.74"
"CANDIDATE COMMITTEE","JAMES WAMSLEY FOR WYOMING","AMAZON","ADVERTISING - MISC.","7/7/2026","SEATTLE, WA 98109","FILED","89.79"
"CANDIDATE","LISA WILSON ","BOMGAAR'S","CAMPAIGN YARD SIGNS, BUTTONS, PENS, ETC.","7/7/2026","LANDER, WY 82520","FILED","67"
"CANDIDATE","MATT MCGINNIS ","GREEN RIVER RENDEVOUS PAGEANT ASSOCIATION","OTHER: PARADE FEE","7/7/2026","WY ","FILED","50"
"CANDIDATE","MATTHEW HURT ","GOOD PARTY LLC","ADVERTISING - DIGITAL","7/7/2026","CHEYENNE, WY 82001","FILED","7.21"
"CANDIDATE","MATTHEW HURT ","META","ADVERTISING - DIGITAL","7/7/2026","CHEYENNE, WY 82001","FILED","36.46"
"CANDIDATE","MATTHEW LEGLER ","POWELL TRIBUNE","ADVERTISING - NEWSPAPER","7/7/2026","WY ","FILED","2020"
"CANDIDATE COMMITTEE","MEGAN FOR GOVERNOR","META PLATFORMS (FACEBOOK)","ADVERTISING - DIGITAL","7/7/2026","MENLO PARK, CA 94025","FILED","75"
"CANDIDATE COMMITTEE","MEGAN FOR GOVERNOR","ORBITZ HOTELS","TRAVEL (HOTEL, GAS, ETC.)","7/7/2026","CHICAGO, IL 60611","FILED","26.46"
"CANDIDATE","NEIL JESKE ","OUT OF THE BOX PERFORMANCE","GRAPHICS/WEBSITE FEES","7/7/2026","COLORADO SPRINGS, CO 80909","FILED","350.69"
"CANDIDATE","PAUL V HOEFT ","SIGNS ON THE CHEAP","CAMPAIGN YARD SIGNS, BUTTONS, PENS, ETC.","7/7/2026","AUSTIN, TX 78758","FILED","399.69"
"CANDIDATE","QWENTON EAGLE OVIATT ","WAL MART","ADVERTISING - MISC.","7/7/2026","RIVERTON, WY ","FILED","84.29"
"CANDIDATE","ROY BIRT ","BLOEDORNS LUMBER","CAMPAIGN YARD SIGNS, BUTTONS, PENS, ETC.","7/7/2026","WHEATLAND, WY 82201","FILED","64.4"
"CANDIDATE","ROY BIRT ","BOMGAARS- SIGN HARDWARE","CAMPAIGN YARD SIGNS, BUTTONS, PENS, ETC.","7/7/2026","WHEATLAND, WY 82201","FILED","67.33"
"CANDIDATE COMMITTEE","SCHRIFTMAN FOR STATE HOUSE","KYLIE WALL","CONSULTING","7/7/2026","WY ","FILED","500"
"CANDIDATE COMMITTEE","SERVER FOR WY","SUPER CHEAP SIGNS","CAMPAIGN YARD SIGNS, BUTTONS, PENS, ETC.","7/7/2026","WY ","FILED","259.47"
"CANDIDATE COMMITTEE","THE FRIENDS TO ELECT MARK JONES","PAYPAL","GRAPHICS/WEBSITE FEES","7/7/2026","SAN JOSE, CA 95131","FILED","3.48"
"CANDIDATE COMMITTEE","WRIGHT4WYOMING","AMAZON","CAMPAIGN YARD SIGNS, BUTTONS, PENS, ETC.","7/7/2026","","FILED","67.15"
"CANDIDATE COMMITTEE","WRIGHT4WYOMING","AMAZON","OTHER: OTHER","7/7/2026","","FILED","83.98"
"CANDIDATE COMMITTEE","WRIGHT4WYOMING","AMAZON","OTHER: OTHER","7/7/2026","","FILED","24.14"
"CANDIDATE","ALBERT SOMMERS ","RIDLEY'S","CAMPAIGN YARD SIGNS, BUTTONS, PENS, ETC.","7/6/2026","WY ","FILED","32.64"
"CANDIDATE COMMITTEE","BARLOW FOR WYOMING","4IMPRINT","CAMPAIGN YARD SIGNS, BUTTONS, PENS, ETC.","7/6/2026","OSHKOSH, WI 54901","FILED","296.5"
"CANDIDATE COMMITTEE","BARLOW FOR WYOMING","BUFFALO CHAMBER OF COMMERCE","ADVERTISING - MISC.","7/6/2026","BUFFALO, WY 82834","FILED","30"
"CANDIDATE COMMITTEE","BEN HORNOK FOR WY","PATRIOT MOBILE","PHONE","7/6/2026","GRAPEVINE, TX 76051","FILED","26.21"
"CANDIDATE COMMITTEE","BIGELOW FOR HD51","ANEDOT","BANKING ","7/6/2026","DALLAS, TX 75206","FILED","18.6"
"CANDIDATE COMMITTEE","BRENT BIEN FOR GOVERNOR","APG ROCKIES ADVERTISING","ADVERTISING - MISC.","7/6/2026","WY ","FILED","2740"
"CANDIDATE COMMITTEE","BRENT BIEN FOR GOVERNOR","FACEBOOK","ADVERTISING - DIGITAL","7/6/2026","WY ","FILED","214"
"CANDIDATE","CARL MANNING ","WALMART SUPERCENTER #1457","ADVERTISING - MISC.","7/6/2026","RIVERTON, WY 82501","FILED","8.34"
"CANDIDATE COMMITTEE","CARLIN JONES FOR WYOMING","FACEBOOK","ADVERTISING - DIGITAL","7/6/2026","CA ","AMEND - ADD","87.92"
"CANDIDATE COMMITTEE","CARLIN JONES FOR WYOMING","MAVERIK","TRAVEL (HOTEL, GAS, ETC.)","7/6/2026","CODY, WY ","FILED","96.74"
"CANDIDATE","CATHERINE DIANE MCQUEEN ","AMBI MAIL & MARKETING","CAMPAIGN YARD SIGNS, BUTTONS, PENS, ETC.","7/6/2026","WY ","FILED","20.6"
"CANDIDATE COMMITTEE","COMMITTEE TO ELECT BRITNEY TENNANT","LOAF AND JUG","TRAVEL (HOTEL, GAS, ETC.)","7/6/2026","CHEYENNE, WY 82001","FILED","45.01"
"CANDIDATE COMMITTEE","COMMITTEE TO ELECT CURT MEIER","DAN OEDEKOVEN","ADVERTISING - MISC.","7/6/2026","LAGRANGE, WY 82221","FILED","154.17"
"CANDIDATE COMMITTEE","COMMITTEE TO ELECT CURT MEIER","LAGRANGE GARAGE","ADVERTISING - MISC.","7/6/2026","LAGRANGE, WY 82221","FILED","47.86"
"CANDIDATE COMMITTEE","COMMITTEE TO ELECT DOUGLAS MOORE","DOLLAR GENERAL","CAMPAIGN YARD SIGNS, BUTTONS, PENS, ETC.","7/6/2026","WY ","FILED","7"
"CANDIDATE COMMITTEE","COMMITTEE TO ELECT DWAYNE DILLINGER","SQUARE","BANKING ","7/6/2026","WY ","FILED","7.55"
"CANDIDATE COMMITTEE","COMMITTEE TO ELECT KEN PENDERGRAFT","VISTA PRINT","PRINTING","7/6/2026","WY ","FILED","744.11"
"CANDIDATE COMMITTEE","COSTELLO FOR CASPER","WALMART","FOOD AND BEVERAGES","7/6/2026","WY ","FILED","180"
"CANDIDATE COMMITTEE","FORNSTROM FOR HD10","AMAZON","OFFICE SUPPLIES","7/6/2026","SEATTLE, WA 98109","FILED","94.99"
"CANDIDATE COMMITTEE","FRIENDS OF CJ YOUNG","WELLS FARGO CREDIT CARD","TRAVEL (HOTEL, GAS, ETC.)","7/6/2026","CHEYENNE, WY 82001","FILED","180"
"CANDIDATE COMMITTEE","FRIENDS OF JULIE JARVIS","FLYWHEEL","GRAPHICS/WEBSITE FEES","7/6/2026","OMAHA, NE 68102","FILED","15"
"CANDIDATE COMMITTEE","FRIENDS OF MARK GORDON","BULLHORN COMMUNICATIONS","GRAPHICS/WEBSITE FEES","7/6/2026","CARMEL, IN 46032","FILED","39"
"CANDIDATE","JAMES TEMPLE ","X (TWITTER)","ADVERTISING - DIGITAL","7/6/2026","WY ","FILED","5.83"
"CANDIDATE","JEREMY MICHAEL HAROLDSON ","MAVERIK ","TRAVEL (HOTEL, GAS, ETC.)","7/6/2026","WHEATLAND, WY 82201","FILED","100"
"CANDIDATE","JEREMY MICHAEL HAROLDSON ","VOODOO DOUGHNUTS ","FOOD AND BEVERAGES","7/6/2026","DENVER, CO 80249","FILED","19.8"
"CANDIDATE","JOHN F WETZEL ","U.S. POST OFFICE","POSTAGE","7/6/2026","POWELL, WY 82435","FILED","78"
"CANDIDATE COMMITTEE","JRFORHOUSE59","307PRINT SHIP&MORE","PRINTING","7/6/2026","CASPER, WY 82604","FILED","150"
"CANDIDATE","JUSTIN WILLIAM WINNEY JR","RIGHT STRATEGIES","ADVERTISING - MISC.","7/6/2026","ANKENNY, IA 50023","FILED","1470"
"CANDIDATE COMMITTEE","KENNETH D. ROBERTS","AMAZON","CAMPAIGN YARD SIGNS, BUTTONS, PENS, ETC.","7/6/2026","SEATTLE, WY 98109","FILED","44.08"
"CANDIDATE COMMITTEE","KEVIN HELLING FOR WYOMING","I360","IT SERVICES","7/6/2026","ARLINGTON, VA 22201","FILED","550"
"CANDIDATE COMMITTEE","KEVIN HELLING FOR WYOMING","VISTAPRINT","PRINTING","7/6/2026","WALTHAM, MA 02451","FILED","351.73"
"CANDIDATE COMMITTEE","KEVIN HELLING FOR WYOMING","WIX.COM","GRAPHICS/WEBSITE FEES","7/6/2026","SAN FRANCISCO, CA 94158","FILED","36"
"CANDIDATE","LISA WILSON ","BURNING PRESSES","CAMPAIGN YARD SIGNS, BUTTONS, PENS, ETC.","7/6/2026","LANDER, WY 82520","FILED","84"
"CANDIDATE COMMITTEE","MARK JENNINGS FOR HOUSE DISTRICT 30","AMAZON","OFFICE SUPPLIES","7/6/2026","SEATTLE, WA 98109","FILED","35.69"
"CANDIDATE COMMITTEE","MARK JENNINGS FOR HOUSE DISTRICT 30","FARMERS COOP","TRAVEL (HOTEL, GAS, ETC.)","7/6/2026","SHERIDAN, WY 82801","FILED","62.89"
"CANDIDATE","MATTHEW HURT ","GOOD PARTY LLC","IT SERVICES","7/6/2026","CHEYENNE, WY 82001","FILED","10"
"CANDIDATE","MATTHEW HURT ","META","ADVERTISING - DIGITAL","7/6/2026","CHEYENNE, WY 82001","FILED","20.08"
"CANDIDATE COMMITTEE","MEGAN FOR GOVERNOR","AIRBNB","TRAVEL (HOTEL, GAS, ETC.)","7/6/2026","SAN FRANCISCO, CA 94103","FILED","125.26"
"CANDIDATE COMMITTEE","MEGAN FOR GOVERNOR","CHAIN BRIDGE BANK, N.A.","BANKING ","7/6/2026","MCLEAN, VA 22101","FILED","25"
"CANDIDATE COMMITTEE","MEGAN FOR GOVERNOR","CONSTANT CONTACT","ADVERTISING - MISC.","7/6/2026","WALTHAM, MA 02451","FILED","210"
"CANDIDATE COMMITTEE","MEGAN FOR GOVERNOR","META PLATFORMS (FACEBOOK)","ADVERTISING - DIGITAL","7/6/2026","MENLO PARK, CA 94025","FILED","375"
"CANDIDATE COMMITTEE","MEGAN FOR GOVERNOR","SRCP MEDIA","ADVERTISING - MISC.","7/6/2026","ALEXANDRIA, VA 22314","FILED","62504"
"CANDIDATE COMMITTEE","MEGAN FOR GOVERNOR","TURO","TRAVEL (HOTEL, GAS, ETC.)","7/6/2026","SAN FRANCISCO, CA 94105","FILED","144.35"
"CANDIDATE COMMITTEE","MEGAN FOR GOVERNOR","VIBE","ADVERTISING - DIGITAL","7/6/2026","CHICAGO, IL 60613","FILED","500"
"CANDIDATE COMMITTEE","MEGAN FOR GOVERNOR","WINRED TECHNICAL SERVICES","BANKING ","7/6/2026","CHEYENNE, WY 82001","FILED","3.94"
"CANDIDATE COMMITTEE","MYCA FOR SHERIDAN","FACEBOOK","ADVERTISING - DIGITAL","7/6/2026","WY ","FILED","58"
"CANDIDATE","NEIL JESKE ","FACEBOOK.COM","ADVERTISING - DIGITAL","7/6/2026","WY ","FILED","29.38"
"CANDIDATE COMMITTEE","QUIN BLAIR FOR HOUSE DISTRICT 24","ELECTION HIVE","CONSULTING","7/6/2026","WY ","FILED","4500"
"CANDIDATE","QWENTON EAGLE OVIATT ","EXXON","TRAVEL (HOTEL, GAS, ETC.)","7/6/2026","LANDER, WY ","FILED","36.61"
"CANDIDATE","R. J. KOST ","POWELL TRIBUNE","CAMPAIGN YARD SIGNS, BUTTONS, PENS, ETC.","7/6/2026","POWELL, WY 82435","FILED","604.69"
"CANDIDATE","ROY BIRT ","BOMGAARS","CAMPAIGN YARD SIGNS, BUTTONS, PENS, ETC.","7/6/2026","WHEATLAND, WY 82201","FILED","23.92"
"CANDIDATE COMMITTEE","SCHRIFTMAN FOR STATE HOUSE","STAPLES","PRINTING","7/6/2026","WY ","FILED","33.59"
"CANDIDATE","SCOTT SMITH JR","CANVA.COM","ADVERTISING - MISC.","7/6/2026","WY ","FILED","265"
"CANDIDATE COMMITTEE","THE PEOPLE FOR PROVENZA","THE COLLECTIVE LARAMIE","FACILITY FEE","7/6/2026","LARAMIE, WY ","FILED","300"
"CANDIDATE","TONY LOCKE ","VISTA PRINT","PRINTING","7/6/2026","","FILED","456.74"
"CANDIDATE COMMITTEE","WILLIAMS 4 WYOMING","RMC","PRINTING","7/6/2026","LAS VEGAS, NV 89117","FILED","295"
"CANDIDATE COMMITTEE","WILLOX FOR WYOMING","KKTY RADIO","ADVERTISING - RADIO","7/6/2026","DOUGLAS, WY 82633","FILED","1621.5"
"CANDIDATE COMMITTEE","BARLOW FOR WYOMING","AMAZON","CAMPAIGN YARD SIGNS, BUTTONS, PENS, ETC.","7/5/2026","SEATTLE, WA 98108","FILED","62.92"
"CANDIDATE COMMITTEE","BARLOW FOR WYOMING","USPS","POSTAGE","7/5/2026","GREEN RIVER, WY 82935","FILED","78"
"CANDIDATE COMMITTEE","CHAD AUER FOR WYOMING","VISTA PRINT","PRINTING","7/5/2026","RENO, NV 89508","FILED","879.89"
"CANDIDATE","CHRISTOPHER DRESANG ","UPSLOPE","ADVERTISING - NEWSPAPER","7/5/2026","CASPER, WY 82609","FILED","750"
"CANDIDATE COMMITTEE","COMMITTEE TO ELECT ANNE ZIEGENHORN","M AND G OIL","TRAVEL (HOTEL, GAS, ETC.)","7/5/2026","GILLETTE, WY 82716","FILED","32.29"
"CANDIDATE COMMITTEE","COMMITTEE TO ELECT KRISTI RACINES","SAM'S CLUB","FOOD AND BEVERAGES","7/5/2026","WY ","FILED","56.6"
"CANDIDATE COMMITTEE","FRIENDS OF GAVIN LOBMEYER ","FACEBOOK","ADVERTISING - DIGITAL","7/5/2026","WY ","FILED","50"
"CANDIDATE COMMITTEE","KEVIN HELLING FOR WYOMING","AMAZON.COM","ADVERTISING - MISC.","7/5/2026","SEATTLE, WA 98109","FILED","25.19"
"CANDIDATE","KEVIN JOHN CAMPBELL ","MURDOCHS","FOOD AND BEVERAGES","7/5/2026","EVANSVILLE, WY ","FILED","63"
"CANDIDATE","LISA L. ENGEBRETSEN ","HOMEGOODS","ENTERTAINMENT","7/5/2026","CASPER, WY 82609","FILED","67.15"
"CANDIDATE","LISA L. ENGEBRETSEN ","MICHAEL'S","ENTERTAINMENT","7/5/2026","CASPER, WY 82609","FILED","33.59"
"CANDIDATE","LISA L. ENGEBRETSEN ","SAM'S CLUB","FOOD AND BEVERAGES","7/5/2026","CASPER, WY 28609","FILED","269.48"
"CANDIDATE COMMITTEE","MCINTOSH FOR WYOMING","HOME DEPOT","CAMPAIGN YARD SIGNS, BUTTONS, PENS, ETC.","7/5/2026","CHEYENNE, WY 82001","FILED","45.48"
"CANDIDATE COMMITTEE","STUDY4WYOMING","WINRED DONATION PROCESSING","ADMINISTRATIVE COSTS","7/5/2026","WY ","FILED","19.7"
"CANDIDATE","TONY LOCKE ","STRIPE","BANKING ","7/5/2026","","FILED","43.8"
"CANDIDATE COMMITTEE","COMMITTEE TO ELECT BOB DAVIS","307 PUB & GRILL","FOOD AND BEVERAGES","7/4/2026","WY ","FILED","115.5"
"CANDIDATE COMMITTEE","COMMITTEE TO ELECT DWAYNE DILLINGER","LOCAL","FOOD AND BEVERAGES","7/4/2026","WY ","FILED","900"
"CANDIDATE COMMITTEE","COMMITTEE TO ELECT GREG SCHREURS","DOLLAR GENERAL","CAMPAIGN YARD SIGNS, BUTTONS, PENS, ETC.","7/4/2026","GILLETTE, WY 82718","FILED","6.3"
"CANDIDATE COMMITTEE","COMMITTEE TO ELECT GREG SCHREURS","UNIVERSAL ATHLETICS","CAMPAIGN YARD SIGNS, BUTTONS, PENS, ETC.","7/4/2026","GILLETTE, WY 82718","FILED","107.07"
"CANDIDATE COMMITTEE","COMMITTEE TO ELECT KRISTI RACINES","MAVERICK","TRAVEL (HOTEL, GAS, ETC.)","7/4/2026","WY ","FILED","53.39"
"CANDIDATE","JOE WEBB ","AMAZON","CAMPAIGN YARD SIGNS, BUTTONS, PENS, ETC.","7/4/2026","SEATTLE, WA 98109","FILED","197.29"
"CANDIDATE","JUSTIN WILLIAM WINNEY JR","PIG PINEY PARADE","FOOD AND BEVERAGES","7/4/2026","BIG PINEY, WY 83113","FILED","50"
"CANDIDATE","MATT MCGINNIS ","AMAZON.COM","ADVERTISING - MISC.","7/4/2026","WY ","FILED","130.2"
"CANDIDATE","MATTHEW HURT ","META","ADVERTISING - DIGITAL","7/4/2026","CHEYENNE, WY 82001","FILED","27.01"
"CANDIDATE","MATTHEW HURT ","META","ADVERTISING - DIGITAL","7/4/2026","CHEYENNE, WY 82001","FILED","0.36"
"CANDIDATE","NEIL JESKE ","CURRENTLABELS.COM","OFFICE SUPPLIES","7/4/2026","WY ","FILED","19.84"
"CANDIDATE","NEIL JESKE ","SUPERCHEAPSIGNS.COM","CAMPAIGN YARD SIGNS, BUTTONS, PENS, ETC.","7/4/2026","WY ","FILED","434.88"
"CANDIDATE","R. J. KOST ","AMAZON","FOOD AND BEVERAGES","7/4/2026","WY ","FILED","159.95"
"CANDIDATE","R. J. KOST ","AMAZON","FOOD AND BEVERAGES","7/4/2026","WY ","FILED","90.45"
"CANDIDATE COMMITTEE","SHORT FOR STATE","BIG D","TRAVEL (HOTEL, GAS, ETC.)","7/4/2026","WY ","FILED","118.02"
"CANDIDATE COMMITTEE","SHORT FOR STATE","TST LINCOLN STREET","TRAVEL (HOTEL, GAS, ETC.)","7/4/2026","WY ","FILED","37.38"
"CANDIDATE COMMITTEE","THE FRIENDS TO ELECT MARK JONES","PAYPAL","GRAPHICS/WEBSITE FEES","7/4/2026","SAN JOSE, CA 95131","FILED","3.48"
"CANDIDATE","WENDY DAVIS SCHULER ","DOLLAR TREE","ADVERTISING - MISC.","7/4/2026","EVANSTON, WY 82930","FILED","40"
"CANDIDATE COMMITTEE","BARLOW FOR WYOMING","THE POLITICAL FIRM","ADVERTISING - TV","7/3/2026","BATON ROUGE, LA 70808","FILED","29999.99"
"CANDIDATE COMMITTEE","BIGELOW FOR HD51","MAJORITY STRATEGIES","ADVERTISING - MISC.","7/3/2026","DALLAS, TX 75267","FILED","4055.2"
"CANDIDATE COMMITTEE","BINGHAM FOR WYOMING","HOME DEPOT","CAMPAIGN YARD SIGNS, BUTTONS, PENS, ETC.","7/3/2026"," , WY ","FILED","40.01"
"CANDIDATE COMMITTEE","BINGHAM FOR WYOMING","WALMART","ADVERTISING - MISC.","7/3/2026"," , WY ","FILED","49.23"
"CANDIDATE COMMITTEE","BRENNAN FOR SENATE","COLOUR GRAPHICS","CAMPAIGN YARD SIGNS, BUTTONS, PENS, ETC.","7/3/2026","CHEYENNE, WY 82001","PUBLISHED","110.25"
"CANDIDATE","CARL MANNING ","DELLA ROSE BOUTIQUE","PRINTING","7/3/2026","RIVERTON, WY 82501","FILED","154.35"
"CANDIDATE","CARL MANNING ","WALMART SUPERCENTER #1457","OFFICE SUPPLIES","7/3/2026","RIVERTON, WY 82501","FILED","42.53"
"CANDIDATE","CHRISTOPHER DRESANG ","VISTAPRINT","ADVERTISING - MISC.","7/3/2026","WY ","FILED","319.18"
"CANDIDATE COMMITTEE","COALITION TO ELECT JOHN BEAR","ANEDOT","BANKING ","7/3/2026","","FILED","120.3"
"CANDIDATE COMMITTEE","COMMITTEE TO ELECT ANNE ZIEGENHORN","DOLLAR GENERAL","ADVERTISING - MISC.","7/3/2026","WRIGHT, WY 82732","FILED","6.3"
"CANDIDATE COMMITTEE","COMMITTEE TO ELECT ANNE ZIEGENHORN","FAMILY DOLLAR","ADVERTISING - MISC.","7/3/2026","WRIGHT, WY 82732","FILED","28.16"
"CANDIDATE COMMITTEE","COMMITTEE TO ELECT ANNE ZIEGENHORN","OLD CHICAGO","FOOD AND BEVERAGES","7/3/2026","GILLETTE, WY 82718","FILED","60.61"
"CANDIDATE COMMITTEE","COMMITTEE TO ELECT ANNE ZIEGENHORN","SAM FRENCH","CAMPAIGN YARD SIGNS, BUTTONS, PENS, ETC.","7/3/2026","WRIGHT, WY 82732","FILED","50"
"CANDIDATE COMMITTEE","COMMITTEE TO ELECT ANNE ZIEGENHORN","UPSLOPE MEDIA","ADVERTISING - DIGITAL","7/3/2026","CASPER, WY 82601","FILED","500"
"CANDIDATE COMMITTEE","COMMITTEE TO ELECT BOB DAVIS","COUNTRY STORE","TRAVEL (HOTEL, GAS, ETC.)","7/3/2026","WY ","FILED","93.36"
"CANDIDATE COMMITTEE","COMMITTEE TO ELECT BOB DAVIS","HACIENDA MOTEL","TRAVEL (HOTEL, GAS, ETC.)","7/3/2026","WY ","FILED","117.52"
"CANDIDATE COMMITTEE","COMMITTEE TO ELECT BOB DAVIS","LAZY RIVER CANTINA","FOOD AND BEVERAGES","7/3/2026","WY ","FILED","28.62"
"CANDIDATE COMMITTEE","COMMITTEE TO ELECT DOUGLAS MOORE","MENARDS","CAMPAIGN YARD SIGNS, BUTTONS, PENS, ETC.","7/3/2026","WY ","FILED","91.01"
"CANDIDATE COMMITTEE","COMMITTEE TO ELECT DOUGLAS MOORE","UNIQUELY WYOMING","CAMPAIGN YARD SIGNS, BUTTONS, PENS, ETC.","7/3/2026","WY ","FILED","488.25"
"CANDIDATE COMMITTEE","COMMITTEE TO ELECT DWAYNE DILLINGER","DOLLAR GENERAL","CAMPAIGN YARD SIGNS, BUTTONS, PENS, ETC.","7/3/2026","WY ","FILED","10.5"
"CANDIDATE COMMITTEE","COMMITTEE TO ELECT DWAYNE DILLINGER","DOLLAR GENERAL","CAMPAIGN YARD SIGNS, BUTTONS, PENS, ETC.","7/3/2026","WY ","FILED","11.55"
"CANDIDATE COMMITTEE","COMMITTEE TO ELECT DWAYNE DILLINGER","DOLLAR GENERAL","CAMPAIGN YARD SIGNS, BUTTONS, PENS, ETC.","7/3/2026","WY ","FILED","71.16"
"CANDIDATE COMMITTEE","COMMITTEE TO ELECT DWAYNE DILLINGER","HOBBY LOBBY","CAMPAIGN YARD SIGNS, BUTTONS, PENS, ETC.","7/3/2026","WY ","FILED","128.79"
"CANDIDATE COMMITTEE","COMMITTEE TO ELECT DWAYNE DILLINGER","HOME DEPOT","CAMPAIGN YARD SIGNS, BUTTONS, PENS, ETC.","7/3/2026","WY ","FILED","99.79"
"CANDIDATE COMMITTEE","COMMITTEE TO ELECT DWAYNE DILLINGER","MENARDS","CAMPAIGN YARD SIGNS, BUTTONS, PENS, ETC.","7/3/2026","WY ","FILED","292.65"
"CANDIDATE COMMITTEE","COMMITTEE TO ELECT DWAYNE DILLINGER","SQUARE","BANKING ","7/3/2026","WY ","FILED","29.3"
"CANDIDATE COMMITTEE","COMMITTEE TO ELECT DWAYNE DILLINGER","UNIQUELY WYOMING","CAMPAIGN YARD SIGNS, BUTTONS, PENS, ETC.","7/3/2026","WY ","FILED","42"
"CANDIDATE COMMITTEE","COMMITTEE TO ELECT EARL COLLIER FOR HOUSE DISTRICT 3","FIRST NORTHERN BANK","BANKING ","7/3/2026","WY ","FILED","5"
"CANDIDATE COMMITTEE","COMMITTEE TO ELECT KRISTI RACINES","SAM'S CLUB","FOOD AND BEVERAGES","7/3/2026","WY ","FILED","92.67"
"CANDIDATE COMMITTEE","COMMITTEE TO ELECT KRISTI RACINES","WALMART","OFFICE SUPPLIES","7/3/2026","WY ","FILED","14.52"
"CANDIDATE COMMITTEE","COSTELLO FOR CASPER","AMBI MAIL AND MARKETING","CAMPAIGN YARD SIGNS, BUTTONS, PENS, ETC.","7/3/2026","WY ","FILED","924.64"
"CANDIDATE COMMITTEE","COSTELLO FOR CASPER","ELECTION HIVE","CONSULTING","7/3/2026","WY ","FILED","1500"
"CANDIDATE COMMITTEE","DAVID HILL FOR HOUSE DISTRICT 50","ALBERTSONS","ADVERTISING - MISC.","7/3/2026","WY ","FILED","27.87"
"CANDIDATE COMMITTEE","DAVID HILL FOR HOUSE DISTRICT 50","BOMGAARS","CAMPAIGN YARD SIGNS, BUTTONS, PENS, ETC.","7/3/2026","WY ","FILED","36.37"
"CANDIDATE COMMITTEE","DAVID HILL FOR HOUSE DISTRICT 50","WALMART","ADVERTISING - MISC.","7/3/2026","WY ","FILED","84.57"
"CANDIDATE COMMITTEE","FRIENDS OF CJ YOUNG","EPIC EGG","FOOD AND BEVERAGES","7/3/2026","CHEYENNE, WY 82001","FILED","59.35"
"CANDIDATE COMMITTEE","FRIENDS OF CJ YOUNG","WELLS FARGO CARD","TRAVEL (HOTEL, GAS, ETC.)","7/3/2026","CHEYENNE, WY 82001","FILED","121.61"
"CANDIDATE","JAMES TEMPLE ","ALBERTSON'S","FOOD AND BEVERAGES","7/3/2026","WY ","FILED","19.98"
"CANDIDATE","JEFF MARTIN ","ACE HARDWARE","OTHER: SIGNAGE","7/3/2026","WY ","FILED","218.17"
"CANDIDATE","JOHN F WETZEL ","ZAZZLE","CAMPAIGN YARD SIGNS, BUTTONS, PENS, ETC.","7/3/2026","MENLO PARK, CA 94025","FILED","32.05"
"CANDIDATE COMMITTEE","KENNETH D. ROBERTS","COSTCO","OTHER: PARADE CANDY","7/3/2026","SANDY, UT 84070","FILED","21.58"
"CANDIDATE","KEVIN JOHN CAMPBELL ","MURDOCHS","CAMPAIGN YARD SIGNS, BUTTONS, PENS, ETC.","7/3/2026","EVANSVILLE, WY ","FILED","157.7"
"CANDIDATE","LISA WILSON ","BLOEDORNS","CAMPAIGN YARD SIGNS, BUTTONS, PENS, ETC.","7/3/2026","LANDER, WY 82520","FILED","19.94"
"CANDIDATE","LISA WILSON ","DOLLAR GENERAL","FOOD AND BEVERAGES","7/3/2026","LANDER, WY 82520","FILED","22.65"
"CANDIDATE COMMITTEE","MARK JENNINGS FOR HOUSE DISTRICT 30","ACE HARDWARE","CAMPAIGN YARD SIGNS, BUTTONS, PENS, ETC.","7/3/2026","SHERIDAN, WY 82801","FILED","17.42"
"CANDIDATE COMMITTEE","MARK JENNINGS FOR HOUSE DISTRICT 30","HOME DEPOT","CAMPAIGN YARD SIGNS, BUTTONS, PENS, ETC.","7/3/2026","SHERIDAN, WY 82801","FILED","88.4"
"CANDIDATE","MATT MCGINNIS ","WALMART ","OTHER: CANDY FOR PARADES","7/3/2026","WY ","FILED","530.43"
"CANDIDATE COMMITTEE","MEGAN FOR GOVERNOR","BATTLEFIELD LLC","CONSULTING","7/3/2026","MOUNT VERNON, NY 10550","FILED","4.87"
"CANDIDATE COMMITTEE","MEGAN FOR GOVERNOR","META PLATFORMS (FACEBOOK)","ADVERTISING - DIGITAL","7/3/2026","MENLO PARK, CA 94025","FILED","75"
"CANDIDATE COMMITTEE","MEGAN FOR GOVERNOR","WINRED TECHNICAL SERVICES","BANKING ","7/3/2026","CHEYENNE, WY 82001","FILED","52.09"
"CANDIDATE","OCEAN ANDREW ","DAVID BLANKENSHIP","PAYROLL","7/3/2026","","FILED","422"
"CANDIDATE COMMITTEE","QUIN BLAIR FOR HOUSE DISTRICT 24","AMBI","CAMPAIGN YARD SIGNS, BUTTONS, PENS, ETC.","7/3/2026","WY ","FILED","2989.2"
"CANDIDATE COMMITTEE","QUIN BLAIR FOR HOUSE DISTRICT 24","ELECTION HIVE","CONSULTING","7/3/2026","WY ","FILED","1825"
"CANDIDATE COMMITTEE","REINER FOR WYOMING","ELECTION HIVE","ADVERTISING - DIGITAL","7/3/2026","UT ","FILED","3000"
"CANDIDATE COMMITTEE","REINER FOR WYOMING","ELECTION HIVE","CONSULTING","7/3/2026","UT ","FILED","1500"
"CANDIDATE COMMITTEE","REINER FOR WYOMING","LOWES","CAMPAIGN YARD SIGNS, BUTTONS, PENS, ETC.","7/3/2026","CHEYENNE, WY 82009","FILED","28.31"
"CANDIDATE","ROY BIRT ","HOBBY LOBBY","ADVERTISING - MISC.","7/3/2026","CHEYENNE, WY 82009","FILED","12.55"
"CANDIDATE","ROY BIRT ","KING SOOPERS","FOOD AND BEVERAGES","7/3/2026","CHEYENNE, WY 82009","FILED","20.97"
"CANDIDATE","ROY BIRT ","OFFICE MAX","OFFICE SUPPLIES","7/3/2026","CHEYENNE, WY 82009","FILED","501.69"
"CANDIDATE COMMITTEE","SCHRIFTMAN FOR STATE HOUSE","VISTA PRINT","PRINTING","7/3/2026","MA ","FILED","163.78"
"CANDIDATE COMMITTEE","STUDY4WYOMING","WALMART","OTHER: CANOPY FOR FREEDOM HAS A BIRTHDAY AND JUBILEE DAYS","7/3/2026","WY ","FILED","103.89"
"CANDIDATE COMMITTEE","STUDY4WYOMING","WALMART","PRINTING","7/3/2026","WY ","FILED","172.17"
"CANDIDATE","TAFT CARROLL LOVE ","BLOEDORN LUMBER","CAMPAIGN YARD SIGNS, BUTTONS, PENS, ETC.","7/3/2026","WHEATLAND, WY ","FILED","356.81"
"CANDIDATE COMMITTEE","THE PEOPLE FOR PROVENZA","STICKERGIANT","CAMPAIGN YARD SIGNS, BUTTONS, PENS, ETC.","7/3/2026","","FILED","243.59"
"CANDIDATE COMMITTEE","WRIGHT4WYOMING","LARAMIE JUBILEE DAYS PARADE","OTHER: OTHER","7/3/2026","","FILED","10"
"CANDIDATE COMMITTEE","WRIGHT4WYOMING","ROCKY MTN SHIRTS","CAMPAIGN YARD SIGNS, BUTTONS, PENS, ETC.","7/3/2026","","FILED","701.35"
"CANDIDATE COMMITTEE","WRIGHT4WYOMING","VISTA PRINT","ADVERTISING - MISC.","7/3/2026","","FILED","408.06"
"CANDIDATE COMMITTEE","BEN HORNOK FOR WY","PBR PRINTING","POSTAGE","7/2/2026","CHEYENNE, WY 82009","FILED","1236.76"
"CANDIDATE COMMITTEE","BEN HORNOK FOR WY","PBR PRINTING","PRINTING","7/2/2026","CHEYENNE, WY 82009","FILED","1497.5"
"CANDIDATE COMMITTEE","BRENT BIEN FOR GOVERNOR","MAILCHIMP","ADVERTISING - DIGITAL","7/2/2026","WY ","FILED","45"
"CANDIDATE","CALE CASE ","WESTERN PRINTING","PRINTING","7/2/2026","LANDER, WY 82520","FILED","1000"
"CANDIDATE COMMITTEE","CARLIN JONES FOR WYOMING","MAVERIK","TRAVEL (HOTEL, GAS, ETC.)","7/2/2026","LOVELL, WY ","FILED","88.47"
"CANDIDATE COMMITTEE","CHAD STEPHENS FOR HOUSE DISTRICT 19","WALMART","FOOD AND BEVERAGES","7/2/2026","EVANSTON, WY 82930","FILED","75.39"
"CANDIDATE","CHRISTOPHER DRESANG ","FEDEX","ADVERTISING - MISC.","7/2/2026","CASPER, WY 82609","FILED","176.39"
"CANDIDATE COMMITTEE","COMMITTEE TO ELECT ANNE ZIEGENHORN","SAM FRENCH","CAMPAIGN YARD SIGNS, BUTTONS, PENS, ETC.","7/2/2026","WRIGHT, WY 82732","FILED","50"
"CANDIDATE COMMITTEE","COMMITTEE TO ELECT ANNE ZIEGENHORN","WALMART","ADVERTISING - MISC.","7/2/2026","GILLETTE, WY 82718","FILED","99.28"
"CANDIDATE COMMITTEE","COMMITTEE TO ELECT DOUGLAS MOORE","SIRSPEEDY","ADVERTISING - MISC.","7/2/2026","WY ","FILED","6718.16"
"CANDIDATE COMMITTEE","COMMITTEE TO ELECT DWAYNE DILLINGER","AMAZON","CAMPAIGN YARD SIGNS, BUTTONS, PENS, ETC.","7/2/2026","WY ","FILED","390.95"
"CANDIDATE COMMITTEE","COMMITTEE TO ELECT DWAYNE DILLINGER","SIR SPEEDY","CAMPAIGN YARD SIGNS, BUTTONS, PENS, ETC.","7/2/2026","WY ","FILED","175.15"
"CANDIDATE COMMITTEE","COMMITTEE TO ELECT DWAYNE DILLINGER","SQUARE","BANKING ","7/2/2026","WY ","FILED","49"
"CANDIDATE COMMITTEE","COMMITTEE TO ELECT DWAYNE DILLINGER","THAT EMBROIDERY PLACE","CAMPAIGN YARD SIGNS, BUTTONS, PENS, ETC.","7/2/2026","WY ","FILED","661.08"
"CANDIDATE COMMITTEE","COMMITTEE TO ELECT GREG SCHREURS","SEAN HARRINGTON","ADVERTISING - DIGITAL","7/2/2026","GILLETTE, WY 82718","FILED","1800"
"CANDIDATE COMMITTEE","COMMITTEE TO ELECT JD WILLIAMS ","DOLLAR STORE","OTHER: PARADE CANDY","7/2/2026","LUSK, WY 82225","FILED","28.02"
"CANDIDATE COMMITTEE","COMMITTEE TO ELECT KRISTI RACINES","CODY LEGACY INN & SUITES","TRAVEL (HOTEL, GAS, ETC.)","7/2/2026","WY ","FILED","181.99"
"CANDIDATE COMMITTEE","COMMITTEE TO ELECT KRISTI RACINES","EXXON","TRAVEL (HOTEL, GAS, ETC.)","7/2/2026","WY ","FILED","42.9"
"CANDIDATE COMMITTEE","COMMITTEE TO ELECT MIKE YIN","ACTBLUE TECHNICAL SERVICES","BANKING ","7/2/2026","SOMERVILLE, MA 02144","FILED","3.93"
"CANDIDATE COMMITTEE","COMMITTEE TO ELECT ROBERT WHARFF","WESTARPRINTING","CAMPAIGN YARD SIGNS, BUTTONS, PENS, ETC.","7/2/2026","EVANSTON, WY 82930","FILED","350"
"CANDIDATE COMMITTEE","CONNOLLY FOR STATE HOUSE","BUFFALO BULLETIN","ADVERTISING - NEWSPAPER","7/2/2026","BUFFALO, WY 82834","FILED","610.5"
"CANDIDATE COMMITTEE","CONNOLLY FOR STATE HOUSE","WINRED","ADVERTISING - DIGITAL","7/2/2026","CHEYNNE, WY 82001","FILED","20.51"
"CANDIDATE","DONNA KAY RICE ","AMAZON ON WEB SERVICE","ADVERTISING - DIGITAL","7/2/2026","","FILED","19.73"
"CANDIDATE","DONNA KAY RICE ","DIRECT EDGE CAMPAIGNS, LLC","ADVERTISING - MISC.","7/2/2026","NASHVILLE, TN 37215","FILED","2446.6"
"CANDIDATE COMMITTEE","GARYWILKEN 4 HD46","UW COPY AND PRINT SHOP","PRINTING","7/2/2026","LARAMIE, WY 82070","FILED","154.76"
"CANDIDATE COMMITTEE","HARSHMAN FOR WYOMING","4IMPRINT","CAMPAIGN YARD SIGNS, BUTTONS, PENS, ETC.","7/2/2026","OSHKOSH, WI 54901","FILED","710.93"
"CANDIDATE COMMITTEE","HARSHMAN FOR WYOMING","4IMPRINT","CAMPAIGN YARD SIGNS, BUTTONS, PENS, ETC.","7/2/2026","OSHKOSH, WI 54901","FILED","710.93"
"CANDIDATE COMMITTEE","HARSHMAN FOR WYOMING","CENTRAL WYO FAIRGROUNDS","FACILITY FEE","7/2/2026","CASPER, WY 82604","FILED","50"
"CANDIDATE COMMITTEE","HARSHMAN FOR WYOMING","MENARDS","ADVERTISING - MISC.","7/2/2026","CASPER, WY 82604","FILED","61.58"
"CANDIDATE","JAMES TEMPLE ","U.S. POST OFFICE","POSTAGE","7/2/2026","WY ","FILED","903.54"
"CANDIDATE","JOHN F WETZEL ","POWELL TRIBUNE","ADVERTISING - NEWSPAPER","7/2/2026","POWELL, WY 82435","FILED","855"
"CANDIDATE COMMITTEE","KELLER FOR WYO","RANGER/JOURNAL","ADVERTISING - NEWSPAPER","7/2/2026","WY ","FILED","250"
"CANDIDATE COMMITTEE","KENNETH D. ROBERTS","US POST OFFICE","POSTAGE","7/2/2026","KEMMERER, WY 83101","FILED","6.35"
"CANDIDATE","LEVI ASAY ","MCDONALDS","FOOD AND BEVERAGES","7/2/2026","CODY, WY ","FILED","5.2"
"CANDIDATE","MARLENE BRADY ","UPS","PRINTING","7/2/2026","ROCK SPRINGS, WY 82901","FILED","65.72"
"CANDIDATE COMMITTEE","MCINTOSH FOR WYOMING","LITTLE OL PRINTSHOP","CAMPAIGN YARD SIGNS, BUTTONS, PENS, ETC.","7/2/2026","CHEYENNE, WY 82001","FILED","682.5"
"CANDIDATE COMMITTEE","MEGAN FOR GOVERNOR","CHAIN BRIDGE BANK, N.A.","BANKING ","7/2/2026","MCLEAN, VA 22101","FILED","25"
"CANDIDATE COMMITTEE","MEGAN FOR GOVERNOR","GOOGLE WORKSPACE","ADVERTISING - DIGITAL","7/2/2026","MOUNTAIN VIEW, CA 94043","FILED","321.2"
"CANDIDATE COMMITTEE","MEGAN FOR GOVERNOR","GUSTO","TAXES","7/2/2026","SAN FRANCISCO, CA 94107","FILED","71.19"
"CANDIDATE COMMITTEE","MEGAN FOR GOVERNOR","LARAMIE PARKS & RECREATION","OTHER: EVENT TICKETS","7/2/2026","LARAMIE, WY 82073","FILED","10"
"CANDIDATE COMMITTEE","MEGAN FOR GOVERNOR","META PLATFORMS (FACEBOOK)","ADVERTISING - DIGITAL","7/2/2026","MENLO PARK, CA 94025","FILED","150"
"CANDIDATE COMMITTEE","MEGAN FOR GOVERNOR","SRCP MEDIA","ADVERTISING - MISC.","7/2/2026","ALEXANDRIA, VA 22314","FILED","19663"
"CANDIDATE COMMITTEE","MEGAN FOR GOVERNOR","WINRED TECHNICAL SERVICES","BANKING ","7/2/2026","CHEYENNE, WY 82001","FILED","3.94"
"CANDIDATE COMMITTEE","MYCA FOR SHERIDAN","NATION BUILDER","BANKING ","7/2/2026","WY ","FILED","3.23"
"CANDIDATE COMMITTEE","MYCA FOR SHERIDAN","THE SWAG CELLAR","CAMPAIGN YARD SIGNS, BUTTONS, PENS, ETC.","7/2/2026","WY ","FILED","184.44"
"CANDIDATE","OCEAN ANDREW ","PAUL PREUS","PAYROLL","7/2/2026","","FILED","360"
"CANDIDATE","R. J. KOST ","LOVELL CHRONICLE","ADVERTISING - NEWSPAPER","7/2/2026","LOVELL, WY 82431","FILED","829"
"CANDIDATE COMMITTEE","REINER FOR WYOMING","PBR","CAMPAIGN YARD SIGNS, BUTTONS, PENS, ETC.","7/2/2026","CHEYENNE, WY 82009","FILED","179.55"
"CANDIDATE COMMITTEE","REINER FOR WYOMING","PBR","CAMPAIGN YARD SIGNS, BUTTONS, PENS, ETC.","7/2/2026","CHEYENNE, WY 82009","FILED","120.75"
"CANDIDATE COMMITTEE","REINER FOR WYOMING","PBR","CAMPAIGN YARD SIGNS, BUTTONS, PENS, ETC.","7/2/2026","CHEYENNE, WY 82009","FILED","197.19"
"CANDIDATE COMMITTEE","SCHRIFTMAN FOR STATE HOUSE","STAPLES","PRINTING","7/2/2026","WY ","FILED","416.51"
"CANDIDATE COMMITTEE","SERVER FOR WY","MENARDS","OFFICE SUPPLIES","7/2/2026","WY ","FILED","12.69"
"CANDIDATE COMMITTEE","SHANNON A. BRENNAN FOR WY HOUSE D23","HOBBY LOBBY","ADVERTISING - MISC.","7/2/2026","ID ","FILED","81.51"
"CANDIDATE COMMITTEE","SHORT FOR STATE","FAST STOP","TRAVEL (HOTEL, GAS, ETC.)","7/2/2026","WY ","FILED","129.08"
"CANDIDATE COMMITTEE","SHORT FOR STATE","FAST STOP","TRAVEL (HOTEL, GAS, ETC.)","7/2/2026","WY ","FILED","38.52"
"CANDIDATE COMMITTEE","SHORT FOR STATE","GRRPA (GREEN RIVER RENDEZVOUS)","OTHER: PARADE ENTRY FEE","7/2/2026","WY ","FILED","50"
"CANDIDATE COMMITTEE","SHORT FOR STATE","MAJORITY STRATEGY ","ADVERTISING - MISC.","7/2/2026","WY ","FILED","13267.02"
"CANDIDATE COMMITTEE","SHORT FOR STATE","UPSLOPE MEDIA","ADVERTISING - NEWSPAPER","7/2/2026","WY ","FILED","4000"
"CANDIDATE COMMITTEE","STUDY4WYOMING","AMAZON","CAMPAIGN YARD SIGNS, BUTTONS, PENS, ETC.","7/2/2026","WY ","FILED","90.13"
"CANDIDATE COMMITTEE","STUDY4WYOMING","ROSS STORES","CAMPAIGN YARD SIGNS, BUTTONS, PENS, ETC.","7/2/2026","WY ","FILED","31.77"
"CANDIDATE","TAFT CARROLL LOVE ","OLSON STRATEGIES","ADVERTISING - MISC.","7/2/2026","WY ","FILED","3588.2"
"CANDIDATE COMMITTEE","THE FRIENDS TO ELECT MARK JONES","LIBERTY SERVICE CORPORATION","CONSULTING","7/2/2026","COLORADO SPRINGS, CO 80906","FILED","7245.58"
"CANDIDATE COMMITTEE","THE FRIENDS TO ELECT MARK JONES","MARCHEL KELLEY","ADVERTISING - MISC.","7/2/2026","BUFFALO, WY 82834","FILED","120"
"CANDIDATE COMMITTEE","THE FRIENDS TO ELECT MARK JONES","MAVERIK GAS STATION","TRAVEL (HOTEL, GAS, ETC.)","7/2/2026","BUFFALO, WY 82834","FILED","32"
"CANDIDATE COMMITTEE","THE FRIENDS TO ELECT MARK JONES","USPS","POSTAGE","7/2/2026","BUFFALO, WY 82834","FILED","78"
"CANDIDATE","WENDY DAVIS SCHULER ","JODI'S DINER","FOOD AND BEVERAGES","7/2/2026","EVANSTON, WY 82930","FILED","60.69"
"CANDIDATE","WENDY DAVIS SCHULER ","UINTA APPAREL","ADVERTISING - MISC.","7/2/2026","EVANSTON, WY 82930","FILED","252"
"CANDIDATE COMMITTEE","WILLOX FOR WYOMING","5 ACES PRINTING","ADVERTISING - NEWSPAPER","7/2/2026","DOUGLAS, WY 82633","FILED","216"
"CANDIDATE COMMITTEE","ALLEN HOGG FOR WYOMING","ELECTION HIVE","CONSULTING","7/1/2026","SALT LAKE, UT 84102","FILED","1500"
"CANDIDATE COMMITTEE","ALLEN HOGG FOR WYOMING","GOOGLE WORKSPACE","ADVERTISING - DIGITAL","7/1/2026","WY ","FILED","0.56"
"CANDIDATE COMMITTEE","ANGELOS FOR WYOMING","SIR SPEEDY","PRINTING","7/1/2026","GILLETTE, WY 82716","FILED","113.2"
"CANDIDATE COMMITTEE","BARLOW FOR WYOMING","ALLIE SCROGGINS","CONSULTING","7/1/2026","CASPER, WY 82602","FILED","3500"
"CANDIDATE COMMITTEE","BARLOW FOR WYOMING","AX MEDIA","ADVERTISING - DIGITAL","7/1/2026","KANSAS CITY, MO 64112","FILED","27125"
"CANDIDATE COMMITTEE","BARLOW FOR WYOMING","AX MEDIA","ADVERTISING - RADIO","7/1/2026","KANSAS CITY, MO 64112","FILED","11430"
"CANDIDATE COMMITTEE","BARLOW FOR WYOMING","AX MEDIA","ADVERTISING - TV","7/1/2026","KANSAS CITY, MO 64112","FILED","29000"
"CANDIDATE COMMITTEE","BARLOW FOR WYOMING","AXIOM STRATEGIES","CONSULTING","7/1/2026","KANSAS CITY, MO 64112","FILED","5000"
"CANDIDATE COMMITTEE","BARLOW FOR WYOMING","GLORIA RYNDERS","CONSULTING","7/1/2026","LARAMIE, WY 82070","FILED","875"
"CANDIDATE COMMITTEE","BARLOW FOR WYOMING","GNARLY RAM LLC","CONSULTING","7/1/2026","SHERIDAN, WY 82801","FILED","2500"
"CANDIDATE COMMITTEE","BARLOW FOR WYOMING","GOOGLE","IT SERVICES","7/1/2026","MOUNTAIN VIEW, CA 94043","FILED","558.9"
"CANDIDATE COMMITTEE","BARLOW FOR WYOMING","MELISSA ATKINSON","CONSULTING","7/1/2026","GREEN RIVER, WY 82935","FILED","3500"
"CANDIDATE COMMITTEE","BARLOW FOR WYOMING","MYA ROBB","CONSULTING","7/1/2026","WRIGHT, WY 82732","FILED","3500"
"CANDIDATE COMMITTEE","BARLOW FOR WYOMING","SQUARE SPACE","BANKING ","7/1/2026","NEW YORK , NY 10001","FILED","36"
"CANDIDATE COMMITTEE","BARLOW FOR WYOMING","TAILORED CFO SOLUTIONS LLC","CONSULTING","7/1/2026","GREEN RIVER, WY 82935","FILED","6500"
"CANDIDATE COMMITTEE","BARLOW FOR WYOMING","TAYTEM TYRA","CONSULTING","7/1/2026","RIVERTON, WY 82501","FILED","1825.2"
"CANDIDATE COMMITTEE","BARLOW FOR WYOMING","UNITED STATES POSTAL SERVICE","POSTAGE","7/1/2026","GREEN RIVER, WY 82935","FILED","46.8"
"CANDIDATE COMMITTEE","BEN HORNOK FOR WY","AMERICAN POSTAL SERVICE","OTHER: MAILBOX","7/1/2026","CHEYENNE, WY 82007","FILED","17"
"CANDIDATE COMMITTEE","BEN HORNOK FOR WY","PBR PRINTING","CAMPAIGN YARD SIGNS, BUTTONS, PENS, ETC.","7/1/2026","CHEYENNE, WY 82009","FILED","1037.4"
"CANDIDATE","BILL FORTNER ","SIR SPEEDY","ADVERTISING - MISC.","7/1/2026","GILLETTE, WY 82716","FILED","2480.49"
"CANDIDATE COMMITTEE","BINGHAM FOR WYOMING","WINRED TECHNICAL SERVICES LLC","BANKING ","7/1/2026","","FILED","1.98"
"CANDIDATE COMMITTEE","BINGHAM FOR WYOMING","WINRED TECHNICAL SERVICES LLC","BANKING ","7/1/2026","","FILED","2.05"
"CANDIDATE COMMITTEE","BRENNAN FOR SENATE","WIX.COM","ADMINISTRATIVE COSTS","7/1/2026","","PUBLISHED","93.44"
"CANDIDATE COMMITTEE","BRENT BIEN FOR GOVERNOR","FACEBOOK","ADVERTISING - DIGITAL","7/1/2026","WY ","FILED","214"
"CANDIDATE COMMITTEE","BUTCHER FOR WYOMING","MCGREGOR BAR AND GRILL","FOOD AND BEVERAGES","7/1/2026","WY ","FILED","47.08"
"CANDIDATE COMMITTEE","BUTCHER FOR WYOMING","MCGREGOR BAR AND GRILL","FOOD AND BEVERAGES","7/1/2026","WY ","FILED","47.08"
"CANDIDATE","CARL MANNING ","TWEEDS WHOLESALE LLC","FOOD AND BEVERAGES","7/1/2026","RIVERTON, WY 82501","FILED","46.26"
"CANDIDATE","CARL MANNING ","WESTERN PRINTING","PRINTING","7/1/2026","LANDER, WY 82520","FILED","68.25"
"CANDIDATE COMMITTEE","CARLIN JONES FOR WYOMING","GOOGLE ADS","ADVERTISING - DIGITAL","7/1/2026","WY ","AMEND - ADD","116.29"
"CANDIDATE","CHRISTOPHER DRESANG ","META.COM","GRAPHICS/WEBSITE FEES","7/1/2026","WY ","FILED","339.2"
"CANDIDATE COMMITTEE","COMMITTEE TO ELECT ANNE ZIEGENHORN","M AND G OIL","TRAVEL (HOTEL, GAS, ETC.)","7/1/2026","GILLETTE, WY 82716","FILED","54.91"
"CANDIDATE COMMITTEE","COMMITTEE TO ELECT BOYD O. WIGGAM ","PBR PRINTING","PRINTING","7/1/2026","CHEYENNE, WY 82009","FILED","268.43"
"CANDIDATE COMMITTEE","COMMITTEE TO ELECT CURT MEIER","PEGGY OEDEKOVEN","ADVERTISING - MISC.","7/1/2026","LAGRANGEE, WY 82221","FILED","2049.79"
"CANDIDATE COMMITTEE","COMMITTEE TO ELECT EARL COLLIER FOR HOUSE DISTRICT 3","GILLETTE SIMPSON PRINTING","PRINTING","7/1/2026","WY ","FILED","82.95"
"CANDIDATE COMMITTEE","COMMITTEE TO ELECT EARL COLLIER FOR HOUSE DISTRICT 3","VISTAPRINT","PRINTING","7/1/2026"," , WY ","FILED","191.08"
"CANDIDATE COMMITTEE","COMMITTEE TO ELECT GARY BROWN ","LOWES","CAMPAIGN YARD SIGNS, BUTTONS, PENS, ETC.","7/1/2026","WY ","FILED","72.41"
"CANDIDATE COMMITTEE","COMMITTEE TO ELECT KEN CLOUSTON","KEN CLOUSTON","ADVERTISING - MISC.","7/1/2026","GILLETTE, WY 82718","FILED","340.61"
"CANDIDATE COMMITTEE","COMMITTEE TO ELECT KEN PENDERGRAFT","COOP","TRAVEL (HOTEL, GAS, ETC.)","7/1/2026","WY ","FILED","75"
"CANDIDATE COMMITTEE","COMMITTEE TO ELECT KEN PENDERGRAFT","KARLA KALEY","ADVERTISING - MISC.","7/1/2026","WY ","FILED","50"
"CANDIDATE COMMITTEE","COMMITTEE TO ELECT KRISTI RACINES","GOOGLE","GRAPHICS/WEBSITE FEES","7/1/2026","","FILED","8.4"
"CANDIDATE COMMITTEE","COMMITTEE TO ELECT TROY CLAYCOMB","WEB PROS MARKETING","ADVERTISING - DIGITAL","7/1/2026","GILLETTE, WY 82718","FILED","2000"
"CANDIDATE COMMITTEE","COMMITTEE TO ELECT TROY CLAYCOMB","WEB PROS MARKETING","ADVERTISING - DIGITAL","7/1/2026","GILLETTE, WY 82718","FILED","2000"
"CANDIDATE COMMITTEE","CONNOLLY FOR STATE HOUSE","ANB","BANKING ","7/1/2026","BUFFALO, WY 82834","FILED","5"
"CANDIDATE COMMITTEE","CONNOLLY FOR STATE HOUSE","WINRED","ADVERTISING - DIGITAL","7/1/2026","CHEYNNE, WY 82001","FILED","86.14"
"CANDIDATE","DEB MUTTER SHAMLEY ","PAYPAL","GRAPHICS/WEBSITE FEES","7/1/2026","CHEYENNE, WY 82001","FILED","10"
"CANDIDATE COMMITTEE","FRIENDS OF JULIE JARVIS","GOOGLE GSUITE","GRAPHICS/WEBSITE FEES","7/1/2026","MOUNTAIN VIEW, NE 94043","FILED","26.4"
"CANDIDATE COMMITTEE","FRIENDS OF MARK GORDON","GOOGLE APPS","GRAPHICS/WEBSITE FEES","7/1/2026","MOUNTAIN VIEW, CA 94043","FILED","58.8"
"CANDIDATE COMMITTEE","GARY FOR WYOMING","GOOGLE SUBSCRIPTION","ADMINISTRATIVE COSTS","7/1/2026","LARAMIEE, WY 82070","FILED","99"
"CANDIDATE COMMITTEE","GARY FOR WYOMING","US POSTOFFICE","ADMINISTRATIVE COSTS","7/1/2026","LARAMIE, WY 82070","FILED","236"
"CANDIDATE COMMITTEE","IDE FOR SENATE","SAM EATON","GRAPHICS/WEBSITE FEES","7/1/2026","CASPER, WY 82601","FILED","150"
"CANDIDATE","JEREMY MICHAEL HAROLDSON ","CULVERS ","FOOD AND BEVERAGES","7/1/2026","SCOTTSBLUFF, NE 69361","FILED","6.3"
"CANDIDATE COMMITTEE","JRFORHOUSE59","SIGNS ON THE CHEAP","CAMPAIGN YARD SIGNS, BUTTONS, PENS, ETC.","7/1/2026","AUSTIN, TX 78758","FILED","68.26"
"CANDIDATE COMMITTEE","KELLER FOR WYO","THE RANGER","ADVERTISING - NEWSPAPER","7/1/2026","WY ","FILED","1001"
"CANDIDATE COMMITTEE","KEVIN HELLING FOR WYOMING","GOOGLE WORKSPACE","IT SERVICES","7/1/2026","MOUNTAIN VIEW, CA 94043","FILED","26.4"
"CANDIDATE COMMITTEE","KOLTISKA FOR SHERIDAN","USPS","POSTAGE","7/1/2026","SHERIDAN, WY 82801","FILED","59.29"
"CANDIDATE","LISA L. ENGEBRETSEN ","AMBI","PRINTING","7/1/2026","CASPER, WY 82601","FILED","422.5"
"CANDIDATE","LISA WILSON ","BOMGAAR'S","CAMPAIGN YARD SIGNS, BUTTONS, PENS, ETC.","7/1/2026","LANDER, WY 82520","FILED","14.69"
"CANDIDATE","LISA WILSON ","GOOGLE WORKSPACE","IT SERVICES","7/1/2026","MOUNTAIN VIEW, CA 94043","FILED","5.32"
"CANDIDATE COMMITTEE","MARSHAL FOR WYOMING","ANEDOT, INC.","BANKING ","7/1/2026","","FILED","1.3"
"CANDIDATE COMMITTEE","MARSHAL FOR WYOMING","LITTLE OL PRINTSHOP","PRINTING","7/1/2026","CHEYENNE, WY ","FILED","236.25"
"CANDIDATE","MATTHEW HURT ","META","ADVERTISING - DIGITAL","7/1/2026","CHEYENNE, WY 82001","FILED","22.72"
"CANDIDATE COMMITTEE","MEGAN FOR GOVERNOR","BATTLEFIELD LLC","CONSULTING","7/1/2026","MOUNT VERNON, NY 10550","FILED","6.25"
"CANDIDATE COMMITTEE","MEGAN FOR GOVERNOR","GOOGLE WORKSPACE","ADVERTISING - DIGITAL","7/1/2026","MOUNTAIN VIEW, CA 94043","FILED","196.37"
"CANDIDATE COMMITTEE","MEGAN FOR GOVERNOR","JETBLUE AIRWAYS","TRAVEL (HOTEL, GAS, ETC.)","7/1/2026","LONG ISLAND CITY, NY 11101","FILED","371.4"
"CANDIDATE COMMITTEE","MEGAN FOR GOVERNOR","META PLATFORMS (FACEBOOK)","ADVERTISING - DIGITAL","7/1/2026","MENLO PARK, CA 94025","FILED","75"
"CANDIDATE COMMITTEE","MEGAN FOR GOVERNOR","TURO","TRAVEL (HOTEL, GAS, ETC.)","7/1/2026","SAN FRANCISCO, CA 94105","FILED","731.46"
"CANDIDATE COMMITTEE","MEGAN FOR GOVERNOR","WINRED TECHNICAL SERVICES","BANKING ","7/1/2026","CHEYENNE, WY 82001","FILED","264.57"
"CANDIDATE COMMITTEE","MYCA FOR SHERIDAN","NATION BUILDER","BANKING ","7/1/2026","WY ","FILED","10.81"
"CANDIDATE","R. J. KOST ","CROFT MARKETING GROUP LLC","GRAPHICS/WEBSITE FEES","7/1/2026","POWELL, WY 82435","FILED","99"
"CANDIDATE","R. J. KOST ","WHITE INK","PRINTING","7/1/2026","POWELL, WY 82435","FILED","152.75"
"CANDIDATE COMMITTEE","RAH FOR HD17","RUN! WEBSITE BUILDER","GRAPHICS/WEBSITE FEES","7/1/2026","MIDDLETOWN, DE 19709","FILED","50"
"CANDIDATE COMMITTEE","REINER FOR WYOMING","GOOGLE WORKSPACE","IT SERVICES","7/1/2026","CA ","FILED","26.4"
"CANDIDATE COMMITTEE","REINER FOR WYOMING","LOWES","CAMPAIGN YARD SIGNS, BUTTONS, PENS, ETC.","7/1/2026","CHEYENNE, WY 82009","FILED","73.61"
"CANDIDATE","ROY BIRT ","SAFEWAY","FOOD AND BEVERAGES","7/1/2026","WHEATLAND, WY 82201","FILED","15.96"
"CANDIDATE COMMITTEE","SCHRIFTMAN FOR STATE HOUSE","POSTMASTER","POSTAGE","7/1/2026","WY ","FILED","610"
"CANDIDATE COMMITTEE","SHANNON A. BRENNAN FOR WY HOUSE D23","ALPHA GRAPHICS","CAMPAIGN YARD SIGNS, BUTTONS, PENS, ETC.","7/1/2026","JACKSON, WY 83001","FILED","1287.53"
"CANDIDATE COMMITTEE","SHANNON A. BRENNAN FOR WY HOUSE D23","SQUARESPACE, INC.","IT SERVICES","7/1/2026","NY ","FILED","36"
"CANDIDATE COMMITTEE","SHORT FOR STATE","HAMPTON INN","TRAVEL (HOTEL, GAS, ETC.)","7/1/2026","WY ","FILED","216.88"
"CANDIDATE COMMITTEE","SHORT FOR STATE","STINKER","TRAVEL (HOTEL, GAS, ETC.)","7/1/2026","WY ","FILED","18.68"
"CANDIDATE COMMITTEE","SHORT FOR STATE","SUMMIT FUEL","TRAVEL (HOTEL, GAS, ETC.)","7/1/2026","WY ","FILED","30.58"
"CANDIDATE COMMITTEE","SINGH FOR WYOMING","PBR PRINTING","PRINTING","7/1/2026","WY ","FILED","394.97"
"CANDIDATE COMMITTEE","THE FRIENDS TO ELECT MARK JONES","META-FACEBOOK","ADVERTISING - DIGITAL","7/1/2026","MENLO PARK, CA 94025","FILED","49.88"
"CANDIDATE","TREY LYNN SHERWOOD ","USPS","POSTAGE","7/1/2026","LARAMIE, WY 82070","FILED","61"
"CANDIDATE","WENDY DAVIS SCHULER ","EVANSTON PARKS AND REC. CENTER","FACILITY FEE","7/1/2026","EVANSTON, WY 82930","FILED","75"
"CANDIDATE","WENDY DAVIS SCHULER ","GATEWAY","FOOD AND BEVERAGES","7/1/2026","EVANSTON, WY 82930","FILED","146.5"
"CANDIDATE","WENDY DAVIS SCHULER ","MURDOCHS","CAMPAIGN YARD SIGNS, BUTTONS, PENS, ETC.","7/1/2026","EVANSTON, WY 82930","FILED","53.01"
"CANDIDATE","WENDY DAVIS SCHULER ","WESTAR PRINTING","PRINTING","7/1/2026","EVANSTON, WY 82930","FILED","756.01"
"CANDIDATE COMMITTEE","WILLIAMS 4 WYOMING","RMC","CONSULTING","7/1/2026","LAS VEGAS, NV 89117","FILED","68.73"
"CANDIDATE COMMITTEE","WILLOX FOR WYOMING","OLSON STRATEGIES","ADVERTISING - DIGITAL","7/1/2026","ALEXANDRIA, WA 22314","FILED","820.2"
"CANDIDATE COMMITTEE","WRIGHT4WYOMING","AMAZON","OTHER: OTHER","7/1/2026","","FILED","16.6"
"CANDIDATE COMMITTEE","WRIGHT4WYOMING","AMAZON","OTHER: OTHER","7/1/2026","","FILED","21.07"
"CANDIDATE COMMITTEE","WRIGHT4WYOMING","ELECTION HIVE","CONSULTING","7/1/2026","","FILED","1791.72"
"CANDIDATE COMMITTEE","ANGELOS FOR WYOMING","ANEDOT","BANKING ","6/30/2026","NEW ORLEANS, LA 70112","FILED","120.3"
"CANDIDATE COMMITTEE","ANGELOS FOR WYOMING","OUT OF THE BOX PERFORMANCE","PRINTING","6/30/2026","COLORADO SPRINGS, CO 80909","FILED","4571"
"CANDIDATE COMMITTEE","ANGELOS FOR WYOMING","SIR SPEEDY","CAMPAIGN YARD SIGNS, BUTTONS, PENS, ETC.","6/30/2026","GILLETTE, WY 82716","FILED","113.2"
"CANDIDATE COMMITTEE","ANN LUCAS 4 WYOMING","LARAMIE COUNTY TREASURER","IT SERVICES","6/30/2026","CHEYENNE, WY 82001","FILED","150"
"CANDIDATE COMMITTEE","BARLOW FOR WYOMING","AMBI","PRINTING","6/30/2026","CASPER, WY 82602","FILED","689"
"CANDIDATE COMMITTEE","BARLOW FOR WYOMING","BRETT KLEIN","CONSULTING","6/30/2026","CHEYENNE, WY 82009","FILED","5325.37"
"CANDIDATE COMMITTEE","BARLOW FOR WYOMING","FACEBOOK","ADVERTISING - DIGITAL","6/30/2026","MENLO PARK, CA 94025","FILED","169.98"
"CANDIDATE COMMITTEE","BARLOW FOR WYOMING","TRISTA OSTROM","TRAVEL (HOTEL, GAS, ETC.)","6/30/2026","CHEYENNE, WY 82001","FILED","368.64"
"CANDIDATE COMMITTEE","BARLOW FOR WYOMING","TRISTAN PATTERSON","CONSULTING","6/30/2026","LARAMIE, WY 82072","FILED","5153"
"CANDIDATE COMMITTEE","BARLOW FOR WYOMING","WINRED","BANKING ","6/30/2026","ALEXANDRIA, VA 22314","FILED","1609.62"
"CANDIDATE COMMITTEE","BEN HORNOK FOR WY","JONAH BANK","BANKING ","6/30/2026","CHEYENNE, WY 82001","FILED","1.8"
"CANDIDATE COMMITTEE","BIGELOW FOR HD51","ALPHAGRAPHICS","CAMPAIGN YARD SIGNS, BUTTONS, PENS, ETC.","6/30/2026","SHERIDAN, WY 82801","FILED","1567.52"
"CANDIDATE COMMITTEE","BIGELOW FOR HD51","WAL MART","OFFICE SUPPLIES","6/30/2026","SHERIDAN, WY 82801","FILED","36.47"
"CANDIDATE COMMITTEE","BINGHAM FOR WYOMING","WIX ","GRAPHICS/WEBSITE FEES","6/30/2026","","FILED","8.4"
"CANDIDATE COMMITTEE","BITEMAN FOR WYOMING","ADOBE","ADMINISTRATIVE COSTS","6/30/2026","WY ","FILED","31.79"
"CANDIDATE COMMITTEE","BRENNAN FOR SENATE","OLSEN STRATEGIES AND ADVERTISING","OTHER: DIRECT MAIL","6/30/2026","ALEXANDRIA, VA ","PUBLISHED","3950"
"CANDIDATE COMMITTEE","BRENNAN FOR SENATE","OLSEN STRATEGIES AND ADVERTISING","OTHER: SOCIAL MEDIA MANAGEMENT","6/30/2026","ALEXANDRIA, VA ","PUBLISHED","1125"
"CANDIDATE COMMITTEE","BRENNAN FOR SENATE","OLSEN STRATEGIES AND ADVERTISING","OTHER: TEXT MESSAGE","6/30/2026","ALEXANDRIA, VA ","PUBLISHED","754.8"
"CANDIDATE COMMITTEE","BRENT BIEN FOR GOVERNOR","ALL PROMOS","ADVERTISING - MISC.","6/30/2026","WY ","FILED","257.84"
"CANDIDATE COMMITTEE","BRENT BIEN FOR GOVERNOR","STICKER MULE","CAMPAIGN YARD SIGNS, BUTTONS, PENS, ETC.","6/30/2026","WY ","FILED","187.72"
"CANDIDATE COMMITTEE","BRENT BIEN FOR GOVERNOR","VISTAPRINT","CAMPAIGN YARD SIGNS, BUTTONS, PENS, ETC.","6/30/2026","WY ","FILED","126.86"
"CANDIDATE COMMITTEE","CARLIN JONES FOR WYOMING","OUT OF THE BOX","ADVERTISING - MISC.","6/30/2026","CO ","FILED","150"
"CANDIDATE COMMITTEE","CARLIN JONES FOR WYOMING","SECURITY STATE BANK","BANKING ","6/30/2026","BASIN, WY ","FILED","8"
"CANDIDATE COMMITTEE","CARLIN JONES FOR WYOMING","WEA MARKET","TRAVEL (HOTEL, GAS, ETC.)","6/30/2026","MEETEETSEE, WY ","FILED","96.72"
"CANDIDATE COMMITTEE","COMMITTEE TO ELECT ANNE ZIEGENHORN","CAMPCO FEDERAL CREDIT UNION","BANKING ","6/30/2026","WRIGHT, WY 82732","FILED","5"
"CANDIDATE COMMITTEE","COMMITTEE TO ELECT BOB DAVIS","MCDONALD'S","FOOD AND BEVERAGES","6/30/2026","WY ","FILED","13.97"
"CANDIDATE COMMITTEE","COMMITTEE TO ELECT CURT MEIER","BOB BONNAR","CONSULTING","6/30/2026","DURANGO, CO 81301","FILED","5000"
"CANDIDATE COMMITTEE","COMMITTEE TO ELECT DWAYNE DILLINGER","PRIORITY PROPERTY MANAGEMENT","RENT","6/30/2026","WY ","FILED","500"
"CANDIDATE COMMITTEE","COMMITTEE TO ELECT GREG SCHREURS","SIR SPEEDY","PRINTING","6/30/2026","GILLETTE, WY 82718","FILED","1925.72"
"CANDIDATE COMMITTEE","COMMITTEE TO ELECT JIM VANDYKE","ACTBLUE - CONTRIBUTION PROCESSING FEES","BANKING ","6/30/2026","BOSTON, MA 02196","FILED","1.86"
"CANDIDATE COMMITTEE","COMMITTEE TO ELECT KEENAN MORGAN","CAMPAIGN VERIFY","ADMINISTRATIVE COSTS","6/30/2026","WASHINGTON, DC, DC 20007","FILED","95"
"CANDIDATE COMMITTEE","COMMITTEE TO ELECT KEENAN MORGAN","CANVA","PRINTING","6/30/2026","AUSTIN, TX 78702","FILED","201.4"
"CANDIDATE COMMITTEE","COMMITTEE TO ELECT KEENAN MORGAN","META PLATFORMS, INC","ADVERTISING - DIGITAL","6/30/2026","MENLO PARK, CA 94025","FILED","51"
"CANDIDATE COMMITTEE","COMMITTEE TO ELECT KRISTI RACINES","MAVERICK","TRAVEL (HOTEL, GAS, ETC.)","6/30/2026","WY ","FILED","54.33"
"CANDIDATE COMMITTEE","COMMITTEE TO ELECT MARK RINNE","JONAH BANK","BANKING ","6/30/2026","82009, WY ","FILED","1.49"
"CANDIDATE COMMITTEE","COMMITTEE TO ELECT TOM KELLY","SHERIDAN COUNTY FEDERAL CREDIT UNION","BANKING ","6/30/2026","WY ","FILED","10"
"CANDIDATE COMMITTEE","COMMITTEE TO ELECT TROY CLAYCOMB","SQUARE SPACE","BANKING ","6/30/2026","NEW YORK, NY 10014","FILED","146.02"
"CANDIDATE COMMITTEE","CONNOLLY FOR STATE HOUSE","BUFFALO BULLETIN","ADVERTISING - NEWSPAPER","6/30/2026","BUFFALO, WY 82834","FILED","882"
"CANDIDATE COMMITTEE","CONNOLLY FOR STATE HOUSE","BUFFALO BULLETIN","ADVERTISING - NEWSPAPER","6/30/2026","BUFFALO, WY 82834","FILED","714"
"CANDIDATE COMMITTEE","COSTELLO FOR CASPER","AMAZON","OTHER: CAMPAIGN PROMOTIONAL MERCHANDISE / DONOR THANK YOU ITEMS","6/30/2026","WY ","FILED","75.27"
"CANDIDATE","DEB MUTTER SHAMLEY ","VISTAPRINT","CAMPAIGN YARD SIGNS, BUTTONS, PENS, ETC.","6/30/2026","CHEYENNE, WY 82001","FILED","275.08"
"CANDIDATE COMMITTEE","DEGENFELDER FOR WYOMING","JONAH BANK","BANKING ","6/30/2026","WY ","FILED","3.18"
"CANDIDATE COMMITTEE","FRIENDS OF CJ YOUNG","MAVERIK","FOOD AND BEVERAGES","6/30/2026","WHEATLAND, WY ","FILED","11.09"
"CANDIDATE COMMITTEE","HARSHMAN FOR WYOMING","USPS","POSTAGE","6/30/2026","CASPER, WY 82602","FILED","31.2"
"CANDIDATE COMMITTEE","IDE FOR SENATE","RED MOUNTAIN DIRECT LLC ","ADVERTISING - MISC.","6/30/2026","CASPER, WY 82601","FILED","8634"
"CANDIDATE COMMITTEE","JEANETTE WARD FOR WYOMING","VOTTIV","ADMINISTRATIVE COSTS","6/30/2026","PROVO, UT 84604","FILED","173"
"CANDIDATE","JEREMY MICHAEL HAROLDSON ","MAVERICK ","TRAVEL (HOTEL, GAS, ETC.)","6/30/2026","WHEATLAND, WY 82201","FILED","120.02"
"CANDIDATE COMMITTEE","KOLTISKA FOR SHERIDAN","WALMART","OFFICE SUPPLIES","6/30/2026","SHERIDAN, WY 82801","FILED","11.11"
"CANDIDATE","LEVI ASAY ","TREASURED MEMORIES","PRINTING","6/30/2026","CODY, WY ","FILED","187.2"
"CANDIDATE","LEVI ASAY ","WALMART.COM","ADVERTISING - MISC.","6/30/2026","","FILED","150.39"
"CANDIDATE","LISA WILSON ","CENTRAL BANK & TRUST","BANKING ","6/30/2026","LANDER, WY 82520","FILED","2"
"CANDIDATE","LISA WILSON ","VALLEY LUMBER","CAMPAIGN YARD SIGNS, BUTTONS, PENS, ETC.","6/30/2026","LANDER, WY 82520","FILED","24.68"
"CANDIDATE COMMITTEE","MARK JENNINGS FOR HOUSE DISTRICT 30","ACE HARDWARE","CAMPAIGN YARD SIGNS, BUTTONS, PENS, ETC.","6/30/2026","SHERIDAN, WY 82801","FILED","18.08"
"CANDIDATE COMMITTEE","MARK JENNINGS FOR HOUSE DISTRICT 30","VISTA PRINT","PRINTING","6/30/2026","WALTHAM, MA 02451","FILED","531.29"
"CANDIDATE","MATTHEW LEGLER ","AMAZON","OTHER: STAKES FOR SMALL SIGNS","6/30/2026","WY ","FILED","151.79"
"CANDIDATE COMMITTEE","MCINTOSH FOR WYOMING","LITTLE OL PRINTSHOP","PRINTING","6/30/2026","CHEYENNE, WY 82001","FILED","236.25"
"CANDIDATE","MEAGAN HERRINGTON ","AMAZON","ADVERTISING - MISC.","6/30/2026","WY ","FILED","78.7"
"CANDIDATE COMMITTEE","MEGAN FOR GOVERNOR","BATTLEFIELD LLC","CONSULTING","6/30/2026","MOUNT VERNON, NY 10550","FILED","12.5"
"CANDIDATE COMMITTEE","MEGAN FOR GOVERNOR","COWBOY STATE DAILY, LLC","ADVERTISING - MISC.","6/30/2026","JACKSON, WY 83002","FILED","8750"
"CANDIDATE COMMITTEE","MEGAN FOR GOVERNOR","FOXHOLE STRATEGIES (BATTLEFIELD LLC)","CONSULTING","6/30/2026","DURHAM, CT 06422","FILED","22778.38"
"CANDIDATE COMMITTEE","MEGAN FOR GOVERNOR","LOOK AHEAD STRATEGIES","CONSULTING","6/30/2026","ARLINGTON, VA 22209","FILED","2500"
"CANDIDATE COMMITTEE","MEGAN FOR GOVERNOR","META PLATFORMS (FACEBOOK)","ADVERTISING - DIGITAL","6/30/2026","MENLO PARK, CA 94025","FILED","150"
"CANDIDATE COMMITTEE","MEGAN FOR GOVERNOR","ORBITZ HOTELS","TRAVEL (HOTEL, GAS, ETC.)","6/30/2026","CHICAGO, IL 60611","FILED","21.47"
"CANDIDATE COMMITTEE","MEGAN FOR GOVERNOR","WINRED TECHNICAL SERVICES","BANKING ","6/30/2026","CHEYENNE, WY 82001","FILED","5.91"
"CANDIDATE","OCEAN ANDREW ","BIZAY","CAMPAIGN YARD SIGNS, BUTTONS, PENS, ETC.","6/30/2026","","FILED","225.76"
"CANDIDATE","R. J. KOST ","BLAIR'S MARKET","FOOD AND BEVERAGES","6/30/2026","POWELL, WY 82435","FILED","63.59"
"CANDIDATE COMMITTEE","RAH FOR HD17","PIN UP COFFEE","FOOD AND BEVERAGES","6/30/2026","ROCK SPRINGS, WY 82901","FILED","14.84"
"CANDIDATE COMMITTEE","REINER FOR WYOMING","EXPRESS DIGITAL","ADVERTISING - MISC.","6/30/2026","UT ","FILED","1266.85"
"CANDIDATE","SCOTT SMITH JR","CANVA.COM","ADVERTISING - DIGITAL","6/30/2026","WY ","FILED","262.5"
"CANDIDATE","SCOTT SMITH JR","CANVA.COM","ADVERTISING - DIGITAL","6/30/2026","WY ","FILED","143.1"
"CANDIDATE COMMITTEE","SHANNON A. BRENNAN FOR WY HOUSE D23","ALARM CLOCK FILMS (PETER PRESTRUD)","ADVERTISING - DIGITAL","6/30/2026","JACKSON, WY 83001","FILED","275"
"CANDIDATE COMMITTEE","SHORT FOR STATE","PBR PRINTING","ADVERTISING - MISC.","6/30/2026","WY ","FILED","4566.84"
"CANDIDATE COMMITTEE","STACY JONES FOR SENATE DISTRICT 13","WAL MART","ADVERTISING - MISC.","6/30/2026","WY ","FILED","52.07"
"CANDIDATE COMMITTEE","STACY JONES FOR SENATE DISTRICT 13","WAL MART","ADVERTISING - MISC.","6/30/2026","WY ","FILED","77.21"
"CANDIDATE COMMITTEE","STUDY4WYOMING","PERKINS","FOOD AND BEVERAGES","6/30/2026","LARAMIE, WY ","FILED","82.55"
"CANDIDATE","TINA JOHNSON ","CANVA","ADVERTISING - MISC.","6/30/2026","WY ","FILED","244.25"
"CANDIDATE","TOMI STROCK ","DOUGLAS BUDGET","ADVERTISING - NEWSPAPER","6/30/2026","DOUGLAS, WYOMING 82633, WY 82633","FILED","330"
"CANDIDATE COMMITTEE","VOTE BOLLER HD52 ","SIR SPEEDY","CAMPAIGN YARD SIGNS, BUTTONS, PENS, ETC.","6/30/2026","GILLETTE, WY 82716","FILED","188.08"
"CANDIDATE COMMITTEE","BARLOW FOR WYOMING","AMAZON","CAMPAIGN YARD SIGNS, BUTTONS, PENS, ETC.","6/29/2026","SEATTLE , WA 98108","FILED","53.52"
"CANDIDATE COMMITTEE","BARLOW FOR WYOMING","AMAZON","CAMPAIGN YARD SIGNS, BUTTONS, PENS, ETC.","6/29/2026","SEATTLE, WA 98108","FILED","25.5"
"CANDIDATE COMMITTEE","BARLOW FOR WYOMING","I360","CONSULTING","6/29/2026","ARLINGTON, VA 22201","FILED","1250"
"CANDIDATE COMMITTEE","BARLOW FOR WYOMING","TBK RENTAL & SALES","OTHER: OTHER","6/29/2026","CHEYENNE, WY 82009","FILED","70.2"
"CANDIDATE COMMITTEE","BIGELOW FOR HD51","HOME DEPOT","OFFICE SUPPLIES","6/29/2026","SHERIDAN, WY 82801","FILED","139.57"
"CANDIDATE COMMITTEE","BIGELOW FOR HD51","SHERIDAN WYO RODEO PARADE","ADVERTISING - MISC.","6/29/2026","SHERIDAN, WY 82801","FILED","175"
"CANDIDATE","BILL FORTNER ","UPS","ADVERTISING - MISC.","6/29/2026","GILLETTE, WY 82716","FILED","103.5"
"CANDIDATE COMMITTEE","BRENT BIEN FOR GOVERNOR","FACEBOOK","ADVERTISING - DIGITAL","6/29/2026","WY ","FILED","69"
"CANDIDATE COMMITTEE","BRENT BIEN FOR GOVERNOR","GOOD NEWS PUBLICATION","ADVERTISING - NEWSPAPER","6/29/2026","WY ","FILED","349.35"
"CANDIDATE","CARL MANNING ","RIVERTON CHAMBER","OTHER: ENTRY FEE FOR 4TH OF JULY PARADE","6/29/2026","RIVERTON, WY 82501","FILED","25"
"CANDIDATE COMMITTEE","CARLIN JONES FOR WYOMING","RIVERTON RANGER","ADVERTISING - NEWSPAPER","6/29/2026","RIVERTON, WY ","FILED","400"
"CANDIDATE COMMITTEE","COALITION TO ELECT JOHN BEAR","SUPER CHEAP SIGN","CAMPAIGN YARD SIGNS, BUTTONS, PENS, ETC.","6/29/2026","","FILED","796.28"
"CANDIDATE COMMITTEE","COMMITTEE TO ELECT BOB DAVIS","MCDONALD'S","FOOD AND BEVERAGES","6/29/2026","WY ","FILED","13.97"
"CANDIDATE COMMITTEE","COMMITTEE TO ELECT BOB DAVIS","STINKER","TRAVEL (HOTEL, GAS, ETC.)","6/29/2026","WY ","FILED","41.87"
"CANDIDATE COMMITTEE","COMMITTEE TO ELECT BOB DAVIS","STINKER STORES","TRAVEL (HOTEL, GAS, ETC.)","6/29/2026","WY ","FILED","41.87"
"CANDIDATE COMMITTEE","COMMITTEE TO ELECT BOB DAVIS","WALMART","CAMPAIGN YARD SIGNS, BUTTONS, PENS, ETC.","6/29/2026","WY ","FILED","132.38"
"CANDIDATE COMMITTEE","COMMITTEE TO ELECT KEN PENDERGRAFT","IONOS","GRAPHICS/WEBSITE FEES","6/29/2026","WY ","FILED","4"
"CANDIDATE COMMITTEE","COMMITTEE TO ELECT KEN PENDERGRAFT","VISTA PRINT","PRINTING","6/29/2026","WY ","FILED","214.1"
"CANDIDATE COMMITTEE","COMMITTEE TO ELECT KEN PENDERGRAFT","WALMART","OFFICE SUPPLIES","6/29/2026","WY ","FILED","133.2"
"CANDIDATE COMMITTEE","COMMITTEE TO ELECT KRISTI RACINES","SAM'S CLUB","FOOD AND BEVERAGES","6/29/2026","WY ","FILED","169.25"
"CANDIDATE COMMITTEE","COMMITTEE TO ELECT TROY CLAYCOMB","EMALEE SWEET","ADVERTISING - DIGITAL","6/29/2026","UPTON, WY 82730","FILED","500"
"CANDIDATE COMMITTEE","COMMITTEE TO ELECT ZETA","GRACE BELIZE MOORE","GRAPHICS/WEBSITE FEES","6/29/2026","WY ","FILED","300"
"CANDIDATE COMMITTEE","COSTELLO FOR CASPER","SMITH'S FOOD","FOOD AND BEVERAGES","6/29/2026","WY ","FILED","28.97"
"CANDIDATE","DARIN M MCCANN ","F.B. MCFADDEN WHOLESALE","CAMPAIGN YARD SIGNS, BUTTONS, PENS, ETC.","6/29/2026","ROCK SPRINGS, WY 82901","FILED","102.1"
"CANDIDATE COMMITTEE","DAVID HILL FOR HOUSE DISTRICT 50","DAVID HILL","ADVERTISING - MISC.","6/29/2026","WY ","FILED","11.9"
"CANDIDATE COMMITTEE","DAVID HILL FOR HOUSE DISTRICT 50","POWELL TRIBUNE","ADVERTISING - NEWSPAPER","6/29/2026","WY ","FILED","1680"
"CANDIDATE","DEB MUTTER SHAMLEY ","CITY BREW","FOOD AND BEVERAGES","6/29/2026","CHEYENNE, WY 82001","FILED","11.34"
"CANDIDATE","DEB MUTTER SHAMLEY ","WALMART","OFFICE SUPPLIES","6/29/2026","CHEYENNE, WY 82001","FILED","15.6"
"CANDIDATE","DEB MUTTER SHAMLEY ","WALMART","OFFICE SUPPLIES","6/29/2026","CHEYENNE, WY 82001","FILED","4.79"
"CANDIDATE","DONNA KAY RICE ","DIRECT EDGE CAMPAIGNS, LLC","ADVERTISING - MISC.","6/29/2026","NASHVILLE, TN 37215","FILED","2446.6"
"CANDIDATE COMMITTEE","FORNSTROM FOR HD10","KING SOOPERS","FOOD AND BEVERAGES","6/29/2026","CHEYENNE, WY 82009","FILED","217.98"
"CANDIDATE COMMITTEE","FRIENDS OF CJ YOUNG","VISTA PRINT","PRINTING","6/29/2026","MA ","FILED","191.08"
"CANDIDATE COMMITTEE","HARSHMAN FOR WYOMING","MENARDS","ADVERTISING - MISC.","6/29/2026","CASPER, WY 82604","FILED","222.32"
"CANDIDATE COMMITTEE","HARSHMAN FOR WYOMING","PRINCESS THEATRE","ENTERTAINMENT","6/29/2026","DOUGLAS, WY 82633","FILED","200"
"CANDIDATE COMMITTEE","HARSHMAN FOR WYOMING","TRACTOR SUPPLY","CAMPAIGN YARD SIGNS, BUTTONS, PENS, ETC.","6/29/2026","CHEYENNEE, WY 82009","FILED","21.37"
"CANDIDATE COMMITTEE","HARSHMAN FOR WYOMING","WEB PROS MEDIA","ADVERTISING - DIGITAL","6/29/2026","GILLETTE, WY 82716","FILED","1000"
"CANDIDATE","JAYME LIEN ","ZAZZLE","PRINTING","6/29/2026","WY ","FILED","327.22"
"CANDIDATE COMMITTEE","JEANETTE WARD FOR WYOMING","META","ADVERTISING - DIGITAL","6/29/2026","MENLO PARK, CA 94025","FILED","6.41"
"CANDIDATE","JEREMY MICHAEL HAROLDSON ","WESTERN SKYS ","FOOD AND BEVERAGES","6/29/2026","WHEATLAND, WY 82201","FILED","50.91"
"CANDIDATE","JOHN F WETZEL ","PLAZA DIANE COMMUNITY CENTER","FACILITY FEE","6/29/2026","POWELL, WY 82435","FILED","100"
"CANDIDATE","KAREN WEBER ","POINTS WEST BANK - CHECKS","BANKING ","6/29/2026","LINGLE, WY ","FILED","19"
"CANDIDATE COMMITTEE","KENNETH D. ROBERTS","LINCOLN COUNTY FAIR","ADVERTISING - DIGITAL","6/29/2026","AFTON, WY 83110","FILED","250"
"CANDIDATE","LEVI ASAY ","COWTOWN CANDY COMPANY","ADVERTISING - MISC.","6/29/2026","CODY, WY ","FILED","160"
"CANDIDATE","LEVI ASAY ","OTC BRANDS","ADVERTISING - MISC.","6/29/2026","","FILED","88.3"
"CANDIDATE","LEVI ASAY ","OTC BRANDS","ADVERTISING - MISC.","6/29/2026","","FILED","352.53"
"CANDIDATE","LISA WILSON ","BILL BROWN","CONSULTING","6/29/2026","BUFFALO, WY 82834","FILED","100"
"CANDIDATE","LISA WILSON ","FREMONT CO CLERK","ADMINISTRATIVE COSTS","6/29/2026","LANDER, WY 82520","FILED","10"
"CANDIDATE","MATTHEW HURT ","META","ADVERTISING - DIGITAL","6/29/2026","CHEYENNE, WY 82001","FILED","38.05"
"CANDIDATE","MATTHEW LEGLER ","MURDOCH'S","OTHER: LARGE SIGN MATERIALS","6/29/2026","WY ","FILED","133.08"
"CANDIDATE COMMITTEE","MEGAN FOR GOVERNOR","ABIGAIL VROMAN","PAYROLL","6/29/2026","CHEYENNE, WY 82009","FILED","1014.11"
"CANDIDATE COMMITTEE","MEGAN FOR GOVERNOR","AIRBNB","TRAVEL (HOTEL, GAS, ETC.)","6/29/2026","SAN FRANCISCO, CA 94103","FILED","717.02"
"CANDIDATE COMMITTEE","MEGAN FOR GOVERNOR","BATTLEFIELD LLC","CONSULTING","6/29/2026","MOUNT VERNON, NY 10550","FILED","1.25"
"CANDIDATE COMMITTEE","MEGAN FOR GOVERNOR","GOOGLE WORKSPACE","ADVERTISING - DIGITAL","6/29/2026","MOUNTAIN VIEW, CA 94043","FILED","500"
"CANDIDATE COMMITTEE","MEGAN FOR GOVERNOR","GUSTO","TAXES","6/29/2026","SAN FRANCISCO, CA 94107","FILED","617.1"
"CANDIDATE COMMITTEE","MEGAN FOR GOVERNOR","HANNAH HARRINGTON","PAYROLL","6/29/2026","CHEYNNE, WY 82009","FILED","1095.2"
"CANDIDATE COMMITTEE","MEGAN FOR GOVERNOR","META PLATFORMS (FACEBOOK)","ADVERTISING - DIGITAL","6/29/2026","MENLO PARK, CA 94025","FILED","375"
"CANDIDATE COMMITTEE","MEGAN FOR GOVERNOR","SHAINA STUDY","PAYROLL","6/29/2026","CHEYENNE, WY 82001","FILED","554.1"
"CANDIDATE COMMITTEE","MEGAN FOR GOVERNOR","VIBE","ADVERTISING - DIGITAL","6/29/2026","CHICAGO, WY 60613","FILED","500"
"CANDIDATE COMMITTEE","MEGAN FOR GOVERNOR","WAL-MART","OFFICE SUPPLIES","6/29/2026","BENTONVILLE, AR 72712","FILED","644.26"
"CANDIDATE COMMITTEE","MEGAN FOR GOVERNOR","WINRED TECHNICAL SERVICES","BANKING ","6/29/2026","CHEYENNE, WY 82001","FILED","197.39"
"CANDIDATE COMMITTEE","MYCA FOR SHERIDAN","NATIONBUILDER","GRAPHICS/WEBSITE FEES","6/29/2026","WY ","FILED","179"
"CANDIDATE COMMITTEE","MYCA FOR SHERIDAN","THE SWAG CELLAR","CAMPAIGN YARD SIGNS, BUTTONS, PENS, ETC.","6/29/2026","WY ","FILED","134.62"
"CANDIDATE","NEIL JESKE ","GODADDY.COM","GRAPHICS/WEBSITE FEES","6/29/2026","WY ","FILED","21.99"
"CANDIDATE","NEIL JESKE ","SUPERCHEAPSIGNS.COM","CAMPAIGN YARD SIGNS, BUTTONS, PENS, ETC.","6/29/2026","WY ","FILED","483.47"
"CANDIDATE","NEIL JESKE ","SUPERCHEAPSIGNS.COM","CAMPAIGN YARD SIGNS, BUTTONS, PENS, ETC.","6/29/2026","WY ","FILED","290.7"
"CANDIDATE","PAUL L WING ","SQUARE","ADMINISTRATIVE COSTS","6/29/2026","OAKLAND, CA 94612","FILED","3.6"
"CANDIDATE COMMITTEE","REINER FOR WYOMING","PBR","CAMPAIGN YARD SIGNS, BUTTONS, PENS, ETC.","6/29/2026","CHEYENNE, WY 82009","FILED","183.75"
"CANDIDATE COMMITTEE","SHORT FOR STATE","4IMPRINT","CAMPAIGN YARD SIGNS, BUTTONS, PENS, ETC.","6/29/2026","WY ","FILED","483.33"
"CANDIDATE COMMITTEE","SHORT FOR STATE","JACKALOPE TRAVEL STOP","TRAVEL (HOTEL, GAS, ETC.)","6/29/2026","WY ","FILED","27.24"
"CANDIDATE COMMITTEE","SHORT FOR STATE","LOAF N JUG","TRAVEL (HOTEL, GAS, ETC.)","6/29/2026","WY ","FILED","30.42"
"CANDIDATE COMMITTEE","SPECKNER FOR HOUSE DISTRICT 5","AMAZON","FOOD AND BEVERAGES","6/29/2026","SEATTLE, WA 98109","FILED","717.94"
"CANDIDATE","TINA JOHNSON ","VISTA PRINT","ADVERTISING - MISC.","6/29/2026","WY ","FILED","167.88"
"CANDIDATE","TONY LOCKE ","DARCIE GUDGER","CONSULTING","6/29/2026","","FILED","500"
"CANDIDATE COMMITTEE","BINGHAM FOR WYOMING","RADIANT MANUFACTURING ","CAMPAIGN YARD SIGNS, BUTTONS, PENS, ETC.","6/28/2026","WY ","FILED","91.16"
"CANDIDATE COMMITTEE","BINGHAM FOR WYOMING","RADIANT MANUFACTURING ","CAMPAIGN YARD SIGNS, BUTTONS, PENS, ETC.","6/28/2026","WY ","FILED","76.32"
"CANDIDATE COMMITTEE","CHAD AUER FOR WYOMING","USPS","POSTAGE","6/28/2026","CHEYENNE, WY 82001","FILED","156"
"CANDIDATE COMMITTEE","COMMITTEE TO ELECT ANNE ZIEGENHORN","FAMILY DOLLAR","CAMPAIGN YARD SIGNS, BUTTONS, PENS, ETC.","6/28/2026","WRIGHT, WY 82732","FILED","26.69"
"CANDIDATE COMMITTEE","COMMITTEE TO ELECT EARL COLLIER FOR HOUSE DISTRICT 3","STICKERMULE","CAMPAIGN YARD SIGNS, BUTTONS, PENS, ETC.","6/28/2026","WY ","FILED","205.8"
"CANDIDATE COMMITTEE","COMMITTEE TO ELECT GREG SCHREURS","ORIENTAL TRADING","FOOD AND BEVERAGES","6/28/2026","GILLETTE, WY 82718","FILED","241.96"
"CANDIDATE COMMITTEE","COMMITTEE TO ELECT TOM KELLY","COWBOY STATE DAILY","ADVERTISING - DIGITAL","6/28/2026","WY ","FILED","6750"
"CANDIDATE","DEB MUTTER SHAMLEY ","SQUARESPACE","GRAPHICS/WEBSITE FEES","6/28/2026","CHEYENNE, WY 82001","FILED","182"
"CANDIDATE","DEB MUTTER SHAMLEY ","SQUARESPACE","GRAPHICS/WEBSITE FEES","6/28/2026","CHEYENNE, WY 82001","FILED","10"
"CANDIDATE COMMITTEE","FRIENDS OF GAVIN LOBMEYER ","FEDEX","PRINTING","6/28/2026","WY ","FILED","41.99"
"CANDIDATE COMMITTEE","KENNETH D. ROBERTS","AMAZON","CAMPAIGN YARD SIGNS, BUTTONS, PENS, ETC.","6/28/2026","SEATTLE, WA 98109","FILED","83.98"
"CANDIDATE","NEIL JESKE ","WALGREENS","PRINTING","6/28/2026","CASPER, WY 82604","FILED","522.6"
"CANDIDATE","QWENTON EAGLE OVIATT ","VISTA PRINT","ADVERTISING - MISC.","6/28/2026","WY ","FILED","124.47"
"CANDIDATE","ROY BIRT ","MINARDS","CAMPAIGN YARD SIGNS, BUTTONS, PENS, ETC.","6/28/2026","CHEYENNE, WY 82009","FILED","66.28"
"CANDIDATE COMMITTEE","SERVER FOR WY","OUT OF THE BOX PERFORMANCE","IT SERVICES","6/28/2026","WY ","FILED","149.7"
"CANDIDATE COMMITTEE","SHORT FOR STATE","BIG D","TRAVEL (HOTEL, GAS, ETC.)","6/28/2026","WY ","FILED","18.7"
"CANDIDATE COMMITTEE","STUDY4WYOMING","AMAZON","CAMPAIGN YARD SIGNS, BUTTONS, PENS, ETC.","6/28/2026","WY ","FILED","53.7"
"CANDIDATE COMMITTEE","THE FRIENDS TO ELECT MARK JONES","SHARON MCCRIGHT","FOOD AND BEVERAGES","6/28/2026","DAYTON, WY 82836","FILED","185"
"CANDIDATE COMMITTEE","THE FRIENDS TO ELECT MARK JONES","VALLEY MEAT COMPANY","FOOD AND BEVERAGES","6/28/2026","DAYTON, WY 82836","FILED","336"
"CANDIDATE COMMITTEE","ANGELOS FOR WYOMING","ANEDOT","BANKING ","6/27/2026","NEW ORLEANS, LA 70112","FILED","10.3"
"CANDIDATE COMMITTEE","COMMITTEE TO ELECT BOB DAVIS","ARBYS","FOOD AND BEVERAGES","6/27/2026","WY ","FILED","29.89"
"CANDIDATE COMMITTEE","COMMITTEE TO ELECT BOB DAVIS","MAVERIK","TRAVEL (HOTEL, GAS, ETC.)","6/27/2026","WY ","FILED","58.14"
"CANDIDATE COMMITTEE","COMMITTEE TO ELECT BOB DAVIS","TACO TIME","FOOD AND BEVERAGES","6/27/2026","WY ","FILED","45.83"
"CANDIDATE COMMITTEE","COMMITTEE TO ELECT BOB DAVIS","UNITED PACIFIC","TRAVEL (HOTEL, GAS, ETC.)","6/27/2026","WY ","FILED","36.96"
"CANDIDATE COMMITTEE","COMMITTEE TO ELECT DWAYNE DILLINGER","I 360 SUBSCRIPTION","ADMINISTRATIVE COSTS","6/27/2026","WY ","FILED","675"
"CANDIDATE COMMITTEE","COMMITTEE TO ELECT GREG SCHREURS","SIR SPEEDY","PRINTING","6/27/2026","GILLETTE, WY 82718","FILED","438.72"
"CANDIDATE COMMITTEE","COMMITTEE TO ELECT GREG SCHREURS","UNIVERSAL ATHLETICS","CAMPAIGN YARD SIGNS, BUTTONS, PENS, ETC.","6/27/2026","GILLETTE, WY 82718","FILED","107.67"
"CANDIDATE COMMITTEE","COMMITTEE TO ELECT KRISTI RACINES","SAM'S CLUB","FOOD AND BEVERAGES","6/27/2026","WY ","FILED","26.46"
"CANDIDATE COMMITTEE","DAVID HILL FOR HOUSE DISTRICT 50","ACE","CAMPAIGN YARD SIGNS, BUTTONS, PENS, ETC.","6/27/2026","WY ","FILED","20.79"
"CANDIDATE COMMITTEE","DAVID HILL FOR HOUSE DISTRICT 50","BOMGAARS","CAMPAIGN YARD SIGNS, BUTTONS, PENS, ETC.","6/27/2026","WY ","FILED","23.33"
"CANDIDATE","DEB MUTTER SHAMLEY ","DAZBOG","FOOD AND BEVERAGES","6/27/2026","CHEYENNE, WY 82001","FILED","11.34"
"CANDIDATE COMMITTEE","EDWARDS FOR WYOMING","HARBOR FREIGHT","CAMPAIGN YARD SIGNS, BUTTONS, PENS, ETC.","6/27/2026","CHEYENNE, WY 82009","FILED","5.87"
"CANDIDATE COMMITTEE","EDWARDS FOR WYOMING","MENARDS","CAMPAIGN YARD SIGNS, BUTTONS, PENS, ETC.","6/27/2026","CHEYENNE, WY 82009","FILED","36.05"
"CANDIDATE","JOHN F WETZEL ","AMAZON","ADVERTISING - MISC.","6/27/2026","SEATTLE, WA 98109","FILED","239.98"
"CANDIDATE COMMITTEE","KEVIN HELLING FOR WYOMING","CWFR PARADE COMMITTEE","FACILITY FEE","6/27/2026","CASPER, WY 82604","FILED","70"
"CANDIDATE","LISA WILSON ","BOOMGAARS","CAMPAIGN YARD SIGNS, BUTTONS, PENS, ETC.","6/27/2026","LANDER, WY 82520","FILED","6.27"
"CANDIDATE","PAMELA THAYER ","ORIENTAL TRADING","ADVERTISING - MISC.","6/27/2026","OMAHA, NE 68103","FILED","408"
"CANDIDATE","QWENTON EAGLE OVIATT ","AMAZON","ADVERTISING - MISC.","6/27/2026","WY ","FILED","41.99"
"CANDIDATE","R. J. KOST ","BLAIR'S MARKET","FOOD AND BEVERAGES","6/27/2026","POWELL, WY 82435","FILED","7.47"
"CANDIDATE","R. J. KOST ","THE MARKET AT LOVELL","FOOD AND BEVERAGES","6/27/2026","LOVELL, WY 82431","FILED","49.77"
"CANDIDATE COMMITTEE","RAH FOR HD17","WAL-MART","PHONE","6/27/2026","ROCK SPRINGS, WY 82901","FILED","32.1"
"CANDIDATE COMMITTEE","SERVER FOR WY","CANVA","PRINTING","6/27/2026","WY ","FILED","245.7"
"CANDIDATE COMMITTEE","SHORT FOR STATE","LOAF N JUG","TRAVEL (HOTEL, GAS, ETC.)","6/27/2026","WY ","FILED","19.8"
"CANDIDATE COMMITTEE","SHORT FOR STATE","MOUNTAIN VIEW SINCLAIR","TRAVEL (HOTEL, GAS, ETC.)","6/27/2026","WY ","FILED","6.81"
"CANDIDATE COMMITTEE","THE FRIENDS TO ELECT MARK JONES","FAMILY DOLLAR","FOOD AND BEVERAGES","6/27/2026","BUFFALO, WY 82834","FILED","19.5"
"CANDIDATE","TONY LOCKE ","PIZZA RANCH","FOOD AND BEVERAGES","6/27/2026","","FILED","84.36"
"CANDIDATE COMMITTEE","ALLEN HOGG FOR WYOMING","COPPER CORNER","FOOD AND BEVERAGES","6/26/2026","BASIN, WY 82410","FILED","54.57"
"CANDIDATE COMMITTEE","ALLEN HOGG FOR WYOMING","OVERLAND EXPRESS","TRAVEL (HOTEL, GAS, ETC.)","6/26/2026","BASIN, WY 82410","FILED","62.48"
"CANDIDATE","ANTHONY L ALLEN JR","OIL CITY NEWS","ADVERTISING - MISC.","6/26/2026","CASPER, WY 82601","FILED","4350"
"CANDIDATE COMMITTEE","BRENT BIEN FOR GOVERNOR","FACEBOOK","ADVERTISING - DIGITAL","6/26/2026","WY ","FILED","7.39"
"CANDIDATE COMMITTEE","BRENT BIEN FOR GOVERNOR","RIVERTON RANGER","ADVERTISING - NEWSPAPER","6/26/2026","WY ","FILED","257.5"
"CANDIDATE","CHRISTOPHER DRESANG ","VISTAPRINT","ADVERTISING - MISC.","6/26/2026","WY ","FILED","184.42"
"CANDIDATE COMMITTEE","COMMITTEE TO ELECT DOUGLAS MOORE","MG OIL","TRAVEL (HOTEL, GAS, ETC.)","6/26/2026","WY ","FILED","64.64"
"CANDIDATE COMMITTEE","COMMITTEE TO ELECT DWAYNE DILLINGER","PROMO DIRECT","CAMPAIGN YARD SIGNS, BUTTONS, PENS, ETC.","6/26/2026","WY ","FILED","1484.88"
"CANDIDATE COMMITTEE","COMMITTEE TO ELECT EARL COLLIER FOR HOUSE DISTRICT 3","MENARDS","OFFICE SUPPLIES","6/26/2026","WY ","FILED","54.58"
"CANDIDATE COMMITTEE","COMMITTEE TO ELECT LAURIE BRATTEN","WYO RODEO PARADE","ADVERTISING - MISC.","6/26/2026","SHERIDAN, WY 82801","FILED","181"
"CANDIDATE COMMITTEE","COMMITTEE TO ELECT OGDEN DRISKILL","OFFICE DEPOT","ADVERTISING - MISC.","6/26/2026","GILLETTE, WY 82718","FILED","1403.98"
"CANDIDATE COMMITTEE","COMMITTEE TO ELECT TROY CLAYCOMB","TROY CLAYCOMB","TRAVEL (HOTEL, GAS, ETC.)","6/26/2026","UPTON, WY 82730","FILED","647.91"
"CANDIDATE COMMITTEE","DAVID HILL FOR HOUSE DISTRICT 50","BOMGAARS","CAMPAIGN YARD SIGNS, BUTTONS, PENS, ETC.","6/26/2026","WY ","FILED","31.68"
"CANDIDATE COMMITTEE","DAVID HILL FOR HOUSE DISTRICT 50","USPS","POSTAGE","6/26/2026","WY ","FILED","78"
"CANDIDATE COMMITTEE","EDWARDS FOR WYOMING","MENARDS","CAMPAIGN YARD SIGNS, BUTTONS, PENS, ETC.","6/26/2026","CHEYENNE, WY 82009","FILED","4.06"
"CANDIDATE COMMITTEE","ERICKSON FOR HD 37","VISTAPRINT","PRINTING","6/26/2026","WY ","FILED","255.42"
"CANDIDATE COMMITTEE","FRIENDS OF GAVIN LOBMEYER ","AMAZON","CAMPAIGN YARD SIGNS, BUTTONS, PENS, ETC.","6/26/2026","WY ","FILED","286.75"
"CANDIDATE COMMITTEE","HARSHMAN FOR WYOMING","REEDS WRAPS","CAMPAIGN YARD SIGNS, BUTTONS, PENS, ETC.","6/26/2026","CASPER, WY 82601","FILED","737.25"
"CANDIDATE","KAREN WEBER ","FRESH FOODS ","FOOD AND BEVERAGES","6/26/2026","TORRINGTON, WY ","FILED","31.14"
"CANDIDATE","KAREN WEBER ","VANDEL DRUGS","OFFICE SUPPLIES","6/26/2026","TORRINGTON, WY ","FILED","25.2"
"CANDIDATE COMMITTEE","KENNETH D. ROBERTS","VISTA PRINT","CAMPAIGN YARD SIGNS, BUTTONS, PENS, ETC.","6/26/2026","WALTHAM, MA 02451","FILED","137.11"
"CANDIDATE COMMITTEE","KEVIN HELLING FOR WYOMING","AMAZON.COM","ADVERTISING - MISC.","6/26/2026","SEATTLE, WA 98109","FILED","343.2"
"CANDIDATE","KEVIN JOHN CAMPBELL ","STAPLES","ADMINISTRATIVE COSTS","6/26/2026","CASPER, WY ","FILED","90.86"
"CANDIDATE COMMITTEE","LAUREN SCHOENFELD FOR WYOMING","PBR PRINTING","CAMPAIGN YARD SIGNS, BUTTONS, PENS, ETC.","6/26/2026","CHEYENNE, WY 82009","FILED","603.75"
"CANDIDATE","LISA L. ENGEBRETSEN ","AUDIE JEANS","ADVERTISING - MISC.","6/26/2026","CASPER, WY 82601","FILED","746.03"
"CANDIDATE","LISA L. ENGEBRETSEN ","CENTRAL WY GRAPHICS","CAMPAIGN YARD SIGNS, BUTTONS, PENS, ETC.","6/26/2026","CASPER, WY 82601","FILED","215"
"CANDIDATE","MARCIA JOANN NEUMILLER ","CENTRAL WYOMING FAIR & RODEO","ADVERTISING - MISC.","6/26/2026","CASPER, WY 82604","FILED","30"
"CANDIDATE","MARCIA JOANN NEUMILLER ","JANE PETERSON","GRAPHICS/WEBSITE FEES","6/26/2026","CASPER, WY 82604","FILED","150"
"CANDIDATE","MARCIA JOANN NEUMILLER ","UPSLOPE MEDIA","ADVERTISING - NEWSPAPER","6/26/2026","CASPER, WY 82602","FILED","400"
"CANDIDATE","MEAGAN HERRINGTON ","ADAMS MEDIA","ADVERTISING - DIGITAL","6/26/2026","WY ","FILED","900"
"CANDIDATE","MEAGAN HERRINGTON ","ADAMS MEDIA","ADVERTISING - MISC.","6/26/2026","WY ","FILED","300"
"CANDIDATE COMMITTEE","MEGAN FOR GOVERNOR","ALLIANCE FORGE ELECTION TECHNOLOGY","ADVERTISING - DIGITAL","6/26/2026","SPARKS, NV 89436","FILED","47.53"
"CANDIDATE COMMITTEE","MEGAN FOR GOVERNOR","ALLIANCE FORGE ELECTION TECHNOLOGY","ADVERTISING - DIGITAL","6/26/2026","SPARKS, NV 89436","FILED","378.07"
"CANDIDATE COMMITTEE","MEGAN FOR GOVERNOR","ALLIANCE FORGE ELECTION TECHNOLOGY","ADVERTISING - DIGITAL","6/26/2026","SPARKS, NV 89436","FILED","174.9"
"CANDIDATE COMMITTEE","MEGAN FOR GOVERNOR","ALLIANCE FORGE ELECTION TECHNOLOGY","ADVERTISING - DIGITAL","6/26/2026","SPARKS, NV 89436","FILED","6.69"
"CANDIDATE COMMITTEE","MEGAN FOR GOVERNOR","ALLIANCE FORGE ELECTION TECHNOLOGY","ADVERTISING - DIGITAL","6/26/2026","SPARKS, NV 89436","FILED","6.44"
"CANDIDATE COMMITTEE","MEGAN FOR GOVERNOR","ALLIANCE FORGE ELECTION TECHNOLOGY","ADVERTISING - DIGITAL","6/26/2026","SPARKS, NV 89436","FILED","48.65"
"CANDIDATE COMMITTEE","MEGAN FOR GOVERNOR","ALLIANCE FORGE ELECTION TECHNOLOGY","ADVERTISING - DIGITAL","6/26/2026","SPARKS, NV 89436","FILED","74.94"
"CANDIDATE COMMITTEE","MEGAN FOR GOVERNOR","ALLIANCE FORGE ELECTION TECHNOLOGY","ADVERTISING - DIGITAL","6/26/2026","SPARKS, NV 89436","FILED","112.5"
"CANDIDATE COMMITTEE","MEGAN FOR GOVERNOR","ALLIANCE FORGE ELECTION TECHNOLOGY","ADVERTISING - DIGITAL","6/26/2026","SPARKS, NV 89436","FILED","65.62"
"CANDIDATE COMMITTEE","MEGAN FOR GOVERNOR","ALLIANCE FORGE ELECTION TECHNOLOGY","ADVERTISING - DIGITAL","6/26/2026","SPARKS, NV 89436","FILED","46.13"
"CANDIDATE COMMITTEE","MEGAN FOR GOVERNOR","ALLIANCE FORGE ELECTION TECHNOLOGY","ADVERTISING - DIGITAL","6/26/2026","SPARKS, NV 89436","FILED","8.96"
"CANDIDATE COMMITTEE","MEGAN FOR GOVERNOR","BATTLEFIELD LLC","CONSULTING","6/26/2026","MOUNT VERNON, NY 10550","FILED","184.37"
"CANDIDATE COMMITTEE","MEGAN FOR GOVERNOR","CHAIN BRIDGE BANK, N.A.","BANKING ","6/26/2026","MCLEAN, WY 22101","FILED","125"
"CANDIDATE COMMITTEE","MEGAN FOR GOVERNOR","HALEY DAVIS","TRAVEL (HOTEL, GAS, ETC.)","6/26/2026","CHEYENNE, WY 82009","FILED","597.73"
"CANDIDATE COMMITTEE","MEGAN FOR GOVERNOR","JOSHUA ESPINOSA","PAYROLL","6/26/2026","CHEYENNE, WY 82001","FILED","1000"
"CANDIDATE COMMITTEE","MEGAN FOR GOVERNOR","META PLATFORMS (FACEBOOK)","ADVERTISING - DIGITAL","6/26/2026","MENLO PARK, CA 94025","FILED","75"
"CANDIDATE COMMITTEE","MEGAN FOR GOVERNOR","SRCP MEDIA","ADVERTISING - MISC.","6/26/2026","ALEXANDRIA, VA 22314","FILED","19663"
"CANDIDATE COMMITTEE","MEGAN FOR GOVERNOR","WINRED TECHNICAL SERVICES","BANKING ","6/26/2026","CHEYENNE, WY 82001","FILED","67.97"
"CANDIDATE COMMITTEE","MYCA FOR SHERIDAN","ALPHA GRAPHICS","CAMPAIGN YARD SIGNS, BUTTONS, PENS, ETC.","6/26/2026","WY ","FILED","696.03"
"CANDIDATE","PEPPER L OTTMAN ","THE RANGER","ADVERTISING - NEWSPAPER","6/26/2026","RIVERTON, WY 82501","FILED","400"
"CANDIDATE","R. J. KOST ","BLAIR'S MARKET","FOOD AND BEVERAGES","6/26/2026","POWELL, WY 82435","FILED","41.93"
"CANDIDATE COMMITTEE","REINER FOR WYOMING","USPS","POSTAGE","6/26/2026","CHEYENNE, WY 82009","FILED","46.8"
"CANDIDATE","ROY BIRT ","BOMGAARS","CAMPAIGN YARD SIGNS, BUTTONS, PENS, ETC.","6/26/2026","WHEATLAND, WY 82201","FILED","5.08"
"CANDIDATE","ROY BIRT ","SIGNS ON THE CHEAP","CAMPAIGN YARD SIGNS, BUTTONS, PENS, ETC.","6/26/2026","WY ","FILED","475.28"
"CANDIDATE","SCOTT SMITH JR","HOLIDAY INN EXPRESS","TRAVEL (HOTEL, GAS, ETC.)","6/26/2026","ROCK SPRINGS, WY ","FILED","181.42"
"CANDIDATE COMMITTEE","SERVER FOR WY","CANVA","IT SERVICES","6/26/2026","WY ","FILED","20"
"CANDIDATE COMMITTEE","SHORT FOR STATE","ENTERPRISE RENT A CAR","TRAVEL (HOTEL, GAS, ETC.)","6/26/2026","WY ","FILED","1049.22"
"CANDIDATE COMMITTEE","SHORT FOR STATE","HX STATION","TRAVEL (HOTEL, GAS, ETC.)","6/26/2026","WY ","FILED","89.3"
"CANDIDATE COMMITTEE","SHORT FOR STATE","L.O.T.R.A.","CANDIDATE/COMMITTEE CONTRIBUTION","6/26/2026","WY ","FILED","50"
"CANDIDATE COMMITTEE","SHORT FOR STATE","PBR PRINTING","CAMPAIGN YARD SIGNS, BUTTONS, PENS, ETC.","6/26/2026","WY ","FILED","290.59"
"CANDIDATE COMMITTEE","SINGH FOR WYOMING","WIX.COM","GRAPHICS/WEBSITE FEES","6/26/2026","WY ","FILED","204"
"CANDIDATE COMMITTEE","THE FRIENDS TO ELECT MARK JONES","DOLLAR GENERAL","FOOD AND BEVERAGES","6/26/2026","BUFFALO, WY 82834","FILED","17.45"
"CANDIDATE COMMITTEE","THE PEOPLE FOR PROVENZA","LARAMIE JUBILEE DAYS","OTHER: PARADE FLOAT FEE","6/26/2026","LARAMIE, WY ","FILED","10"
"CANDIDATE","TINA JOHNSON ","SIGNS ON THE CHEAP","CAMPAIGN YARD SIGNS, BUTTONS, PENS, ETC.","6/26/2026","WY ","FILED","352.57"
"CANDIDATE","TINA JOHNSON ","VISTA PRINT","ADVERTISING - MISC.","6/26/2026","WY ","FILED","440.11"
"CANDIDATE COMMITTEE","VOTE BOLLER HD52 ","FAMILY DOLLAR","FOOD AND BEVERAGES","6/26/2026","GILLETTE, WY 82716","FILED","40.41"
"CANDIDATE COMMITTEE","VOTE BOLLER HD52 ","HOME DEPOT","CAMPAIGN YARD SIGNS, BUTTONS, PENS, ETC.","6/26/2026","GILLETTE, WY 82716","FILED","53.95"
"CANDIDATE COMMITTEE","WILLIAMS 4 WYOMING","RMC","CONSULTING","6/26/2026","LAS VEGAS, NV 89117","FILED","81.98"
"CANDIDATE COMMITTEE","WILLIAMS 4 WYOMING","RMC","CONSULTING","6/26/2026","LAS VEGAS, NV 89117","FILED","2649"
"CANDIDATE COMMITTEE","WILLIAMS 4 WYOMING","TREASURED MEMORIES","CAMPAIGN YARD SIGNS, BUTTONS, PENS, ETC.","6/26/2026","LAS VEGAS, NV 89117","FILED","74.88"
"CANDIDATE COMMITTEE","WRIGHT4WYOMING","MAKE STICKERS","CAMPAIGN YARD SIGNS, BUTTONS, PENS, ETC.","6/26/2026","","FILED","176.65"
"CANDIDATE COMMITTEE","WRIGHT4WYOMING","ZAZZLE","CAMPAIGN YARD SIGNS, BUTTONS, PENS, ETC.","6/26/2026","","FILED","47.59"
"CANDIDATE COMMITTEE","ALLEN HOGG FOR WYOMING","VISTAPRINT","CAMPAIGN YARD SIGNS, BUTTONS, PENS, ETC.","6/25/2026","WY ","FILED","45.74"
"CANDIDATE COMMITTEE","ANGELOS FOR WYOMING","AMAZON","CAMPAIGN YARD SIGNS, BUTTONS, PENS, ETC.","6/25/2026","CANTON, MA ","FILED","379.8"
"CANDIDATE","ART WASHUT ","ZAZZLE","CAMPAIGN YARD SIGNS, BUTTONS, PENS, ETC.","6/25/2026","REDWOOD CITY, CA 94063","FILED","124.71"
"CANDIDATE COMMITTEE","BARLOW FOR WYOMING","LANDER CHAMBER OF COMMERCE","ADVERTISING - MISC.","6/25/2026","LANDER, WY 82520","FILED","100"
"CANDIDATE COMMITTEE","BARLOW FOR WYOMING","RIVERTON RANGER","ADVERTISING - MISC.","6/25/2026","RIVERTON, WY 08250","FILED","250"
"CANDIDATE COMMITTEE","BIGELOW FOR HD51","FIRST INTERSTATE BANK","BANKING ","6/25/2026","SHERIDAN, WY 82801","FILED","2"
"CANDIDATE COMMITTEE","BINGHAM FOR WYOMING","360 ONLINEPRINT ","CAMPAIGN YARD SIGNS, BUTTONS, PENS, ETC.","6/25/2026","","FILED","64.9"
"CANDIDATE COMMITTEE","BRENT BIEN FOR GOVERNOR","FACEBOOK","ADVERTISING - DIGITAL","6/25/2026","WY ","FILED","69"
"CANDIDATE COMMITTEE","BUTCHER FOR WYOMING","COMMON CENTS","TRAVEL (HOTEL, GAS, ETC.)","6/25/2026","WY ","FILED","75"
"CANDIDATE COMMITTEE","BUTCHER FOR WYOMING","NATION BUILDER","ADMINISTRATIVE COSTS","6/25/2026","WY ","FILED","208"
"CANDIDATE COMMITTEE","CARLIN JONES FOR WYOMING","HOLIDAY INN","TRAVEL (HOTEL, GAS, ETC.)","6/25/2026","THERMOPOLIS, WY ","FILED","222.38"
"CANDIDATE COMMITTEE","CARLIN JONES FOR WYOMING","IN THERMOPOLIS","ADVERTISING - MISC.","6/25/2026","THERMOPOLIS, WY ","FILED","305.55"
"CANDIDATE COMMITTEE","CHAD AUER FOR WYOMING","OFFICE DEPOT","PRINTING","6/25/2026","CHEYENNE, WY 82009","FILED","180.05"
"CANDIDATE","CHRISTOPHER DRESANG ","STICKERMULE","ADVERTISING - MISC.","6/25/2026","WY ","FILED","109.18"
"CANDIDATE COMMITTEE","COALITION TO ELECT JOHN BEAR","ANEDOT","BANKING ","6/25/2026","","FILED","2.3"
"CANDIDATE COMMITTEE","COMMITTEE TO ELECT ANNE ZIEGENHORN","ORIENTAL TRADING COMPANY","CAMPAIGN YARD SIGNS, BUTTONS, PENS, ETC.","6/25/2026","OMAHA, NE 68103","FILED","247.46"
"CANDIDATE COMMITTEE","COMMITTEE TO ELECT DWAYNE DILLINGER","AMAZON","FOOD AND BEVERAGES","6/25/2026","WY ","FILED","185.78"
"CANDIDATE COMMITTEE","COMMITTEE TO ELECT JD WILLIAMS ","UBER","TRAVEL (HOTEL, GAS, ETC.)","6/25/2026","SAN FRANSISCO, CA 94158","FILED","7"
"CANDIDATE COMMITTEE","COMMITTEE TO ELECT KEN PENDERGRAFT","IONOS","GRAPHICS/WEBSITE FEES","6/25/2026","WY ","FILED","22.5"
"CANDIDATE COMMITTEE","COSTELLO FOR CASPER","AMBI MAIL AND MARKETING","CAMPAIGN YARD SIGNS, BUTTONS, PENS, ETC.","6/25/2026","WY ","FILED","130.54"
"CANDIDATE COMMITTEE","DAVID HILL FOR HOUSE DISTRICT 50","MAJORITY STRATEGIES","ADVERTISING - MISC.","6/25/2026","","FILED","2701.77"
"CANDIDATE COMMITTEE","FRIENDS OF JULIE JARVIS","USPS","POSTAGE","6/25/2026","CASPER, WY 82602","FILED","1560"
"CANDIDATE COMMITTEE","HARSHMAN FOR WYOMING","TRACTOR SUPPLY","CAMPAIGN YARD SIGNS, BUTTONS, PENS, ETC.","6/25/2026","CASPER, WY 82604","FILED","32.38"
"CANDIDATE COMMITTEE","LAUREN SCHOENFELD FOR WYOMING","OLSON STRATEGIES","ADVERTISING - MISC.","6/25/2026","ALEXANDRIA, VA 22314","FILED","3800"
"CANDIDATE","LISA L. ENGEBRETSEN ","CENTRAL WYOMING FAIR & RODEO","ADVERTISING - MISC.","6/25/2026","CASPER, WY 82604","FILED","41.2"
"CANDIDATE","LLOYD CHARLES LARSEN ","NS GROUP","CONSULTING","6/25/2026","MERIDIAN, ID ","FILED","2500"
"CANDIDATE","MARLENE BRADY ","ACE HARDWARE","OFFICE SUPPLIES","6/25/2026","GREEN RIVER, WY 82935","FILED","48.7"
"CANDIDATE COMMITTEE","MEGAN FOR GOVERNOR","BATTLEFIELD LLC","CONSULTING","6/25/2026","MOUNT VERNON, NY 10550","FILED","12.5"
"CANDIDATE COMMITTEE","MEGAN FOR GOVERNOR","DUBOIS WY CHAMBER OF COMMERCE","ENTERTAINMENT","6/25/2026","DUBOIS, WY 82513","FILED","50"
"CANDIDATE COMMITTEE","MEGAN FOR GOVERNOR","META PLATFORMS (FACEBOOK)","ADVERTISING - DIGITAL","6/25/2026","MENLO PARK, CA 94025","FILED","75"
"CANDIDATE COMMITTEE","MEGAN FOR GOVERNOR","WINRED TECHNICAL SERVICES","BANKING ","6/25/2026","CHEYENNE, WY 82001","FILED","4.73"
"CANDIDATE","NEIL JESKE ","MENARDS","OTHER: CAMPAIGN SUPPLIES","6/25/2026","CASPER, WY ","FILED","18.93"
"CANDIDATE","NEIL JESKE ","WALGREENS","PRINTING","6/25/2026","CASPER, WY 82604","FILED","540.77"
"CANDIDATE","PETER BOYER ","ANDREW WHITEHEAD","IT SERVICES","6/25/2026","BAR NUNN, WY 82601","FILED","500"
"CANDIDATE","QWENTON EAGLE OVIATT ","LOVES","TRAVEL (HOTEL, GAS, ETC.)","6/25/2026","LARAMIE, WY ","FILED","27.27"
"CANDIDATE COMMITTEE","REINER FOR WYOMING","OFFICE DEPOT","ADMINISTRATIVE COSTS","6/25/2026","CHEYENNE, WY 82009","FILED","27.26"
"CANDIDATE COMMITTEE","REINER FOR WYOMING","PBR","PRINTING","6/25/2026","CHEYENNE, WY 82009","FILED","370.97"
"CANDIDATE COMMITTEE","SCHRIFTMAN FOR STATE HOUSE","KYLIE WALL","CONSULTING","6/25/2026","WY ","FILED","500"
"CANDIDATE COMMITTEE","SCHRIFTMAN FOR STATE HOUSE","OUT OF THE BOX","OTHER: VOTER FILE SYSTEM","6/25/2026"," , CO ","FILED","398.2"
"CANDIDATE COMMITTEE","SCHRIFTMAN FOR STATE HOUSE","POSTMASTER","POSTAGE","6/25/2026","WY ","FILED","82.68"
"CANDIDATE COMMITTEE","SCHRIFTMAN FOR STATE HOUSE","POSTMASTER","POSTAGE","6/25/2026","WY ","FILED","863.46"
"CANDIDATE COMMITTEE","SCHRIFTMAN FOR STATE HOUSE","STAPLES","OFFICE SUPPLIES","6/25/2026","WY ","FILED","170.13"
"CANDIDATE COMMITTEE","SCHRIFTMAN FOR STATE HOUSE","VISTA PRINT","PRINTING","6/25/2026","MA ","FILED","406.5"
"CANDIDATE","SCOTT SMITH JR","BROTHERUSA.COM","OFFICE SUPPLIES","6/25/2026","WY ","FILED","441.51"
"CANDIDATE","SCOTT SMITH JR","M PRINTS 91","ADVERTISING - MISC.","6/25/2026","TORRINGTON, WY 82240","FILED","90.81"
"CANDIDATE COMMITTEE","SHANNON A. BRENNAN FOR WY HOUSE D23","ALPHA GRAPHICS","CAMPAIGN YARD SIGNS, BUTTONS, PENS, ETC.","6/25/2026","JACKSON, WY 83001","FILED","5000"
"CANDIDATE COMMITTEE","SHORT FOR STATE","4IMPRINT","CAMPAIGN YARD SIGNS, BUTTONS, PENS, ETC.","6/25/2026","WY ","FILED","466.23"
"CANDIDATE COMMITTEE","SHORT FOR STATE","PIT STOP","TRAVEL (HOTEL, GAS, ETC.)","6/25/2026","WY ","FILED","32.91"
"CANDIDATE COMMITTEE","STACY JONES FOR SENATE DISTRICT 13","RADIANT MFG","ADVERTISING - MISC.","6/25/2026","WY ","FILED","73.14"
"CANDIDATE COMMITTEE","STACY JONES FOR SENATE DISTRICT 13","WAL MART","ADVERTISING - MISC.","6/25/2026","WY ","FILED","98.88"
"CANDIDATE","TONY LOCKE ","AMAZON","CAMPAIGN YARD SIGNS, BUTTONS, PENS, ETC.","6/25/2026","","FILED","90.1"
"CANDIDATE","TONY LOCKE ","OUT OF BOX PERFORMANCE","ADVERTISING - MISC.","6/25/2026","","FILED","223.8"
"CANDIDATE","TREY LYNN SHERWOOD ","DIGITAL BLUES","CAMPAIGN YARD SIGNS, BUTTONS, PENS, ETC.","6/25/2026","LARAMIE, WY 82070","FILED","350"
"CANDIDATE","TREY LYNN SHERWOOD ","DIGITAL BLUES","PRINTING","6/25/2026","LARAMIE, WY 82070","FILED","52.61"
"CANDIDATE COMMITTEE","WRIGHT4WYOMING","AMAZON","ADVERTISING - MISC.","6/25/2026","","FILED","201.39"
"CANDIDATE","ALBERT SOMMERS ","MESA","ADVERTISING - MISC.","6/24/2026","WY ","FILED","500"
"CANDIDATE","ALBERT SOMMERS ","WIND RIVER BROADCASTING","ADVERTISING - RADIO","6/24/2026","PINEDALE, WY ","FILED","325"
"CANDIDATE COMMITTEE","BINGHAM FOR WYOMING","WINRED TECHNICAL SERVICES LLC","BANKING ","6/24/2026","","FILED","2.05"
"CANDIDATE COMMITTEE","BRENNAN FOR SENATE","HOBBY LOBBY","CAMPAIGN YARD SIGNS, BUTTONS, PENS, ETC.","6/24/2026","CHEYNNE, WY 82009","PUBLISHED","14.66"
"CANDIDATE COMMITTEE","BRENNAN FOR SENATE","WALMART","CAMPAIGN YARD SIGNS, BUTTONS, PENS, ETC.","6/24/2026","CHEYENNE, WY 82009","PUBLISHED","29.74"
"CANDIDATE","CARL MANNING ","CAMPAIGN PARTNER","GRAPHICS/WEBSITE FEES","6/24/2026","HARVARD, MA 01451","FILED","29"
"CANDIDATE COMMITTEE","COMMITTEE TO ELECT BOB DAVIS","CONOCO COUNTRY STORE","TRAVEL (HOTEL, GAS, ETC.)","6/24/2026","WY ","FILED","41.71"
"CANDIDATE COMMITTEE","COMMITTEE TO ELECT BOB DAVIS","SARATOGA HOT SPRINGS","TRAVEL (HOTEL, GAS, ETC.)","6/24/2026","WY ","FILED","307.27"
"CANDIDATE COMMITTEE","COMMITTEE TO ELECT BRITNEY TENNANT","BARRETT CREEK COFFEE","FOOD AND BEVERAGES","6/24/2026","CHEYENNE, WY 82001","FILED","17.13"
"CANDIDATE COMMITTEE","COMMITTEE TO ELECT DOUGLAS MOORE","CUSTOM PRINTS","ADVERTISING - MISC.","6/24/2026","WY ","FILED","886.41"
"CANDIDATE COMMITTEE","COMMITTEE TO ELECT DOUGLAS MOORE","FRIDA'S","FOOD AND BEVERAGES","6/24/2026","WY ","FILED","125.99"
"CANDIDATE COMMITTEE","COMMITTEE TO ELECT EARL COLLIER FOR HOUSE DISTRICT 3","OFFICE DEPOT","OFFICE SUPPLIES","6/24/2026","WY ","FILED","84.49"
"CANDIDATE COMMITTEE","COMMITTEE TO ELECT EARL COLLIER FOR HOUSE DISTRICT 3","TURNCOAT AGENCY","GRAPHICS/WEBSITE FEES","6/24/2026","WY ","FILED","1025"
"CANDIDATE COMMITTEE","COMMITTEE TO ELECT EARL COLLIER FOR HOUSE DISTRICT 3","WALMART","OFFICE SUPPLIES","6/24/2026","WY ","FILED","95.36"
"CANDIDATE COMMITTEE","COMMITTEE TO ELECT GREG SCHREURS","SIR SPEEDY","PRINTING","6/24/2026","GILLETTE, WY 82718","FILED","84.88"
"CANDIDATE COMMITTEE","COMMITTEE TO ELECT JD WILLIAMS ","RAPID CITY REGIONAL AIRPORT","TRAVEL (HOTEL, GAS, ETC.)","6/24/2026","RAPID CITY, CA 57701","FILED","36"
"CANDIDATE COMMITTEE","COMMITTEE TO ELECT JD WILLIAMS ","UBER","TRAVEL (HOTEL, GAS, ETC.)","6/24/2026","SAN FRANSISCO, CA 94158","FILED","21.93"
"CANDIDATE COMMITTEE","COMMITTEE TO ELECT KRISTI RACINES","ARBUCKLE LODGE","TRAVEL (HOTEL, GAS, ETC.)","6/24/2026","WY ","FILED","126.29"
"CANDIDATE COMMITTEE","COMMITTEE TO ELECT KRISTI RACINES","MAVERICK","TRAVEL (HOTEL, GAS, ETC.)","6/24/2026","WY ","FILED","63.93"
"CANDIDATE COMMITTEE","COMMITTEE TO ELECT TROY CLAYCOMB","PIZZA BARN","FOOD AND BEVERAGES","6/24/2026","GILLETTE, WY 82716","FILED","96.69"
"CANDIDATE","DEB MUTTER SHAMLEY ","DOLLAR TREE","OFFICE SUPPLIES","6/24/2026","CHEYENNE, WY 82001","FILED","5.25"
"CANDIDATE COMMITTEE","EAMON O'TOOLE FOR WYOMING","MAVERICK","TRAVEL (HOTEL, GAS, ETC.)","6/24/2026","SARATOGA, WY 82331","FILED","81.97"
"CANDIDATE COMMITTEE","EDWARDS FOR WYOMING","PBR PRINTING","PRINTING","6/24/2026","CHEYENNE, WY 82009","FILED","393.75"
"CANDIDATE","EXIE R BROWN JR","OUT OF THE BOX PERFORMANCE","ADMINISTRATIVE COSTS","6/24/2026","COLORADO SPRINGS, CO 80909","FILED","210.84"
"CANDIDATE","EXIE R BROWN JR","PBR PRINTING","PRINTING","6/24/2026","CHEYENNE, WY 82009","FILED","1573.07"
"CANDIDATE COMMITTEE","FORNSTROM FOR HD10","THE BOARDROOM","FOOD AND BEVERAGES","6/24/2026","CHEYENNE, WY 82001","FILED","204.07"
"CANDIDATE COMMITTEE","FORNSTROM FOR HD10","THE BOARDROOM","FOOD AND BEVERAGES","6/24/2026","CHEYENNE, WY 82001","FILED","468.51"
"CANDIDATE COMMITTEE","GERINGER FOR WYOMING","USPS","POSTAGE","6/24/2026","WY ","FILED","78"
"CANDIDATE","JAMES T CORKERY JR","FIRST STATE BANK","BANKING ","6/24/2026","CASPER, WY 82601","FILED","31.72"
"CANDIDATE","JAMES T CORKERY JR","SUPER CHEAP SIGNS","CAMPAIGN YARD SIGNS, BUTTONS, PENS, ETC.","6/24/2026","CEDAR PARK, TX 78613","FILED","1015.38"
"CANDIDATE","JAMES TEMPLE ","WAL MART","OFFICE SUPPLIES","6/24/2026","WY ","FILED","37.1"
"CANDIDATE COMMITTEE","KEVIN HELLING FOR WYOMING","AMBI MAIL AND MARKETING","CAMPAIGN YARD SIGNS, BUTTONS, PENS, ETC.","6/24/2026","CASPER, WY 82602","FILED","1287.64"
"CANDIDATE COMMITTEE","KEVIN HELLING FOR WYOMING","SAM'S CLUB","FOOD AND BEVERAGES","6/24/2026","CASPER, WY 82609","FILED","63.54"
"CANDIDATE","LISA L. ENGEBRETSEN ","WALMART","CAMPAIGN YARD SIGNS, BUTTONS, PENS, ETC.","6/24/2026","CASPER, WY 82604","FILED","104.88"
"CANDIDATE","MARLENE BRADY ","MURDOCH'S","OFFICE SUPPLIES","6/24/2026","ROCK SPRINGS, WY 82901","FILED","9.51"
"CANDIDATE","MARLENE BRADY ","WALMART","OFFICE SUPPLIES","6/24/2026","ROCK SPRINGS, WY 82901","FILED","60.45"
"CANDIDATE","MATTHEW HURT ","AMAZON","CAMPAIGN YARD SIGNS, BUTTONS, PENS, ETC.","6/24/2026","CHEYENNE, WY 82001","FILED","200.26"
"CANDIDATE","MEAGAN HERRINGTON ","AMAZON","ADVERTISING - MISC.","6/24/2026","WY ","FILED","42.48"
"CANDIDATE COMMITTEE","MEGAN FOR GOVERNOR","BATTLEFIELD LLC","CONSULTING","6/24/2026","MOUNT VERNON, NY 10550","FILED","33.5"
"CANDIDATE COMMITTEE","MEGAN FOR GOVERNOR","BIG D","TRAVEL (HOTEL, GAS, ETC.)","6/24/2026","CHEYENNE, WY 82007","FILED","119.67"
"CANDIDATE COMMITTEE","MEGAN FOR GOVERNOR","META PLATFORMS (FACEBOOK)","ADVERTISING - DIGITAL","6/24/2026","MENLO PARK, CA 94025","FILED","150"
"CANDIDATE COMMITTEE","MEGAN FOR GOVERNOR","WINRED TECHNICAL SERVICES","BANKING ","6/24/2026","CHEYENNE, WY 82001","FILED","132.21"
"CANDIDATE","NEIL JESKE ","MENARDS","OFFICE SUPPLIES","6/24/2026","CASPER, WY ","FILED","9.75"
"CANDIDATE","NEIL JESKE ","SUPERCHEAPSIGNS.COM","CAMPAIGN YARD SIGNS, BUTTONS, PENS, ETC.","6/24/2026","WY ","FILED","350.42"
"CANDIDATE","PAUL L WING ","ATLAS REPRODUCTIONS","CAMPAIGN YARD SIGNS, BUTTONS, PENS, ETC.","6/24/2026","CASPER, WY 82602","FILED","152.25"
"CANDIDATE","QWENTON EAGLE OVIATT ","BUC EE'S","TRAVEL (HOTEL, GAS, ETC.)","6/24/2026","BERTHOD, CO ","FILED","40.38"
"CANDIDATE","R. J. KOST ","BECOME PEACEMAKERS","CANDIDATE/COMMITTEE CONTRIBUTION","6/24/2026","WY ","FILED","52.4"
"CANDIDATE","ROBERT L HENDRY ","N.C. REPUBLICAN WOMEN","OTHER: BOOTH SPACE","6/24/2026","CASPER, WY 82601","AMEND - ADD","350"
"CANDIDATE","ROBERT L HENDRY ","SAM’S CLUB","FOOD AND BEVERAGES","6/24/2026","CASPER, WY 82609","AMEND - ADD","58.07"
"CANDIDATE","SCOTT SMITH JR","VISTAPRINT.COM","ADVERTISING - MISC.","6/24/2026","WY ","FILED","222.33"
"CANDIDATE COMMITTEE","SHANNON A. BRENNAN FOR WY HOUSE D23","FRANK CHAPMAN FOR CONGRESS","CANDIDATE/COMMITTEE CONTRIBUTION","6/24/2026","MORAN, WY 83013","FILED","10"
"CANDIDATE COMMITTEE","SHORT FOR STATE","WESTERN COOPERATIVE","TRAVEL (HOTEL, GAS, ETC.)","6/24/2026","WY ","FILED","26.91"
"CANDIDATE COMMITTEE","THE FRIENDS TO ELECT MARK JONES","DJ'S GROCERY","FOOD AND BEVERAGES","6/24/2026","BUFFALO, WY 82834","FILED","9.18"
"CANDIDATE COMMITTEE","THE FRIENDS TO ELECT MARK JONES","DOLLAR GENERAL","FOOD AND BEVERAGES","6/24/2026","BUFFALO, WY 82834","FILED","20.15"
"CANDIDATE COMMITTEE","THE FRIENDS TO ELECT MARK JONES","PAYPAL","GRAPHICS/WEBSITE FEES","6/24/2026","SAN JOSE, CA ","FILED","3.48"
"CANDIDATE COMMITTEE","VOTE BOLLER HD52 ","HOME DEPOT","CAMPAIGN YARD SIGNS, BUTTONS, PENS, ETC.","6/24/2026","GILLETTE, WY 82716","FILED","122.93"
"CANDIDATE COMMITTEE","VOTE BOLLER HD52 ","HOME DEPOT","CAMPAIGN YARD SIGNS, BUTTONS, PENS, ETC.","6/24/2026","GILLETTE, WY 82716","FILED","27.01"
"CANDIDATE COMMITTEE","WRIGHT4WYOMING","AMAZON","OTHER: OTHER","6/24/2026","","FILED","148.39"
"CANDIDATE COMMITTEE","WRIGHT4WYOMING","STICKER MULE","CAMPAIGN YARD SIGNS, BUTTONS, PENS, ETC.","6/24/2026","","FILED","279.83"
"CANDIDATE COMMITTEE","ANGELOS FOR WYOMING","SIR SPEEDY","PRINTING","6/23/2026","GILLETTE, WY ","FILED","165.6"
"CANDIDATE COMMITTEE","BARLOW FOR WYOMING","ARTS IN ACTION","ADVERTISING - MISC.","6/23/2026","RIVERTON, WY 82501","FILED","65"
"CANDIDATE COMMITTEE","BARLOW FOR WYOMING","CENTRAL WYOMING FAIR AND RODEO","ADVERTISING - MISC.","6/23/2026","CASPER, WY 82604","FILED","40"
"CANDIDATE COMMITTEE","BARLOW FOR WYOMING","LANDER CHAMBER OF COMMERCE","ADVERTISING - MISC.","6/23/2026","LANDER, WY 82520","FILED","100"
"CANDIDATE COMMITTEE","BARLOW FOR WYOMING","LILY CRAGO","CONSULTING","6/23/2026","LARAMIE, WY 82070","FILED","250.03"
"CANDIDATE COMMITTEE","BARLOW FOR WYOMING","LOTRA","ADVERTISING - MISC.","6/23/2026","LANDER, WY 82520","FILED","50"
"CANDIDATE COMMITTEE","BARLOW FOR WYOMING","RADIANT MANUFACTURING","CAMPAIGN YARD SIGNS, BUTTONS, PENS, ETC.","6/23/2026","ROCK SPRINGS, WY 82902","FILED","6725.7"
"CANDIDATE COMMITTEE","BARLOW FOR WYOMING","ROCK SPRINGS CHAMBER OF COMMERCE","ADVERTISING - MISC.","6/23/2026","ROCK SPRINGS, WY 82902","FILED","250"
"CANDIDATE COMMITTEE","BARLOW FOR WYOMING","SUBLETTE COUNTY FAIR BOARD","ADVERTISING - MISC.","6/23/2026","BIG PINEY, WY 83113","FILED","50"
"CANDIDATE COMMITTEE","BARLOW FOR WYOMING","THAT EMBROIDERY PLACE","CAMPAIGN YARD SIGNS, BUTTONS, PENS, ETC.","6/23/2026","GILLETTE, WY 82718","FILED","555.45"
"CANDIDATE COMMITTEE","BARLOW FOR WYOMING","WESTERN PRINTING INC.","PRINTING","6/23/2026","LANDER, WY 82520","FILED","169.79"
"CANDIDATE COMMITTEE","BRENT BIEN FOR GOVERNOR","FACEBOOK","ADVERTISING - DIGITAL","6/23/2026","WY ","FILED","69"
"CANDIDATE COMMITTEE","BRENT BIEN FOR GOVERNOR","UPSLOPE MEDIA","ADVERTISING - MISC.","6/23/2026","WY ","FILED","1030"
"CANDIDATE COMMITTEE","BUTCHER FOR WYOMING","HANGAR BAR & GRILL","FOOD AND BEVERAGES","6/23/2026","WY ","FILED","28.23"
"CANDIDATE COMMITTEE","CARLIN JONES FOR WYOMING","HX STATION","TRAVEL (HOTEL, GAS, ETC.)","6/23/2026","BASIN, WY ","FILED","86.72"
"CANDIDATE COMMITTEE","CHESTEK FOR HD 13","VISTAPRINT","CAMPAIGN YARD SIGNS, BUTTONS, PENS, ETC.","6/23/2026","WY ","FILED","98.97"
"CANDIDATE COMMITTEE","COMMITTEE TO ELECT ANNE ZIEGENHORN","CAMPBELL COUNTY CHAMBER OF COMMERCE","ADVERTISING - MISC.","6/23/2026","GILLETTE, WY 82716","FILED","150"
"CANDIDATE COMMITTEE","COMMITTEE TO ELECT ANNE ZIEGENHORN","SIR SPEEDY","CAMPAIGN YARD SIGNS, BUTTONS, PENS, ETC.","6/23/2026","GILLETTE, WY 82716","FILED","1323.04"
"CANDIDATE COMMITTEE","COMMITTEE TO ELECT BRITNEY TENNANT","STICKER MULE","CAMPAIGN YARD SIGNS, BUTTONS, PENS, ETC.","6/23/2026","AMSTERDAM, NY 12010","FILED","115.5"
"CANDIDATE COMMITTEE","COMMITTEE TO ELECT DOUGLAS MOORE","SIRSPEEDY","ADVERTISING - MISC.","6/23/2026","WY ","FILED","214.18"
"CANDIDATE COMMITTEE","COMMITTEE TO ELECT GARY BROWN ","OUT OF THE BOX PERFORMANCE","CONSULTING","6/23/2026","WY ","FILED","185.34"
"CANDIDATE COMMITTEE","COMMITTEE TO ELECT GARY BROWN ","VISTAPRINT","PRINTING","6/23/2026","WY ","FILED","497.69"
"CANDIDATE COMMITTEE","COMMITTEE TO ELECT GREG SCHREURS","SIR SPEEDY","PRINTING","6/23/2026","GILLETTE, WY 82718","FILED","47.58"
"CANDIDATE COMMITTEE","COMMITTEE TO ELECT JD WILLIAMS ","BUCKHORN TRAVEL PLAZA","TRAVEL (HOTEL, GAS, ETC.)","6/23/2026","RANCHESTER, WY 82839","FILED","73.52"
"CANDIDATE COMMITTEE","COMMITTEE TO ELECT JD WILLIAMS ","QDOBA","FOOD AND BEVERAGES","6/23/2026","RAPID CITY, SD 57701","FILED","24.18"
"CANDIDATE COMMITTEE","COMMITTEE TO ELECT JD WILLIAMS ","UBER","TRAVEL (HOTEL, GAS, ETC.)","6/23/2026","SAN FRANSISCO, CA 94158","FILED","27.97"
"CANDIDATE COMMITTEE","COMMITTEE TO ELECT JESSICA CROWDER","ELECTION HIVE","ADMINISTRATIVE COSTS","6/23/2026","SALT LAKE CITY, WY 84102","FILED","94.45"
"CANDIDATE COMMITTEE","COMMITTEE TO ELECT JESSICA CROWDER","ELECTION HIVE","ADMINISTRATIVE COSTS","6/23/2026","SALT LAKE CITY, WY 84102","FILED","250"
"CANDIDATE COMMITTEE","COMMITTEE TO ELECT JESSICA CROWDER","ELECTION HIVE","CAMPAIGN YARD SIGNS, BUTTONS, PENS, ETC.","6/23/2026","SALT LAKE CITY, WY 84102","FILED","367.5"
"CANDIDATE COMMITTEE","COMMITTEE TO ELECT JESSICA CROWDER","ELECTION HIVE","CONSULTING","6/23/2026","SALT LAKE CITY, WY 84102","FILED","1500"
"CANDIDATE COMMITTEE","COMMITTEE TO ELECT JIM VANDYKE","ACTBLUE - CONTRIBUTION PROCESSING FEES","BANKING ","6/23/2026","BOSTON, MA 02196","FILED","6.73"
"CANDIDATE COMMITTEE","COMMITTEE TO ELECT OGDEN DRISKILL","MENARDS","OTHER: MISC FOR SIGNS","6/23/2026","GILLETTE, WY 82718","FILED","47.22"
"CANDIDATE COMMITTEE","COMMITTEE TO ELECT ZETA","SUPER CHEAP SIGNS ","CAMPAIGN YARD SIGNS, BUTTONS, PENS, ETC.","6/23/2026","WY ","FILED","981.21"
"CANDIDATE COMMITTEE","CONNOLLY FOR STATE HOUSE","BUFFALO BULLETIN","ADVERTISING - NEWSPAPER","6/23/2026","BUFFALO, WY 82834","FILED","882"
"CANDIDATE COMMITTEE","CONNOLLY FOR STATE HOUSE","BUFFALO BULLETIN","ADVERTISING - NEWSPAPER","6/23/2026","BUFFALO, WY 82834","FILED","587"
"CANDIDATE COMMITTEE","CONNOLLY FOR STATE HOUSE","OLSON STRATEGIES & ADVERTISING, INC","ADVERTISING - MISC.","6/23/2026","ALEXANDRIA, VA 22314","FILED","2100"
"CANDIDATE","DARIN M MCCANN ","WALMART","CAMPAIGN YARD SIGNS, BUTTONS, PENS, ETC.","6/23/2026","ROCK SPRINGS, WY 82901","FILED","22.9"
"CANDIDATE","DARIN M MCCANN ","WALMART","FOOD AND BEVERAGES","6/23/2026","ROCK SPRINGS, WY 82901","FILED","22.9"
"CANDIDATE COMMITTEE","DAVID HILL FOR HOUSE DISTRICT 50","DAVID HILL","TRAVEL (HOTEL, GAS, ETC.)","6/23/2026","WY ","FILED","203.39"
"CANDIDATE COMMITTEE","DAVID HILL FOR HOUSE DISTRICT 50","META","ADVERTISING - DIGITAL","6/23/2026","","FILED","500"
"CANDIDATE","DAVID KARL WALTON ","WESTAR PRINTING LLC","CAMPAIGN YARD SIGNS, BUTTONS, PENS, ETC.","6/23/2026","EVANSTON, WY 82930","FILED","651"
"CANDIDATE","DONNA KAY RICE ","VISTAPRINT.COM","ADVERTISING - MISC.","6/23/2026","","FILED","78.73"
"CANDIDATE","JAYME LIEN ","STAPLES","PRINTING","6/23/2026","WY ","FILED","148.39"
"CANDIDATE","LISA L. ENGEBRETSEN ","HOBBY LOBBY","CAMPAIGN YARD SIGNS, BUTTONS, PENS, ETC.","6/23/2026","CASPER, WY 82601","FILED","48.55"
"CANDIDATE","LISA L. ENGEBRETSEN ","UPSLOPE MEDIA","ADVERTISING - DIGITAL","6/23/2026","CASPER, WY 82601","FILED","375"
"CANDIDATE","LISA WILSON ","BUILDASIGN","CAMPAIGN YARD SIGNS, BUTTONS, PENS, ETC.","6/23/2026","AUSTIN, TX 78758","FILED","1213.97"
"CANDIDATE COMMITTEE","MARK JENNINGS FOR HOUSE DISTRICT 30","HOME DEPOT","CAMPAIGN YARD SIGNS, BUTTONS, PENS, ETC.","6/23/2026","SHERIDAN, WY 82801","FILED","141.99"
"CANDIDATE COMMITTEE","MARSHAL FOR WYOMING","CJ'S SIGNS","PRINTING","6/23/2026","ROCK SPRINGS, WY ","FILED","79.36"
"CANDIDATE","MATTHEW HURT ","META","ADVERTISING - DIGITAL","6/23/2026","CHEYENNE, WY 82001","FILED","27"
"CANDIDATE","MATTHEW HURT ","WALMART","CAMPAIGN YARD SIGNS, BUTTONS, PENS, ETC.","6/23/2026","CHEYENNE, WY 82001","FILED","62.73"
"CANDIDATE","MEAGAN HERRINGTON ","ADAMS MEDIA","ADVERTISING - NEWSPAPER","6/23/2026","WY ","FILED","760"
"CANDIDATE COMMITTEE","MEGAN FOR GOVERNOR","GOOD 2 GO","TRAVEL (HOTEL, GAS, ETC.)","6/23/2026","RALSTON, WY 82440","FILED","130.4"
"CANDIDATE COMMITTEE","MEGAN FOR GOVERNOR","HAT SIX TRAVEL CENTER","TRAVEL (HOTEL, GAS, ETC.)","6/23/2026","EVANSVILLE, WY 82636","FILED","76.54"
"CANDIDATE COMMITTEE","MEGAN FOR GOVERNOR","META PLATFORMS (FACEBOOK)","ADVERTISING - DIGITAL","6/23/2026","MENLO PARK, CA 94025","FILED","150"
"CANDIDATE","NEIL JESKE ","MENARDS","OFFICE SUPPLIES","6/23/2026","WY ","FILED","8.44"
"CANDIDATE","NEIL JESKE ","MENARDS","OFFICE SUPPLIES","6/23/2026","CASPER, WY ","FILED","8.44"
"CANDIDATE","NEIL JESKE ","WALGREENS.COM","PRINTING","6/23/2026","WY ","FILED","4.2"
"CANDIDATE","QWENTON EAGLE OVIATT ","K & G WESTMINSTER","CONSULTING","6/23/2026","NORTHGLENN, CO ","FILED","284.91"
"CANDIDATE","QWENTON EAGLE OVIATT ","PILOT 308","UTILITIES - GAS & ELECTRIC","6/23/2026","LARAMIE, WY ","FILED","24.58"
"CANDIDATE","ROY BIRT ","BOMGAARS","CAMPAIGN YARD SIGNS, BUTTONS, PENS, ETC.","6/23/2026","WHEATLAND, WY 82201","FILED","45.03"
"CANDIDATE","SCOTT HEINER ","GREEN RIVER RECREATION CENTER","OTHER: PARADE ENTRANCE FEE","6/23/2026","GREEN RIVER, WY 82935","FILED","40"
"CANDIDATE","SCOTT SMITH JR","SHERRIE PEIF","ADVERTISING - DIGITAL","6/23/2026","TORRINGTON, WY 82240","FILED","1250"
"CANDIDATE COMMITTEE","SHORT FOR STATE","CBH COOP","TRAVEL (HOTEL, GAS, ETC.)","6/23/2026","WY ","FILED","18.38"
"CANDIDATE COMMITTEE","SHORT FOR STATE","PBR PRINTING","ADVERTISING - MISC.","6/23/2026","WY ","FILED","216.34"
"CANDIDATE COMMITTEE","STACY JONES FOR SENATE DISTRICT 13","JIFFY","ADVERTISING - MISC.","6/23/2026","WY ","FILED","55.04"
"CANDIDATE COMMITTEE","STACY JONES FOR SENATE DISTRICT 13","WAL MART","ADVERTISING - MISC.","6/23/2026","WY ","FILED","12.25"
"CANDIDATE COMMITTEE","STACY JONES FOR SENATE DISTRICT 13","WAL MART","ADVERTISING - MISC.","6/23/2026","WY ","FILED","31.77"
"CANDIDATE COMMITTEE","STUDY4WYOMING","HOKKAIDO RAMEN","FOOD AND BEVERAGES","6/23/2026","WY ","FILED","87.77"
"CANDIDATE","TAFT CARROLL LOVE ","TIM MALM COFFEE","FOOD AND BEVERAGES","6/23/2026","ALBIN, WY ","FILED","534.82"
"CANDIDATE COMMITTEE","VOTE BOLLER HD52 ","WALMART","FOOD AND BEVERAGES","6/23/2026","GILLETTE, WY 82716","FILED","211.05"
"CANDIDATE COMMITTEE","WILLOX FOR WYOMING","CONVERSE COUNTY CLERK","ADMINISTRATIVE COSTS","6/23/2026","DOUGLAS, WY 82633","FILED","5"
"CANDIDATE COMMITTEE","WRIGHT4WYOMING","AMAZON","CAMPAIGN YARD SIGNS, BUTTONS, PENS, ETC.","6/23/2026","","FILED","121.53"
"CANDIDATE COMMITTEE","ALLEN HOGG FOR WYOMING","7 LAZY S CAFE","FOOD AND BEVERAGES","6/22/2026","THERMOPOLIS, WY 82443","FILED","45.9"
"CANDIDATE COMMITTEE","ALLEN HOGG FOR WYOMING","MAVERIK","TRAVEL (HOTEL, GAS, ETC.)","6/22/2026","THERMOPOLIS, WY 82443","FILED","67.99"
"CANDIDATE COMMITTEE","BARLOW FOR WYOMING","AMAZON","CAMPAIGN YARD SIGNS, BUTTONS, PENS, ETC.","6/22/2026","SEATTLE, WA 98108","FILED","112.17"
"CANDIDATE COMMITTEE","BECKER COMMITTEE","OFFICE DEPOT","CAMPAIGN YARD SIGNS, BUTTONS, PENS, ETC.","6/22/2026","CHEYENNE, WY 82001","FILED","32.34"
"CANDIDATE COMMITTEE","BIGELOW FOR HD51","ANEDOT","BANKING ","6/22/2026","DALLAS, TX 75206","FILED","4.3"
"CANDIDATE COMMITTEE","BRENNAN FOR SENATE","OLSEN STRATEGIES AND ADVERTISING","OTHER: DIRECT MAIL","6/22/2026","ALEXANDRIA, VA ","PUBLISHED","3950"
"CANDIDATE COMMITTEE","BRENNAN FOR SENATE","OLSEN STRATEGIES AND ADVERTISING","OTHER: TEXT MESSAG","6/22/2026","ALEXANDRIA, VA ","PUBLISHED","804.8"
"CANDIDATE COMMITTEE","BRENT BIEN FOR GOVERNOR","FACEBOOK","ADVERTISING - DIGITAL","6/22/2026","WY ","FILED","69"
"CANDIDATE COMMITTEE","BRENT BIEN FOR GOVERNOR","FACEBOOK","ADVERTISING - DIGITAL","6/22/2026","WY ","FILED","69"
"CANDIDATE COMMITTEE","BRENT BIEN FOR GOVERNOR","X CORP","ADVERTISING - DIGITAL","6/22/2026","WY ","FILED","5.46"
"CANDIDATE COMMITTEE","BUTCHER FOR WYOMING","THE SHERIDAN PRESS","ADVERTISING - NEWSPAPER","6/22/2026","WY ","FILED","138.98"
"CANDIDATE","CALE CASE ","BRUCE PALMER","CONSULTING","6/22/2026","PORTAL, ND 58772","FILED","2000"
"CANDIDATE COMMITTEE","COALITION TO ELECT JOHN BEAR","OUT OF THE BOX FULL ARMOUR","CONSULTING","6/22/2026","CHEYENNE, WY ","FILED","150"
"CANDIDATE COMMITTEE","COMMITTEE TO ELECT ANNE ZIEGENHORN","AMAZON","FOOD AND BEVERAGES","6/22/2026","SEATTLE, WA 98109","FILED","276.26"
"CANDIDATE COMMITTEE","COMMITTEE TO ELECT BOB DAVIS","COWBOY INN","FOOD AND BEVERAGES","6/22/2026"," , WY ","FILED","77.53"
"CANDIDATE COMMITTEE","COMMITTEE TO ELECT BOB DAVIS","LOVE'S","TRAVEL (HOTEL, GAS, ETC.)","6/22/2026"," , WY ","FILED","71.06"
"CANDIDATE COMMITTEE","COMMITTEE TO ELECT BOB DAVIS","MCDONALDS","FOOD AND BEVERAGES","6/22/2026","WY ","FILED","7"
"CANDIDATE COMMITTEE","COMMITTEE TO ELECT BOB DAVIS","OLD TRADING POST","TRAVEL (HOTEL, GAS, ETC.)","6/22/2026","WY ","FILED","13.55"
"CANDIDATE COMMITTEE","COMMITTEE TO ELECT BOB DAVIS","OLD TRADING POST","TRAVEL (HOTEL, GAS, ETC.)","6/22/2026","WY ","FILED","45.88"
"CANDIDATE COMMITTEE","COMMITTEE TO ELECT BOB DAVIS","UNITED PACIFIC","TRAVEL (HOTEL, GAS, ETC.)","6/22/2026","WY ","FILED","50.64"
"CANDIDATE COMMITTEE","COMMITTEE TO ELECT BOB DAVIS","WASH N GLOW","TRAVEL (HOTEL, GAS, ETC.)","6/22/2026","WY ","FILED","26"
"CANDIDATE COMMITTEE","COMMITTEE TO ELECT DOUGLAS MOORE","AMAZON","OFFICE SUPPLIES","6/22/2026","WY ","FILED","292.71"
"CANDIDATE COMMITTEE","COMMITTEE TO ELECT DWAYNE DILLINGER","WALMART","FOOD AND BEVERAGES","6/22/2026","WY ","FILED","117.55"
"CANDIDATE COMMITTEE","COMMITTEE TO ELECT EARL COLLIER FOR HOUSE DISTRICT 3","OFFICE DEPOT","POSTAGE","6/22/2026","WY ","FILED","1911.88"
"CANDIDATE COMMITTEE","COMMITTEE TO ELECT EARL COLLIER FOR HOUSE DISTRICT 3","OUT OF THE BOX PERFORMANCE","ADMINISTRATIVE COSTS","6/22/2026","WY ","FILED","237.1"
"CANDIDATE COMMITTEE","COMMITTEE TO ELECT EARL COLLIER FOR HOUSE DISTRICT 3","SAMS CLUB","OFFICE SUPPLIES","6/22/2026","WY ","FILED","134.57"
"CANDIDATE COMMITTEE","COMMITTEE TO ELECT GREG SCHREURS","CAMPBELL COUNTY CHAMBER OF COMMERCE","FACILITY FEE","6/22/2026","WY ","FILED","150"
"CANDIDATE COMMITTEE","COMMITTEE TO ELECT JD WILLIAMS ","BRENNAN FOR SENATE","CANDIDATE/COMMITTEE CONTRIBUTION","6/22/2026","CHEYENNE, WY 82001","FILED","1000"
"CANDIDATE COMMITTEE","COMMITTEE TO ELECT JD WILLIAMS ","EXXON","TRAVEL (HOTEL, GAS, ETC.)","6/22/2026","SHOSHONI, WY 82649","FILED","81.92"
"CANDIDATE COMMITTEE","COMMITTEE TO ELECT JD WILLIAMS ","IRMA HOTEL","FOOD AND BEVERAGES","6/22/2026","CODY, WY 82414","FILED","81.35"
"CANDIDATE COMMITTEE","COMMITTEE TO ELECT JD WILLIAMS ","MARILYN CONNOLY HD40","CANDIDATE/COMMITTEE CONTRIBUTION","6/22/2026","BUFFALO, WY 82834","FILED","1041.02"
"CANDIDATE COMMITTEE","COMMITTEE TO ELECT ZETA","OUT OF THE BOX PERFORMANCE","CONSULTING","6/22/2026","WY ","FILED","307.45"
"CANDIDATE COMMITTEE","DAVID HILL FOR HOUSE DISTRICT 50","CMON INN","TRAVEL (HOTEL, GAS, ETC.)","6/22/2026","WY ","FILED","201.59"
"CANDIDATE COMMITTEE","DAVID HILL FOR HOUSE DISTRICT 50","HYATT PLACE","TRAVEL (HOTEL, GAS, ETC.)","6/22/2026"," , WY ","FILED","179.99"
"CANDIDATE COMMITTEE","DAVID HILL FOR HOUSE DISTRICT 50","LITTLE AMERICA","TRAVEL (HOTEL, GAS, ETC.)","6/22/2026","WY ","FILED","71.44"
"CANDIDATE","DAVID KARL WALTON ","BACKWOODS THREADS & APPAREL","CAMPAIGN YARD SIGNS, BUTTONS, PENS, ETC.","6/22/2026","EVANSTON, WY 82930","FILED","490"
"CANDIDATE","DEB MUTTER SHAMLEY ","OUT OF THE BOX PERFORMANCE","CAMPAIGN YARD SIGNS, BUTTONS, PENS, ETC.","6/22/2026","CHEYENNE, WY 82001","FILED","379.02"
"CANDIDATE","DEB MUTTER SHAMLEY ","TROPHY CREATIVE LLC","CAMPAIGN YARD SIGNS, BUTTONS, PENS, ETC.","6/22/2026","CHEYENNE, WY 82001","FILED","28.35"
"CANDIDATE COMMITTEE","EAMON O'TOOLE FOR WYOMING","UPS","CAMPAIGN YARD SIGNS, BUTTONS, PENS, ETC.","6/22/2026","LARAMIE, WY 82070","FILED","116"
"CANDIDATE COMMITTEE","FORNSTROM FOR HD10"," PINE BLUFFS POST","ADVERTISING - NEWSPAPER","6/22/2026","PINE BLUFFS, WY 82082","FILED","604"
"CANDIDATE COMMITTEE","FRIENDS OF JULIE JARVIS","STICKER MULE","CAMPAIGN YARD SIGNS, BUTTONS, PENS, ETC.","6/22/2026","AMSTERDAM, NY 12010","FILED","133.03"
"CANDIDATE COMMITTEE","GERINGER FOR WYOMING","LITTLE AMERICA","ADMINISTRATIVE COSTS","6/22/2026","WY ","FILED","39.55"
"CANDIDATE","JAMES TEMPLE ","ACE HARDWARE","OFFICE SUPPLIES","6/22/2026","WY ","FILED","15.43"
"CANDIDATE","JAMES TEMPLE ","AMAZON","OFFICE SUPPLIES","6/22/2026","WY ","FILED","228.87"
"CANDIDATE COMMITTEE","JEANETTE WARD FOR WYOMING","MAD RABBIT CONFABS","ADVERTISING - MISC.","6/22/2026","SARASOTA, FL 34243","FILED","150"
"CANDIDATE COMMITTEE","JEANETTE WARD FOR WYOMING","META","ADVERTISING - DIGITAL","6/22/2026","MENLO PARK, CA 98052","FILED","33"
"CANDIDATE COMMITTEE","KENNETH D. ROBERTS","SPEEDY SIGNS USA","CAMPAIGN YARD SIGNS, BUTTONS, PENS, ETC.","6/22/2026","LAKE CITY, FL 32024","FILED","810"
"CANDIDATE COMMITTEE","KEVIN HELLING FOR WYOMING","HOME DEPOT","CAMPAIGN YARD SIGNS, BUTTONS, PENS, ETC.","6/22/2026","CASPER, WY 82609","FILED","40.6"
"CANDIDATE COMMITTEE","KEVIN HELLING FOR WYOMING","HOME DEPOT","CAMPAIGN YARD SIGNS, BUTTONS, PENS, ETC.","6/22/2026","CASPER, WY 82609","FILED","170.34"
"CANDIDATE COMMITTEE","KEVIN HELLING FOR WYOMING","VERIZON WIRELESS","PHONE","6/22/2026","DALLAS, TX 75266","FILED","15.54"
"CANDIDATE","LISA L. ENGEBRETSEN ","MOUNTAIN STATES LITHOGRAPHING","CAMPAIGN YARD SIGNS, BUTTONS, PENS, ETC.","6/22/2026","CASPER, WY 82601","FILED","106"
"CANDIDATE","LISA L. ENGEBRETSEN ","PROFIT PANDAS LLC","GRAPHICS/WEBSITE FEES","6/22/2026","SHERIDAN, WY 82801","FILED","995"
"CANDIDATE COMMITTEE","LYTTLE FOR HOUSE","TROPHY CREATIVE LLC","CAMPAIGN YARD SIGNS, BUTTONS, PENS, ETC.","6/22/2026","CHEYENNE, WY 82001","FILED","11.55"
"CANDIDATE COMMITTEE","MARK JENNINGS FOR HOUSE DISTRICT 30","USPS","POSTAGE","6/22/2026","SHERIDAN, WY 82801","FILED","1003.48"
"CANDIDATE","MARLENE BRADY ","OUT OF THE BOX PERFORMANCE","PRINTING","6/22/2026","COLORADO SPRINGS, CO 80909","FILED","195.48"
"CANDIDATE","MATTHEW HURT ","AMAZON","CAMPAIGN YARD SIGNS, BUTTONS, PENS, ETC.","6/22/2026","CHEYENNE, WY 82001","FILED","188.84"
"CANDIDATE","MCKAY L ERICKSON ","COSTCO","CAMPAIGN YARD SIGNS, BUTTONS, PENS, ETC.","6/22/2026","IDAHO FALLS, ID ","FILED","403.72"
"CANDIDATE COMMITTEE","MEGAN FOR GOVERNOR","ABIGAIL VROMAN","PAYROLL","6/22/2026","CHEYENNE, WY 82009","FILED","700.55"
"CANDIDATE COMMITTEE","MEGAN FOR GOVERNOR","ALLIANCE FORGE ELECTION TECHNOLOGY","ADVERTISING - DIGITAL","6/22/2026","SPARKS, NV 89436","FILED","307.65"
"CANDIDATE COMMITTEE","MEGAN FOR GOVERNOR","BATTLEFIELD LLC","CONSULTING","6/22/2026","MOUNT VERNON, NY 10550","FILED","4.12"
"CANDIDATE COMMITTEE","MEGAN FOR GOVERNOR","CHARLOTTE JONES","CONSULTING","6/22/2026","LARAMIE, WY 82070","FILED","6000"
"CANDIDATE COMMITTEE","MEGAN FOR GOVERNOR","CODY HOLIDAY LODGE","TRAVEL (HOTEL, GAS, ETC.)","6/22/2026","CODY, WY 82414","FILED","132.09"
"CANDIDATE COMMITTEE","MEGAN FOR GOVERNOR","GOOGLE WORKSPACE","ADVERTISING - DIGITAL","6/22/2026","MOUNTAIN VIEW, CA 94043","FILED","500"
"CANDIDATE COMMITTEE","MEGAN FOR GOVERNOR","I360","IT SERVICES","6/22/2026","ARLINGTON, VA 22201","FILED","2100"
"CANDIDATE COMMITTEE","MEGAN FOR GOVERNOR","LARAMIE PARKS & RECREATION","OTHER: EVENT TICKETS","6/22/2026","LARAMIE, WY 82073","FILED","75"
"CANDIDATE COMMITTEE","MEGAN FOR GOVERNOR","MAJORITY STRATEGIES LLC","CONSULTING","6/22/2026","DALLAS, TX 75267","FILED","2700"
"CANDIDATE COMMITTEE","MEGAN FOR GOVERNOR","META PLATFORMS (FACEBOOK)","ADVERTISING - DIGITAL","6/22/2026","MENLO PARK, CA 94025","FILED","600"
"CANDIDATE COMMITTEE","MEGAN FOR GOVERNOR","RED CURVE SOLUTIONS","CONSULTING","6/22/2026","BEVERLY, MA 01915","FILED","4086.52"
"CANDIDATE COMMITTEE","MEGAN FOR GOVERNOR","SRCP MEDIA","ADVERTISING - MISC.","6/22/2026","ALEXANDRIA, VA 22314","FILED","19663"
"CANDIDATE COMMITTEE","MEGAN FOR GOVERNOR","WINRED TECHNICAL SERVICES","BANKING ","6/22/2026","CHEYENNE, WY 82001","FILED","52.7"
"CANDIDATE","PAUL L WING ","ATLAS REPRODUCTIONS","CAMPAIGN YARD SIGNS, BUTTONS, PENS, ETC.","6/22/2026","CASPER, WY 82602","FILED","152.25"
"CANDIDATE","R. J. KOST ","ROVENNA SIGNS & DESIGN","CAMPAIGN YARD SIGNS, BUTTONS, PENS, ETC.","6/22/2026","POWELL, WY 82435","FILED","249.6"
"CANDIDATE COMMITTEE","REINER FOR WYOMING","SAMS","TRAVEL (HOTEL, GAS, ETC.)","6/22/2026","CHEYENNE, WY 82009","FILED","49.02"
"CANDIDATE","ROBERT L HENDRY ","BAR D SIGNS","CAMPAIGN YARD SIGNS, BUTTONS, PENS, ETC.","6/22/2026","CASPER, WY 82609","AMEND - ADD","2286.25"
"CANDIDATE","ROY BIRT ","DRUBEHOME","OFFICE SUPPLIES","6/22/2026","WHEATLAND, WY 82201","FILED","10.59"
"CANDIDATE","ROY BIRT ","WIX WEBSITE","OTHER: NAME DOMAIN","6/22/2026","WY ","FILED","9.9"
"CANDIDATE","ROY BIRT ","WIX WEBSITE","OTHER: WEBSITE","6/22/2026","WY ","FILED","174"
"CANDIDATE","RYAN MICHAEL SHOLLENBERGER ","MOUNTAIN STATE SIGNS","PRINTING","6/22/2026","CHEYENNE, WY 82007","FILED","429.52"
"CANDIDATE","SCOTT HEINER ","ECANVASSER","CONSULTING","6/22/2026","COLORADO SPRINGS, CO 80909","FILED","379.9"
"CANDIDATE COMMITTEE","SINGH FOR WYOMING","HARBOR FREIGHT","CAMPAIGN YARD SIGNS, BUTTONS, PENS, ETC.","6/22/2026","WY ","FILED","8.44"
"CANDIDATE COMMITTEE","SINGH FOR WYOMING","MENARDS","CAMPAIGN YARD SIGNS, BUTTONS, PENS, ETC.","6/22/2026","WY ","FILED","20.83"
"CANDIDATE COMMITTEE","SINGH FOR WYOMING","MENARDS","CAMPAIGN YARD SIGNS, BUTTONS, PENS, ETC.","6/22/2026","WY ","FILED","11.32"
"CANDIDATE COMMITTEE","STACY JONES FOR SENATE DISTRICT 13","360 ONLINE PRINT","ADVERTISING - MISC.","6/22/2026","WY ","FILED","27.98"
"CANDIDATE COMMITTEE","STACY JONES FOR SENATE DISTRICT 13","THE HOME DEPOT","CAMPAIGN YARD SIGNS, BUTTONS, PENS, ETC.","6/22/2026","WY ","FILED","70.32"
"CANDIDATE COMMITTEE","STACY JONES FOR SENATE DISTRICT 13","WAL MART","ADVERTISING - MISC.","6/22/2026","WY ","FILED","119.99"
"CANDIDATE COMMITTEE","THE FRIENDS TO ELECT MARK JONES","META","ADVERTISING - DIGITAL","6/22/2026","MENLO PARK, CA 94025","FILED","50"
"CANDIDATE COMMITTEE","THE FRIENDS TO ELECT MARK JONES","PAYPAL","GRAPHICS/WEBSITE FEES","6/22/2026","SAN JOSE, CA 95131","FILED","3.48"
"CANDIDATE COMMITTEE","THE FRIENDS TO ELECT MARK JONES","USPS","POSTAGE","6/22/2026","BUFFALO, WY 82834","FILED","156"
"CANDIDATE COMMITTEE","BECKER COMMITTEE","OFFICE DEPOT","CAMPAIGN YARD SIGNS, BUTTONS, PENS, ETC.","6/21/2026","CHEYUENNE, WY ","FILED","26.16"
"CANDIDATE","DONNA KAY RICE ","PINMART","CAMPAIGN YARD SIGNS, BUTTONS, PENS, ETC.","6/21/2026"," , WY ","FILED","480.78"
"CANDIDATE","JUSTIN WILLIAM WINNEY JR","RIGHT STRATEGIES","CONSULTING","6/21/2026","ANKENNY, IA 50023","FILED","2500"
"CANDIDATE COMMITTEE","KENNETH D. ROBERTS","GREEN RIVER REC","OTHER: PARADE REGISTRATION FEE","6/21/2026","GREEN RIVER, WY 82935","FILED","40"
"CANDIDATE COMMITTEE","KENNETH D. ROBERTS","SWEET CANDY STORE","OTHER: PARADE CANDY","6/21/2026","SALT LAKE CITY, UT 84104","FILED","101.95"
"CANDIDATE COMMITTEE","LAUREN SCHOENFELD FOR WYOMING","LOWE'S","ADVERTISING - MISC.","6/21/2026","CHEYENNE, WY 82009","FILED","33.52"
"CANDIDATE COMMITTEE","LAUREN SCHOENFELD FOR WYOMING","MENARDS","CAMPAIGN YARD SIGNS, BUTTONS, PENS, ETC.","6/21/2026","CHEYENNE, WY 82009","FILED","57.67"
"CANDIDATE COMMITTEE","LAUREN SCHOENFELD FOR WYOMING","PBR PRINTING","CAMPAIGN YARD SIGNS, BUTTONS, PENS, ETC.","6/21/2026","CHEY, WY 82009","FILED","483"
"CANDIDATE","PAUL V HOEFT ","PRINT PLACE","CAMPAIGN YARD SIGNS, BUTTONS, PENS, ETC.","6/21/2026","ARLINGTON, TX 82435","FILED","197.11"
"CANDIDATE","RYAN MICHAEL SHOLLENBERGER ","DOLLAR TREE","OFFICE SUPPLIES","6/21/2026","CHEYENNE, WY ","FILED","2.63"
"CANDIDATE COMMITTEE","SERVER FOR WY","OFFICE DEPOT","CAMPAIGN YARD SIGNS, BUTTONS, PENS, ETC.","6/21/2026","WY ","FILED","310.05"
"CANDIDATE COMMITTEE","STUDY4WYOMING","AMAZON","CAMPAIGN YARD SIGNS, BUTTONS, PENS, ETC.","6/21/2026","WY ","FILED","21.17"
"CANDIDATE COMMITTEE","STUDY4WYOMING","AMAZON","CAMPAIGN YARD SIGNS, BUTTONS, PENS, ETC.","6/21/2026","WY ","FILED","10.59"
"CANDIDATE COMMITTEE","THE FRIENDS TO ELECT MARK JONES","WALMART","FOOD AND BEVERAGES","6/21/2026","SHERIDAN, WY 82801","FILED","120.94"
"CANDIDATE COMMITTEE","ALLEN HOGG FOR WYOMING","QT"S RESTAURANT","FOOD AND BEVERAGES","6/20/2026","CODY, WY 82141","FILED","21.16"
"CANDIDATE COMMITTEE","BARLOW FOR WYOMING","COSTCO","CAMPAIGN YARD SIGNS, BUTTONS, PENS, ETC.","6/20/2026","TIMNATH, CO 80547","FILED","35.98"
"CANDIDATE COMMITTEE","BINGHAM FOR WYOMING","AMAZON","ADVERTISING - MISC.","6/20/2026","","FILED","13.24"
"CANDIDATE","JAMES T CORKERY JR","SPECTRUM","PHONE","6/20/2026","CASPER, WY ","FILED","40"
"CANDIDATE","JAYME LIEN ","OUT OF THE BOX ","IT SERVICES","6/20/2026","WY ","FILED","407.94"
"CANDIDATE","JAYME LIEN ","UPRINTING","PRINTING","6/20/2026","WY ","FILED","505.98"
"CANDIDATE COMMITTEE","KENNETH D. ROBERTS","GO DADDY","GRAPHICS/WEBSITE FEES","6/20/2026","TEMPE, AZ 85284","FILED","119.88"
"CANDIDATE COMMITTEE","KENNETH D. ROBERTS","WALMART","OTHER: BALLOONS AND CARDS ","6/20/2026","EVANSTON, WY 82930","FILED","18.37"
"CANDIDATE COMMITTEE","KEVIN HELLING FOR WYOMING","SAM'S CLUB","FOOD AND BEVERAGES","6/20/2026","CASPER, WY 82609","FILED","59.23"
"CANDIDATE","MATTHEW HURT ","META","ADVERTISING - DIGITAL","6/20/2026","CHEYENNE, WY 82001","FILED","12"
"CANDIDATE","NEIL JESKE ","CURRENTLABELS.COM","OFFICE SUPPLIES","6/20/2026","WY ","FILED","63.4"
"CANDIDATE","NEIL JESKE ","USPS.COM","POSTAGE","6/20/2026","WY ","FILED","1562.75"
"CANDIDATE","NEIL JESKE ","WWW.PAPERWORKS.COM","OFFICE SUPPLIES","6/20/2026","WY ","FILED","154.12"
"CANDIDATE","R. J. KOST ","HARBOR FREIGHT","CAMPAIGN YARD SIGNS, BUTTONS, PENS, ETC.","6/20/2026","BILLINGS, MT 59102","FILED","10.67"
"CANDIDATE COMMITTEE","SHORT FOR STATE","SHELL STATION","TRAVEL (HOTEL, GAS, ETC.)","6/20/2026","WY ","FILED","35.54"
"CANDIDATE COMMITTEE","TONY NIEMIEC FOR WYOMING","WHISTLE STOP COFFEE","FOOD AND BEVERAGES","6/20/2026","GREEN RIVER, WY 82935","FILED","180"
"CANDIDATE COMMITTEE","ANA 4 WYOMING","FEDEX","CAMPAIGN YARD SIGNS, BUTTONS, PENS, ETC.","6/19/2026","WY ","FILED","32.81"
"CANDIDATE COMMITTEE","ANGELOS FOR WYOMING","ANEDOT","BANKING ","6/19/2026","NEW ORLEANS, LA 70112","FILED","20.3"
"CANDIDATE","BILL JAMES ALLEMAND ","LAURA REDMOND","OTHER: PHOTOS","6/19/2026","BAR NUNN, WY ","FILED","350"
"CANDIDATE","BILL JAMES ALLEMAND ","OUT OF BOX PERFORMANCE","ADVERTISING - DIGITAL","6/19/2026","CHEYENNE, WY ","FILED","2598.86"
"CANDIDATE COMMITTEE","BINGHAM FOR WYOMING","AMAZON","ADVERTISING - MISC.","6/19/2026","","FILED","111.11"
"CANDIDATE COMMITTEE","BINGHAM FOR WYOMING","JIFFY ","CAMPAIGN YARD SIGNS, BUTTONS, PENS, ETC.","6/19/2026","","FILED","253.17"
"CANDIDATE COMMITTEE","BRENNAN FOR SENATE","HOBBY LOBBY","CAMPAIGN YARD SIGNS, BUTTONS, PENS, ETC.","6/19/2026","CHEYENNE, WY 82009","PUBLISHED","18.87"
"CANDIDATE COMMITTEE","COMMITTEE TO ELECT ANNE ZIEGENHORN","4IMPRINT","CAMPAIGN YARD SIGNS, BUTTONS, PENS, ETC.","6/19/2026","OSHKOSH, WI 54901","FILED","331.6"
"CANDIDATE COMMITTEE","COMMITTEE TO ELECT GARY BROWN ","OFFICE MAX","OFFICE SUPPLIES","6/19/2026","CHEYENNE, WY 82001","FILED","60.34"
"CANDIDATE","DARIN M MCCANN ","OUT OF THE BOX PERFORMANCE","OTHER: VOTER DATA/WALKING LIST","6/19/2026","ROCK SPRINGS, WY 82901","FILED","325.32"
"CANDIDATE","DEB MUTTER SHAMLEY ","SUPER CHEAP SIGNS","CAMPAIGN YARD SIGNS, BUTTONS, PENS, ETC.","6/19/2026","CHEYENNE, WY 82001","FILED","883.08"
"CANDIDATE","DONNA KAY RICE ","VISTAPRINT","CAMPAIGN YARD SIGNS, BUTTONS, PENS, ETC.","6/19/2026","WY ","FILED","426.37"
"CANDIDATE COMMITTEE","FRIENDS OF CJ YOUNG","TROPHY CREATIVE ","PRINTING","6/19/2026","CHEYENNE, WY 82001","FILED","14.18"
"CANDIDATE","JOE WEBB ","OUT OF THE BOX PERFORMANCE","OTHER: ECANVASSER","6/19/2026","COLRADO SPRINGS, CO 80909","FILED","377.75"
"CANDIDATE","JUSTIN WILLIAM WINNEY JR","RIGHT STRATEGIES","ADVERTISING - MISC.","6/19/2026","ANKENNY, IA 50023","FILED","896.58"
"CANDIDATE COMMITTEE","KELLER FOR WYO","LANDER OLD TIMER'S RODEO ASSOCIATION, INC.","ADVERTISING - MISC.","6/19/2026"," , WY ","FILED","50"
"CANDIDATE COMMITTEE","KEVIN HELLING FOR WYOMING","AMAZON.COM","ADVERTISING - MISC.","6/19/2026","SEATTLE, WA 98109","FILED","10.59"
"CANDIDATE COMMITTEE","MARSHAL FOR WYOMING","AB EVENTS","FACILITY FEE","6/19/2026","GREEN RIVER, WY ","FILED","50"
"CANDIDATE","MATT MCGINNIS ","OUT OF THE BOX PERFORMANCE","IT SERVICES","6/19/2026","WY ","FILED","432.5"
"CANDIDATE","MATTHEW HURT ","META","ADVERTISING - DIGITAL","6/19/2026","CHEYENNE, WY 82001","FILED","8.03"
"CANDIDATE COMMITTEE","MCINTOSH FOR WYOMING","LITTLE OL PRINTSHOP","CAMPAIGN YARD SIGNS, BUTTONS, PENS, ETC.","6/19/2026","CHEYENNE, WY 82001","FILED","315"
"CANDIDATE","ROBERT L HENDRY ","RANGER PRINTERS","CAMPAIGN YARD SIGNS, BUTTONS, PENS, ETC.","6/19/2026","RIVERTON, WY 82501","AMEND - ADD","81.11"
"CANDIDATE","SCOTT HEINER ","FOSSILFEST","OTHER: PARADE ENTRANCE FEE","6/19/2026","KEMMERER, WY 83101","FILED","15"
"CANDIDATE COMMITTEE","SHORT FOR STATE","BIG D","TRAVEL (HOTEL, GAS, ETC.)","6/19/2026","WY ","FILED","31.69"
"CANDIDATE COMMITTEE","SHORT FOR STATE","LOAF N JUG","TRAVEL (HOTEL, GAS, ETC.)","6/19/2026","WY ","FILED","25"
"CANDIDATE COMMITTEE","SHORT FOR STATE","SPICE ZONE INDIAN RESTAURANT","FOOD AND BEVERAGES","6/19/2026","WY ","FILED","49.92"
"CANDIDATE COMMITTEE","SINGH FOR WYOMING","LOWE'S","CAMPAIGN YARD SIGNS, BUTTONS, PENS, ETC.","6/19/2026","WY ","FILED","19.15"
"CANDIDATE COMMITTEE","SINGH FOR WYOMING","PBR PRINTING","PRINTING","6/19/2026","WY ","FILED","216.83"
"CANDIDATE","TAFT CARROLL LOVE ","CRAZY CHEAP POLITICAL SIGNS","CAMPAIGN YARD SIGNS, BUTTONS, PENS, ETC.","6/19/2026","WY ","FILED","779.94"
"CANDIDATE","TINA JOHNSON ","OUT OF THE BOX PERFORMANCE","CONSULTING","6/19/2026","WY ","FILED","579.5"
"CANDIDATE COMMITTEE","VOTE BOLLER HD52 ","UPS STORE","POSTAGE","6/19/2026","GILLETTE, WY 82716","FILED","312"
"CANDIDATE","ALBERT SOMMERS ","END POINTE STRATEGIES","CONSULTING","6/18/2026","","FILED","11503.5"
"CANDIDATE COMMITTEE","ANGELOS FOR WYOMING","OUT OF THE BOX PERFORMANCE","CAMPAIGN YARD SIGNS, BUTTONS, PENS, ETC.","6/18/2026","COLORADO SPRINGS, CO ","FILED","431.6"
"CANDIDATE COMMITTEE","ANN LUCAS 4 WYOMING","SIGNS ON THE CHEAP","ADVERTISING - MISC.","6/18/2026","AUSTIN, TX 78701","FILED","743.94"
"CANDIDATE","ANTHONY L ALLEN JR","WYOMING SIGHNS ","ADVERTISING - MISC.","6/18/2026","WY ","FILED","2182.03"
"CANDIDATE COMMITTEE","BARLOW FOR WYOMING","CAMPBELL COUNTY CHAMBER OF COMMERCE","ADVERTISING - MISC.","6/18/2026","GILLETTE, WY 82718","FILED","150"
"CANDIDATE COMMITTEE","BEN HORNOK FOR WY","CAMPAIGN PARTNER","GRAPHICS/WEBSITE FEES","6/18/2026","STILL RIVER, MA 01467","FILED","32"
"CANDIDATE COMMITTEE","BIGELOW FOR HD51","ALPHAGRAPHICS","PRINTING","6/18/2026","SHERIDAN, WY 82801","FILED","55.17"
"CANDIDATE COMMITTEE","BRENNAN FOR SENATE","AMAZON","CAMPAIGN YARD SIGNS, BUTTONS, PENS, ETC.","6/18/2026"," , WY ","PUBLISHED","11.95"
"CANDIDATE COMMITTEE","COMMITTEE TO ELECT BOB DAVIS","ARBYS","FOOD AND BEVERAGES","6/18/2026","WY ","FILED","10.27"
"CANDIDATE COMMITTEE","COMMITTEE TO ELECT BRITNEY TENNANT","CENTRAL CAFE","FOOD AND BEVERAGES","6/18/2026","CHEYENNE, WY 82001","FILED","17.71"
"CANDIDATE COMMITTEE","COMMITTEE TO ELECT DOUGLAS MOORE","CAMPBELL COUNTY CHAMBER","ADVERTISING - MISC.","6/18/2026","WY ","FILED","150"
"CANDIDATE COMMITTEE","COMMITTEE TO ELECT DWAYNE DILLINGER","TRACTOR SUPPLY","CAMPAIGN YARD SIGNS, BUTTONS, PENS, ETC.","6/18/2026","WY ","FILED","41.99"
"CANDIDATE COMMITTEE","COMMITTEE TO ELECT GARY BROWN ","OFFICE MAX","OFFICE SUPPLIES","6/18/2026","CHEYENNE, WY 82001","FILED","25.18"
"CANDIDATE COMMITTEE","COMMITTEE TO ELECT JD WILLIAMS ","FUNDRAISER DINNER","ENTERTAINMENT","6/18/2026","LUSK, WY 82225","FILED","500"
"CANDIDATE COMMITTEE","COMMITTEE TO ELECT JD WILLIAMS ","FUNDRAISER DINNER","FOOD AND BEVERAGES","6/18/2026","LUSK, WY 82225","FILED","2000"
"CANDIDATE COMMITTEE","COMMITTEE TO ELECT JD WILLIAMS ","FUNDRAISER DINNER","FOOD AND BEVERAGES","6/18/2026","LUSK, WY 82225","FILED","750"
"CANDIDATE COMMITTEE","COMMITTEE TO ELECT JD WILLIAMS ","FUNDRAISER DINNER","FOOD AND BEVERAGES","6/18/2026","LUSK, WY 82225","FILED","1500"
"CANDIDATE COMMITTEE","COMMITTEE TO ELECT JD WILLIAMS ","FUNDRAISER DINNER","OTHER: COOLER RAFFLE DONATION","6/18/2026","LUSK, WY 82225","FILED","500"
"CANDIDATE COMMITTEE","COMMITTEE TO ELECT JD WILLIAMS ","FUNDRAISER DINNER","OTHER: DOOR PRIZE DONATION","6/18/2026","LUSK, WY 82225","FILED","150"
"CANDIDATE COMMITTEE","COMMITTEE TO ELECT JD WILLIAMS ","FUNDRAISER DINNER","OTHER: DOOR PRIZE DONATION","6/18/2026","LUSK, WY 82225","FILED","150"
"CANDIDATE COMMITTEE","COMMITTEE TO ELECT JD WILLIAMS ","FUNDRAISER DINNER","OTHER: DOOR PRIZE DONATION","6/18/2026","LUSK, WY 82225","FILED","250"
"CANDIDATE COMMITTEE","COMMITTEE TO ELECT JD WILLIAMS ","FUNDRAISER DINNER","OTHER: DOOR PRIZE DONATION","6/18/2026","LUSK, WY 82225","FILED","250"
"CANDIDATE COMMITTEE","COMMITTEE TO ELECT JD WILLIAMS ","FUNDRAISER DINNER","OTHER: JEWELRY RAFFLE DONATION","6/18/2026","LUSK, WY 82225","FILED","500"
"CANDIDATE COMMITTEE","COMMITTEE TO ELECT JD WILLIAMS ","FUNDRAISER DINNER","OTHER: RIFLE RAFFLE DONATION","6/18/2026","LUSK, WY 82225","FILED","1727.59"
"CANDIDATE COMMITTEE","COMMITTEE TO ELECT JD WILLIAMS ","FUNDRAISER DINNER","OTHER: TABLE AND CHAIR DONATION","6/18/2026","LUSK, WY 82225","FILED","1500"
"CANDIDATE COMMITTEE","COMMITTEE TO ELECT JESSICA CROWDER","307 HOSPITALITY","FOOD AND BEVERAGES","6/18/2026","CHEYENNE, WY 82009","FILED","751.28"
"CANDIDATE COMMITTEE","COMMITTEE TO ELECT KEENAN MORGAN","CANVA","PRINTING","6/18/2026","AUSTIN, TX 78702","FILED","53"
"CANDIDATE","DONNA KAY RICE ","CHLOE NELSON RUNNING WITH STRATEGY","GRAPHICS/WEBSITE FEES","6/18/2026","MIAMI, FL ","FILED","612"
"CANDIDATE COMMITTEE","HARSHMAN FOR WYOMING","CITY OF GREEN RIVER","FACILITY FEE","6/18/2026","GREEN RIVER, WY 82935","FILED","40"
"CANDIDATE","JAMES TEMPLE ","EPIPHANY PRINTING","ADVERTISING - MISC.","6/18/2026","WY ","FILED","29.8"
"CANDIDATE","JOE WEBB ","THE PRINTED WORD","PRINTING","6/18/2026","LYMAN, WY 82937","FILED","744.56"
"CANDIDATE COMMITTEE","MARSHAL FOR WYOMING","ANEDOT, INC.","BANKING ","6/18/2026","","FILED","4.3"
"CANDIDATE COMMITTEE","MARSHAL FOR WYOMING","AUTHENTIC BY FITZ IMAGERY","GRAPHICS/WEBSITE FEES","6/18/2026","ROCK SPRINGS, WY ","FILED","156"
"CANDIDATE","MATTHEW HURT ","META","ADVERTISING - DIGITAL","6/18/2026","CHEYENNE, WY 82001","FILED","8.02"
"CANDIDATE","MATTHEW LEGLER ","WHITE INK","CAMPAIGN YARD SIGNS, BUTTONS, PENS, ETC.","6/18/2026","WY ","FILED","544.96"
"CANDIDATE COMMITTEE","MEGAN FOR GOVERNOR","BATTLEFIELD LLC","CONSULTING","6/18/2026","MOUNT VERNON, NY 10550","FILED","2.25"
"CANDIDATE COMMITTEE","MEGAN FOR GOVERNOR","BIG D","TRAVEL (HOTEL, GAS, ETC.)","6/18/2026","CHEYENNE, WY 82007","FILED","131.85"
"CANDIDATE COMMITTEE","MEGAN FOR GOVERNOR","META PLATFORMS (FACEBOOK)","ADVERTISING - DIGITAL","6/18/2026","MENLO PARK, CA 94025","FILED","150"
"CANDIDATE COMMITTEE","MEGAN FOR GOVERNOR","WINRED TECHNICAL SERVICES","BANKING ","6/18/2026","CHEYENNE, WY 82001","FILED","13.7"
"CANDIDATE COMMITTEE","MYCA FOR SHERIDAN","WYOMING RODEO PARADE COMMITTEE","ADVERTISING - MISC.","6/18/2026","WY ","FILED","175"
"CANDIDATE","NEIL JESKE ","BAR-D SIGNS","CAMPAIGN YARD SIGNS, BUTTONS, PENS, ETC.","6/18/2026","CASPER, WY 82609","FILED","229.28"
"CANDIDATE COMMITTEE","SERVER FOR WY","STAPLES","CAMPAIGN YARD SIGNS, BUTTONS, PENS, ETC.","6/18/2026","FORT COLLINS, CO ","FILED","45.04"
"CANDIDATE COMMITTEE","SHORT FOR STATE","MILLERS TRAVEL SINCLAIR","TRAVEL (HOTEL, GAS, ETC.)","6/18/2026","WY ","FILED","4.69"
"CANDIDATE COMMITTEE","SHORT FOR STATE","MILLERS TRAVEL SINCLAIR","TRAVEL (HOTEL, GAS, ETC.)","6/18/2026","WY ","FILED","9.77"
"CANDIDATE COMMITTEE","SINGH FOR WYOMING","LOWE'S","CAMPAIGN YARD SIGNS, BUTTONS, PENS, ETC.","6/18/2026","WY ","FILED","58.51"
"CANDIDATE COMMITTEE","SINGH FOR WYOMING","MENARDS","CAMPAIGN YARD SIGNS, BUTTONS, PENS, ETC.","6/18/2026","WY ","FILED","76.02"
"CANDIDATE COMMITTEE","SINGH FOR WYOMING","OUT OF THE BOX PERFORMANCE","CONSULTING","6/18/2026","WY ","FILED","310.3"
"CANDIDATE COMMITTEE","STACY JONES FOR SENATE DISTRICT 13","WAL MART","ADVERTISING - MISC.","6/18/2026","WY ","FILED","24.6"
"CANDIDATE","TOMI STROCK ","DOUGLAS SIGN CO.","CAMPAIGN YARD SIGNS, BUTTONS, PENS, ETC.","6/18/2026","DOUGLAS, WYOMING 82633, WY 82633","FILED","1391.25"
"CANDIDATE COMMITTEE","ANGELOS FOR WYOMING","ANEDOT","BANKING ","6/17/2026","NEW ORLEANS, LA 70112","FILED","60.3"
"CANDIDATE COMMITTEE","ANGELOS FOR WYOMING","ANEDOT","BANKING ","6/17/2026","NEW ORLEANS, LA 70112","FILED","0.5"
"CANDIDATE COMMITTEE","BARLOW FOR WYOMING","AMAZON","CAMPAIGN YARD SIGNS, BUTTONS, PENS, ETC.","6/17/2026","SEATTLE, WA 98108","FILED","14.95"
"CANDIDATE COMMITTEE","BARLOW FOR WYOMING","SAMS CLUB","CAMPAIGN YARD SIGNS, BUTTONS, PENS, ETC.","6/17/2026","CHEYENNE, WY 82009","FILED","1158.05"
"CANDIDATE COMMITTEE","BRENT BIEN FOR GOVERNOR","FACEBOOK","ADVERTISING - DIGITAL","6/17/2026","WY ","FILED","69"
"CANDIDATE COMMITTEE","CHAD AUER FOR WYOMING","PEAK PROMOTIONS","CAMPAIGN YARD SIGNS, BUTTONS, PENS, ETC.","6/17/2026","CHEYENNE, WY 82001","FILED","4089.13"
"CANDIDATE COMMITTEE","COMMITTEE TO ELECT BRITNEY TENNANT","SIGNS ON THE CHEAP","CAMPAIGN YARD SIGNS, BUTTONS, PENS, ETC.","6/17/2026","AUSTIN, TX 78758","FILED","695.19"
"CANDIDATE COMMITTEE","COMMITTEE TO ELECT JD WILLIAMS ","DECKERS GROCERY","FOOD AND BEVERAGES","6/17/2026","LUSK, WY 82225","FILED","28.37"
"CANDIDATE COMMITTEE","COMMITTEE TO ELECT JD WILLIAMS ","ISABELLAS","FOOD AND BEVERAGES","6/17/2026","NEWCASTLE, WY 82701","FILED","46.81"
"CANDIDATE COMMITTEE","COMMITTEE TO ELECT JD WILLIAMS ","SAMS CLUB","FOOD AND BEVERAGES","6/17/2026","CHEYENNE, WY 82001","FILED","1024"
"CANDIDATE COMMITTEE","COMMITTEE TO ELECT JD WILLIAMS ","WALMART","FOOD AND BEVERAGES","6/17/2026","CHEYENNE, WY 82001","FILED","345.11"
"CANDIDATE COMMITTEE","COMMITTEE TO ELECT TROY CLAYCOMB","SUNDANCE HARDWARE","CAMPAIGN YARD SIGNS, BUTTONS, PENS, ETC.","6/17/2026","SUNDANCE, WY 82729","FILED","12.58"
"CANDIDATE COMMITTEE","COMMITTEE TO ELECT TROY CLAYCOMB","WILDER GRAPHICS","CAMPAIGN YARD SIGNS, BUTTONS, PENS, ETC.","6/17/2026","NEWCASTLE, WY 82701","FILED","1000"
"CANDIDATE COMMITTEE","CONNOLLY FOR STATE HOUSE","ELECTION HIVE","CONSULTING","6/17/2026","SALT LAKE CITY, UT 84102","FILED","1575"
"CANDIDATE COMMITTEE","CONNOLLY FOR STATE HOUSE","OLSON STRATEGIES & ADVERTISING, INC","ADVERTISING - MISC.","6/17/2026","ALEXANDRIA, VA 22314","FILED","2100"
"CANDIDATE","DONNA KAY RICE ","MEDIAFAST","ADVERTISING - MISC.","6/17/2026","LINDON, UT 84042","FILED","9139"
"CANDIDATE COMMITTEE","EAMON O'TOOLE FOR WYOMING","THE PRINT SHOP","CAMPAIGN YARD SIGNS, BUTTONS, PENS, ETC.","6/17/2026","CRAIG, WY 81625","FILED","123.01"
"CANDIDATE COMMITTEE","EDWARDS FOR WYOMING","WALMART","OFFICE SUPPLIES","6/17/2026","CHEYENNE, WY 82009","FILED","2.06"
"CANDIDATE COMMITTEE","FRIENDS OF JULIE JARVIS","UPSLOPE MEDIA LLC","GRAPHICS/WEBSITE FEES","6/17/2026","CASPER, WY 82601","FILED","129.46"
"CANDIDATE COMMITTEE","GERINGER FOR WYOMING","AMAZON","CAMPAIGN YARD SIGNS, BUTTONS, PENS, ETC.","6/17/2026","WA ","FILED","199.68"
"CANDIDATE COMMITTEE","HARSHMAN FOR WYOMING","COWBOY STATE DAILY","ADVERTISING - DIGITAL","6/17/2026","JACKSON, WY 83002","FILED","12000"
"CANDIDATE","JAMES TEMPLE ","AMAZON","CAMPAIGN YARD SIGNS, BUTTONS, PENS, ETC.","6/17/2026","WY ","FILED","62.64"
"CANDIDATE","JAMES TEMPLE ","VISTA PRINT","PRINTING","6/17/2026","WY ","FILED","782.26"
"CANDIDATE","KAREN WEBER ","FED EX ","CAMPAIGN YARD SIGNS, BUTTONS, PENS, ETC.","6/17/2026","CHEYENNE, WY ","FILED","1565.46"
"CANDIDATE","KAREN WEBER ","OFFICE DEPOT","OFFICE SUPPLIES","6/17/2026","CHEYENNE, WY ","FILED","69.17"
"CANDIDATE","LEVI ASAY ","4OINTERNATIONALLLC","PRINTING","6/17/2026","","FILED","1565"
"CANDIDATE","LISA L. ENGEBRETSEN ","SIGNS ON THE CHEAP","CAMPAIGN YARD SIGNS, BUTTONS, PENS, ETC.","6/17/2026","AUSTIN, TX 78758","FILED","2346.78"
"CANDIDATE","LISA L. ENGEBRETSEN ","UPSLOPE MEDIA","ADVERTISING - NEWSPAPER","6/17/2026","CASPER, WY 82601","FILED","750"
"CANDIDATE","MATTHEW HURT ","META","ADVERTISING - DIGITAL","6/17/2026","CHEYENNE, WY 82001","FILED","13"
"CANDIDATE COMMITTEE","MEGAN FOR GOVERNOR","JACKALOPE TRAVEL STOP","TRAVEL (HOTEL, GAS, ETC.)","6/17/2026","DUBOIS, WY 82513","FILED","131.21"
"CANDIDATE COMMITTEE","MEGAN FOR GOVERNOR","META PLATFORMS (FACEBOOK)","ADVERTISING - DIGITAL","6/17/2026","MENLO PARK, CA 94025","FILED","75"
"CANDIDATE COMMITTEE","MEGAN FOR GOVERNOR","WINRED TECHNICAL SERVICES","BANKING ","6/17/2026","CHEYENNE, WY 82001","FILED","0.99"
"CANDIDATE","NEIL JESKE ","ACE HARDWARE","OTHER: CAMPAIGN SUPPLIES","6/17/2026","CASPER, WY 82604","FILED","14.83"
"CANDIDATE","NEIL JESKE ","OUT OF THE BOX PERFORMANCE","OTHER: CAMPAIGN DATA - VOTER DATA","6/17/2026","COLORADO SPRINGS, CO 80909","FILED","205.98"
"CANDIDATE","NEIL JESKE ","SUPERCHEAPSIGNS.COM","CAMPAIGN YARD SIGNS, BUTTONS, PENS, ETC.","6/17/2026","WY ","FILED","740.72"
"CANDIDATE","PAUL L WING ","SQUARE","ADMINISTRATIVE COSTS","6/17/2026","OAKLAND, CA 94612","FILED","3.6"
"CANDIDATE","PAUL V HOEFT ","USPS","POSTAGE","6/17/2026","POWELL, WY 82435","FILED","156"
"CANDIDATE","QWENTON EAGLE OVIATT ","EXXON ONE STOP","TRAVEL (HOTEL, GAS, ETC.)","6/17/2026","LANDER, WY ","FILED","38.87"
"CANDIDATE","ROBERT L HENDRY ","B & B RUBBER STAMP","OTHER: NAME TAGS","6/17/2026","CASPER, WY 82601","AMEND - ADD","25.44"
"CANDIDATE","ROY BIRT ","OUT OF THE BOX PERFORMANCE","CONSULTING","6/17/2026","CHEYENNE, WY 82201","FILED","431.6"
"CANDIDATE COMMITTEE","SHORT FOR STATE","COWBOY STATE DAILY","ADVERTISING - DIGITAL","6/17/2026","WY ","FILED","6500"
"CANDIDATE COMMITTEE","SPECKNER FOR HOUSE DISTRICT 5","ELECTION HIVE","CONSULTING","6/17/2026","SALT LAKE CITY, UT 84101","FILED","1750"
"CANDIDATE COMMITTEE","STACY JONES FOR SENATE DISTRICT 13","DOLLAR TREE","ADVERTISING - MISC.","6/17/2026","WY ","FILED","20.67"
"CANDIDATE COMMITTEE","STACY JONES FOR SENATE DISTRICT 13","WAL MART","ADVERTISING - MISC.","6/17/2026","WY ","FILED","17.74"
"CANDIDATE COMMITTEE","STUDY4WYOMING","AMAZON","CAMPAIGN YARD SIGNS, BUTTONS, PENS, ETC.","6/17/2026","WY ","FILED","38.14"
"CANDIDATE COMMITTEE","STUDY4WYOMING","AMAZON","OFFICE SUPPLIES","6/17/2026","WY ","FILED","16.42"
"CANDIDATE COMMITTEE","THE FRIENDS TO ELECT MARK JONES","HOPE DENNIS","FOOD AND BEVERAGES","6/17/2026","BUFFALO, WY 82834","FILED","153.81"
"CANDIDATE COMMITTEE","TONY NIEMIEC FOR WYOMING","AMAZON","CAMPAIGN YARD SIGNS, BUTTONS, PENS, ETC.","6/17/2026","WY ","FILED","205.44"
"CANDIDATE COMMITTEE","TONY NIEMIEC FOR WYOMING","BACKSTAGE SCREEN PRINTING","ADVERTISING - MISC.","6/17/2026","ROCK SPRINGS, WY 82901","FILED","359.24"
"CANDIDATE COMMITTEE","TONY NIEMIEC FOR WYOMING","ORIENTAL TRADING COMPANY","CAMPAIGN YARD SIGNS, BUTTONS, PENS, ETC.","6/17/2026","OMAHA, WY 68103","FILED","271.23"
"CANDIDATE COMMITTEE","ALLEN HOGG FOR WYOMING","DALE CLARK","ADVERTISING - MISC.","6/16/2026","BURLINGTON, WY 82411","FILED","250"
"CANDIDATE COMMITTEE","ALLEN HOGG FOR WYOMING","RICK HENDERSON","ADVERTISING - MISC.","6/16/2026","POWELL, WY 82435","FILED","250"
"CANDIDATE","ANDREW BYRON ","JH CHAMBER","ADVERTISING - MISC.","6/16/2026","JACKSON, WY 83001","FILED","100"
"CANDIDATE COMMITTEE","BARLOW FOR WYOMING","AMAZON","CAMPAIGN YARD SIGNS, BUTTONS, PENS, ETC.","6/16/2026","SEATTLE, WA 98108","FILED","119.4"
"CANDIDATE COMMITTEE","BARLOW FOR WYOMING","GILLETTE NEWS RECORD","ADVERTISING - NEWSPAPER","6/16/2026","GILLETTE, WY 82718","FILED","332.4"
"CANDIDATE COMMITTEE","BARLOW FOR WYOMING","UNITED STATES POSTAL SERVICE","SHIPPING","6/16/2026","CHEYENNE, WY 82009","FILED","81.88"
"CANDIDATE COMMITTEE","BECKER COMMITTEE","AMAZON","CAMPAIGN YARD SIGNS, BUTTONS, PENS, ETC.","6/16/2026","WY ","FILED","300.96"
"CANDIDATE COMMITTEE","BEN HORNOK FOR WY","PBR PRINTING","POSTAGE","6/16/2026","CHEYENNE, WY 82009","FILED","1237.46"
"CANDIDATE COMMITTEE","BEN HORNOK FOR WY","PBR PRINTING","PRINTING","6/16/2026","CHEYENNE, WY 82009","FILED","2322.18"
"CANDIDATE COMMITTEE","BEN HORNOK FOR WY","SAM'S CLUB","FOOD AND BEVERAGES","6/16/2026","CHEYENNE, WY 82009","FILED","16.48"
"CANDIDATE COMMITTEE","BEN HORNOK FOR WY","WALMART","OFFICE SUPPLIES","6/16/2026","CHEYENNE, WY 82009","FILED","6.43"
"CANDIDATE COMMITTEE","BIGELOW FOR HD51","ALPHAGRAPHICS","CAMPAIGN YARD SIGNS, BUTTONS, PENS, ETC.","6/16/2026","SHERIDAN, WY 82801","FILED","706.25"
"CANDIDATE COMMITTEE","BIGELOW FOR HD51","ALPHAGRAPHICS","CAMPAIGN YARD SIGNS, BUTTONS, PENS, ETC.","6/16/2026","SHERIDAN, WY 82801","FILED","44.57"
"CANDIDATE COMMITTEE","BIGELOW FOR HD51","SHIPTON'S BIG R","FOOD AND BEVERAGES","6/16/2026","SHERIDAN, WY 82801","FILED","54.93"
"CANDIDATE COMMITTEE","BIGELOW FOR HD51","UPS STORE","PRINTING","6/16/2026","SHERIDAN, WY 82801","FILED","94"
"CANDIDATE","BILL FORTNER ","CAMPBELL COUNTY FAIR","ADVERTISING - MISC.","6/16/2026","GILLETTE, WY 82718","FILED","240"
"CANDIDATE COMMITTEE","BINGHAM FOR WYOMING","SWEET SERVICES ","ADVERTISING - MISC.","6/16/2026","","FILED","223.8"
"CANDIDATE COMMITTEE","BINGHAM FOR WYOMING","WINRED TECHNICAL SERVICES LLC","BANKING ","6/16/2026","","FILED","9.85"
"CANDIDATE COMMITTEE","BRENT BIEN FOR GOVERNOR","FACEBOOK","ADVERTISING - DIGITAL","6/16/2026","WY ","FILED","69"
"CANDIDATE COMMITTEE","BUTCHER FOR WYOMING","ACE HARDWARE","CAMPAIGN YARD SIGNS, BUTTONS, PENS, ETC.","6/16/2026","WY ","FILED","19.06"
"CANDIDATE COMMITTEE","CARLIN JONES FOR WYOMING","MAVERIK","TRAVEL (HOTEL, GAS, ETC.)","6/16/2026","THERMOPOLIS, WY ","FILED","98.68"
"CANDIDATE COMMITTEE","CARLIN JONES FOR WYOMING","MCDONALDS","FOOD AND BEVERAGES","6/16/2026","THERMOPOLIS, WY ","FILED","19.46"
"CANDIDATE COMMITTEE","COMMITTEE TO ELECT ANNE ZIEGENHORN","SIGNS.COM","ADVERTISING - MISC.","6/16/2026","VAN NUYS, CA 91406","FILED","135.82"
"CANDIDATE COMMITTEE","COMMITTEE TO ELECT ANNE ZIEGENHORN","YARD SIGNS PLUS","CAMPAIGN YARD SIGNS, BUTTONS, PENS, ETC.","6/16/2026","RICHOND, TX 77469","FILED","578.6"
"CANDIDATE COMMITTEE","COMMITTEE TO ELECT BOB DAVIS","DON PEDROS","FOOD AND BEVERAGES","6/16/2026","WY ","FILED","60.74"
"CANDIDATE COMMITTEE","COMMITTEE TO ELECT BOB DAVIS","KELLY'S CONVENIENCE STORE","TRAVEL (HOTEL, GAS, ETC.)","6/16/2026","WY ","FILED","69.37"
"CANDIDATE COMMITTEE","COMMITTEE TO ELECT BRITNEY TENNANT","BIRGITT PAUL","PRINTING","6/16/2026","CHEYENNE, WY 82009","FILED","84"
"CANDIDATE COMMITTEE","COMMITTEE TO ELECT DWAYNE DILLINGER","GILLETTE CHAMBER","ADVERTISING - MISC.","6/16/2026","WY ","FILED","150"
"CANDIDATE COMMITTEE","COMMITTEE TO ELECT JD WILLIAMS ","BOMGAARS","CAMPAIGN YARD SIGNS, BUTTONS, PENS, ETC.","6/16/2026","NEWCASTLE, WY 82701","FILED","52.48"
"CANDIDATE COMMITTEE","COMMITTEE TO ELECT KEENAN MORGAN","AMBI MAIL & MARKETING","CAMPAIGN YARD SIGNS, BUTTONS, PENS, ETC.","6/16/2026","CASPER, WY 82601","FILED","839.73"
"CANDIDATE COMMITTEE","COMMITTEE TO ELECT KEN PENDERGRAFT","IONOS","GRAPHICS/WEBSITE FEES","6/16/2026","WY ","FILED","50.45"
"CANDIDATE COMMITTEE","COMMITTEE TO ELECT KRISTI RACINES","CAMPBELL COUNTY CHAMBER OF COMMERCE","FACILITY FEE","6/16/2026","WY ","FILED","150"
"CANDIDATE COMMITTEE","COMMITTEE TO ELECT LAURIE BRATTEN","ANEDOT","BANKING ","6/16/2026","NEW ORLEANS, LA 70112","FILED","20.3"
"CANDIDATE COMMITTEE","COMMITTEE TO ELECT ZETA","CANVA","PRINTING","6/16/2026","WY ","FILED","54.88"
"CANDIDATE COMMITTEE","COSTELLO FOR CASPER","AMAZON","OTHER: CAMPAIGN CUPS/KEYCHAINS","6/16/2026","WY ","FILED","100.77"
"CANDIDATE","DONNA KAY RICE ","VISTAPRINT","CAMPAIGN YARD SIGNS, BUTTONS, PENS, ETC.","6/16/2026","WY ","FILED","732.1"
"CANDIDATE COMMITTEE","FRIENDS OF CJ YOUNG","LITTLE OL PRINT SHOP","PRINTING","6/16/2026","CHEYENNE, WY 82001","FILED","84"
"CANDIDATE COMMITTEE","FRIENDS OF GAVIN LOBMEYER ","OFFICE DEPOT ","OFFICE SUPPLIES","6/16/2026","WY ","FILED","23.09"
"CANDIDATE COMMITTEE","JEANETTE WARD FOR WYOMING","META","ADVERTISING - DIGITAL","6/16/2026","MENLO PARK, CA 94025","FILED","125"
"CANDIDATE COMMITTEE","KEVIN HELLING FOR WYOMING","SIGNS ON THE CHEAP","CAMPAIGN YARD SIGNS, BUTTONS, PENS, ETC.","6/16/2026","AUSTIN, TX 78758","FILED","972"
"CANDIDATE COMMITTEE","KEVIN HELLING FOR WYOMING","VISTAPRINT","PRINTING","6/16/2026","WALTHAM, MA 02451","FILED","76.3"
"CANDIDATE","LEVI ASAY ","RAWHIDE COFFEE","FOOD AND BEVERAGES","6/16/2026","CODY, WY ","FILED","7.8"
"CANDIDATE","LISA L. ENGEBRETSEN ","ANEDOT","GRAPHICS/WEBSITE FEES","6/16/2026","DALLAS, TX 75206","FILED","21.6"
"CANDIDATE","LISA L. ENGEBRETSEN ","UPSLOPE","ADVERTISING - DIGITAL","6/16/2026","CASPER, WY 82601","FILED","1550"
"CANDIDATE","MARLENE BRADY ","BOMGAARS","OFFICE SUPPLIES","6/16/2026","GREEN RIVER, WY 82935","FILED","9.53"
"CANDIDATE","MATTHEW HURT ","WALMART","CAMPAIGN YARD SIGNS, BUTTONS, PENS, ETC.","6/16/2026","CHEYENNE, WY 82001","FILED","53.23"
"CANDIDATE","MATTHEW LEGLER ","AMAZON","FOOD AND BEVERAGES","6/16/2026","WY ","FILED","376.04"
"CANDIDATE","MEAGAN HERRINGTON ","STICKER MULE","CAMPAIGN YARD SIGNS, BUTTONS, PENS, ETC.","6/16/2026","WY ","FILED","17.85"
"CANDIDATE","MEAGAN HERRINGTON ","STICKER MULE","CAMPAIGN YARD SIGNS, BUTTONS, PENS, ETC.","6/16/2026","WY ","FILED","26.78"
"CANDIDATE COMMITTEE","MEGAN FOR GOVERNOR","A. D. MARTIN LUMBER DUBOIS","CAMPAIGN YARD SIGNS, BUTTONS, PENS, ETC.","6/16/2026","DUBOIS, WY 82513","FILED","76.37"
"CANDIDATE COMMITTEE","MEGAN FOR GOVERNOR","BIG R RANCH & HOME","CAMPAIGN YARD SIGNS, BUTTONS, PENS, ETC.","6/16/2026","JACKSON, WY 83001","FILED","218.09"
"CANDIDATE COMMITTEE","MEGAN FOR GOVERNOR","META PLATFORMS (FACEBOOK)","ADVERTISING - DIGITAL","6/16/2026","MENLO PARK, CA 94025","FILED","150"
"CANDIDATE COMMITTEE","MYCA FOR SHERIDAN","ALPHA GRAPHICS","PRINTING","6/16/2026","WY ","FILED","1805.36"
"CANDIDATE","PAUL L WING ","OFFICE DEPOT","OFFICE SUPPLIES","6/16/2026","CHEYENNE, WY 82001","FILED","41.99"
"CANDIDATE COMMITTEE","SHORT FOR STATE","BIG D","TRAVEL (HOTEL, GAS, ETC.)","6/16/2026","WY ","FILED","21.59"
"CANDIDATE COMMITTEE","SINGH FOR WYOMING","PBR PRINTING","PRINTING","6/16/2026"," , WY ","FILED","100.5"
"CANDIDATE COMMITTEE","STACY JONES FOR SENATE DISTRICT 13","WAL MART","ADVERTISING - MISC.","6/16/2026","WY ","FILED","66.45"
"CANDIDATE COMMITTEE","STUDY4WYOMING","AMAZON","CAMPAIGN YARD SIGNS, BUTTONS, PENS, ETC.","6/16/2026","WY ","FILED","396.6"
"CANDIDATE COMMITTEE","STUDY4WYOMING","AMAZON","CAMPAIGN YARD SIGNS, BUTTONS, PENS, ETC.","6/16/2026","WY ","FILED","20.91"
"CANDIDATE COMMITTEE","STUDY4WYOMING","AMAZON","FOOD AND BEVERAGES","6/16/2026","WY ","FILED","147.94"
"CANDIDATE COMMITTEE","STUDY4WYOMING","NAMECHEAP","GRAPHICS/WEBSITE FEES","6/16/2026","AZ ","FILED","11.48"
"CANDIDATE","TAFT CARROLL LOVE ","OLSON STRATEGIES ","ADVERTISING - MISC.","6/16/2026","WY ","FILED","2500"
"CANDIDATE COMMITTEE","WRIGHT4WYOMING","ACRP","OTHER: OTHER","6/16/2026","","FILED","200"
"CANDIDATE COMMITTEE","ALLEN HOGG FOR WYOMING","7 LAZY S CAFE","FOOD AND BEVERAGES","6/15/2026","THERMOPOLIS, WY 82443","FILED","130.19"
"CANDIDATE COMMITTEE","ALLEN HOGG FOR WYOMING","MAVERIK","TRAVEL (HOTEL, GAS, ETC.)","6/15/2026","THERMOPOLIS, WY 82443","FILED","61.01"
"CANDIDATE COMMITTEE","ANA 4 WYOMING","MICHAEL'S","CAMPAIGN YARD SIGNS, BUTTONS, PENS, ETC.","6/15/2026","WY ","FILED","10.83"
"CANDIDATE COMMITTEE","ANGELOS FOR WYOMING","AMAZON","CAMPAIGN YARD SIGNS, BUTTONS, PENS, ETC.","6/15/2026","SEATTLE, WA ","FILED","162.73"
"CANDIDATE COMMITTEE","BARLOW FOR WYOMING","KLAVIYO","IT SERVICES","6/15/2026","BOSTON, MA 02111","FILED","60"
"CANDIDATE COMMITTEE","BARLOW FOR WYOMING","PBR PRINTING","PRINTING","6/15/2026","CHEYENNE, WY 82009","FILED","75.87"
"CANDIDATE COMMITTEE","BIGELOW FOR HD51","ANEDOT","BANKING ","6/15/2026","DALLAS, TX 75206","FILED","8.3"
"CANDIDATE COMMITTEE","BIGELOW FOR HD51","WALGREEN'S","PRINTING","6/15/2026","SHERIDAN, WY 82801","FILED","5.71"
"CANDIDATE","CATHERINE DIANE MCQUEEN ","AMBI MAIL & MARKETING","CAMPAIGN YARD SIGNS, BUTTONS, PENS, ETC.","6/15/2026","WY ","FILED","76.04"
"CANDIDATE","CLARENCE L STYVAR ","AMBI","CAMPAIGN YARD SIGNS, BUTTONS, PENS, ETC.","6/15/2026","CASPER, WY 82602","FILED","1222.72"
"CANDIDATE","CLARENCE L STYVAR ","AMBI","CAMPAIGN YARD SIGNS, BUTTONS, PENS, ETC.","6/15/2026","CASPER, WY 82602","FILED","374.8"
"CANDIDATE","CLARENCE L STYVAR ","AMBI","CAMPAIGN YARD SIGNS, BUTTONS, PENS, ETC.","6/15/2026","CASPER, WY 82602","FILED","521.61"
"CANDIDATE COMMITTEE","COMMITTEE TO ELECT BOB DAVIS","GULF OIL","TRAVEL (HOTEL, GAS, ETC.)","6/15/2026","WY ","FILED","45.37"
"CANDIDATE COMMITTEE","COMMITTEE TO ELECT BOB DAVIS","GULF OIL","TRAVEL (HOTEL, GAS, ETC.)","6/15/2026","WY ","FILED","76.94"
"CANDIDATE COMMITTEE","COMMITTEE TO ELECT BOB DAVIS","RENEGADE CAFE","FOOD AND BEVERAGES","6/15/2026","WY ","FILED","49.56"
"CANDIDATE COMMITTEE","COMMITTEE TO ELECT BOB DAVIS","RENEGADE CAFE","FOOD AND BEVERAGES","6/15/2026","WY ","FILED","61.96"
"CANDIDATE COMMITTEE","COMMITTEE TO ELECT BOB DAVIS","THE PIT","FOOD AND BEVERAGES","6/15/2026","WY ","FILED","73.47"
"CANDIDATE COMMITTEE","COMMITTEE TO ELECT BRITNEY TENNANT","LOAF AND JUG","TRAVEL (HOTEL, GAS, ETC.)","6/15/2026","CHEYENNE, WY 82001","FILED","62.15"
"CANDIDATE COMMITTEE","COMMITTEE TO ELECT DOUGLAS MOORE","CUSTOM PRINTS","ADVERTISING - MISC.","6/15/2026","WY ","FILED","1386.6"
"CANDIDATE COMMITTEE","COMMITTEE TO ELECT DWAYNE DILLINGER","HAY CREEK GOLF COURSE","ENTERTAINMENT","6/15/2026","WY ","FILED","280"
"CANDIDATE COMMITTEE","COSTELLO FOR CASPER","ELECTION HIVE","CONSULTING","6/15/2026","WY ","FILED","1575"
"CANDIDATE","DARIN M MCCANN ","TRUE IMAGE ","PRINTING","6/15/2026","ROCK SPRINGS, WY 82901","FILED","31.26"
"CANDIDATE","DAVID KARL WALTON ","BACKWOOD THREADS & APPAREL","CAMPAIGN YARD SIGNS, BUTTONS, PENS, ETC.","6/15/2026","EVANSTON, WY 82930","FILED","290"
"CANDIDATE","DONNA KAY RICE ","USPS","RENT","6/15/2026","CASPER, WY 82602","FILED","125"
"CANDIDATE","DONNA KAY RICE ","VOTTIV","IT SERVICES","6/15/2026","WY ","FILED","900"
"CANDIDATE COMMITTEE","EDWARDS FOR WYOMING","OLSEN STRATEGIES & ADVERTISING, INC.","CONSULTING","6/15/2026","ALEXANDRIA, VA 22314","FILED","6950"
"CANDIDATE COMMITTEE","ERICKSON FOR HD 37","STAPLES","CAMPAIGN YARD SIGNS, BUTTONS, PENS, ETC.","6/15/2026","CASPER, WY 82609","FILED","20.08"
"CANDIDATE COMMITTEE","FRIENDS OF CJ YOUNG","SHAINA STUDY ","CONSULTING","6/15/2026","CHEYENNE, WY 82001","FILED","250"
"CANDIDATE COMMITTEE","FRIENDS OF CJ YOUNG","THE ALBANY ","FOOD AND BEVERAGES","6/15/2026","CHEYENNE, WY 82001","FILED","49.5"
"CANDIDATE COMMITTEE","HARSHMAN FOR WYOMING","PEDEN'S","ADVERTISING - MISC.","6/15/2026","CASPER, WY 82601","FILED","813.02"
"CANDIDATE COMMITTEE","KENNETH D. ROBERTS","FOSSIL FEST","OTHER: PARADE REGISTRATION FEE","6/15/2026","KEMMERER, WY 83101","FILED","15"
"CANDIDATE COMMITTEE","LAUREN SCHOENFELD FOR WYOMING","BIG D FUEL STATION","TRAVEL (HOTEL, GAS, ETC.)","6/15/2026","CHEYENNE, WY 82009","FILED","75"
"CANDIDATE","LISA WILSON ","SQUARESPACE","GRAPHICS/WEBSITE FEES","6/15/2026","NY, NY 10014","FILED","25"
"CANDIDATE","MARLENE BRADY ","AMAZON","FOOD AND BEVERAGES","6/15/2026","GREEN RIVER, WY 82935","FILED","190.02"
"CANDIDATE","MATTHEW HURT ","COMMUNITY RECREATIONS AND EVENT","FACILITY FEE","6/15/2026","CHEYENNE, WY 82001","FILED","102.9"
"CANDIDATE","MATTHEW LEGLER ","SUPER CHEAP SIGNS","CAMPAIGN YARD SIGNS, BUTTONS, PENS, ETC.","6/15/2026","WY ","FILED","418.71"
"CANDIDATE","MEAGAN HERRINGTON ","VICTORY","CAMPAIGN YARD SIGNS, BUTTONS, PENS, ETC.","6/15/2026","WY ","FILED","749.24"
"CANDIDATE COMMITTEE","MEGAN FOR GOVERNOR","ABIGAIL VROMAN","PAYROLL","6/15/2026","CHEYENNE, WY 82009","FILED","150"
"CANDIDATE COMMITTEE","MEGAN FOR GOVERNOR","ALLIANCE FORGE ELECTION TECHNOLOGY","ADVERTISING - DIGITAL","6/15/2026","SPARKS, NV 89436","FILED","120.61"
"CANDIDATE COMMITTEE","MEGAN FOR GOVERNOR","ALLIANCE FORGE ELECTION TECHNOLOGY","ADVERTISING - DIGITAL","6/15/2026","SPARKS, NV 89436","FILED","32.03"
"CANDIDATE COMMITTEE","MEGAN FOR GOVERNOR","COLE CLEVEN","CAMPAIGN YARD SIGNS, BUTTONS, PENS, ETC.","6/15/2026","LARAMIE, WY 82070","FILED","385"
"CANDIDATE COMMITTEE","MEGAN FOR GOVERNOR","CULINARY RANGE","FOOD AND BEVERAGES","6/15/2026","VICTOR, ID 83455","FILED","3625.2"
"CANDIDATE COMMITTEE","MEGAN FOR GOVERNOR","GOOGLE WORKSPACE","ADVERTISING - DIGITAL","6/15/2026","MOUNTAIN VIEW, CA 94043","FILED","500"
"CANDIDATE COMMITTEE","MEGAN FOR GOVERNOR","JACE DAVIS","CAMPAIGN YARD SIGNS, BUTTONS, PENS, ETC.","6/15/2026","CHEYENNE, WY 82009","FILED","300"
"CANDIDATE COMMITTEE","MEGAN FOR GOVERNOR","KEYAN RUCKMAN","CAMPAIGN YARD SIGNS, BUTTONS, PENS, ETC.","6/15/2026","CHEYENNE, WY 82009","FILED","300"
"CANDIDATE COMMITTEE","MEGAN FOR GOVERNOR","META PLATFORMS (FACEBOOK)","ADVERTISING - DIGITAL","6/15/2026","MENLO PARK, CA 94025","FILED","375"
"CANDIDATE COMMITTEE","MEGAN FOR GOVERNOR","TETON COUNTY REPUBLICAN PARTY","OTHER: EVENT TICKETS","6/15/2026","JACKSON, WY 83002","FILED","51.5"
"CANDIDATE COMMITTEE","MEGAN FOR GOVERNOR","TOWN OF AFTON","FACILITY FEE","6/15/2026","AFTON, WY 83110","FILED","64"
"CANDIDATE","NEIL JESKE ","FACEBOOK.COM","ADVERTISING - DIGITAL","6/15/2026","WY ","FILED","10.66"
"CANDIDATE","QWENTON EAGLE OVIATT ","GOOGLE","IT SERVICES","6/15/2026","MOUNTAIN VIEW, CA ","FILED","104.99"
"CANDIDATE","R. J. KOST ","BASIN REPUBLICAN RUSTLER","ADVERTISING - NEWSPAPER","6/15/2026","BASIN, WY 82410","FILED","838"
"CANDIDATE","R. J. KOST ","POWELL TRIBUNE","CAMPAIGN YARD SIGNS, BUTTONS, PENS, ETC.","6/15/2026","POWELL, WY 82435","FILED","1150.56"
"CANDIDATE","ROY BIRT ","OUT OF THE BOX PERFORMANCE","OTHER: VOTER INFORMATION","6/15/2026","CHEYENNE, WY 82001","FILED","250"
"CANDIDATE","SCOTT HEINER ","AMAZON","OFFICE SUPPLIES","6/15/2026","SEATTLE, WA 98109","FILED","6.88"
"CANDIDATE COMMITTEE","SHORT FOR STATE","BIG D","TRAVEL (HOTEL, GAS, ETC.)","6/15/2026","WY ","FILED","31.03"
"CANDIDATE COMMITTEE","SHORT FOR STATE","STINKER","TRAVEL (HOTEL, GAS, ETC.)","6/15/2026","WY ","FILED","32.58"
"CANDIDATE COMMITTEE","SINGH FOR WYOMING","ACE HARDWARE","CAMPAIGN YARD SIGNS, BUTTONS, PENS, ETC.","6/15/2026","WY ","FILED","17.84"
"CANDIDATE COMMITTEE","STACY JONES FOR SENATE DISTRICT 13","AMAZON","ADVERTISING - MISC.","6/15/2026","WY ","FILED","193.98"
"CANDIDATE COMMITTEE","STACY JONES FOR SENATE DISTRICT 13","COSTCO","ADVERTISING - MISC.","6/15/2026","WY ","FILED","28.98"
"CANDIDATE COMMITTEE","STACY JONES FOR SENATE DISTRICT 13","RADIANT MFG","ADVERTISING - MISC.","6/15/2026","WY ","FILED","318"
"CANDIDATE COMMITTEE","STACY JONES FOR SENATE DISTRICT 13","RADIANT MFG","ADVERTISING - MISC.","6/15/2026","WY ","FILED","132.5"
"CANDIDATE COMMITTEE","STUDY4WYOMING","CITY OF LARAMIE FREEDOM HAS A BIRTHDAY","ADVERTISING - MISC.","6/15/2026","LARAMIE, WY ","FILED","75"
"CANDIDATE COMMITTEE","SYMONS FOR SHERIDAN","COMMITTEE TO ELECT DOUGLAS MOORE","CANDIDATE/COMMITTEE CONTRIBUTION","6/15/2026","SHERIDAN, WY 82801","FILED","307"
"CANDIDATE","TAFT CARROLL LOVE ","MENARDS","CAMPAIGN YARD SIGNS, BUTTONS, PENS, ETC.","6/15/2026","CHEYENNE, WY 82009","FILED","347.89"
"CANDIDATE","TAFT CARROLL LOVE ","PRINTED SIGNS CUSTOM","CAMPAIGN YARD SIGNS, BUTTONS, PENS, ETC.","6/15/2026","CHEYENNE, WY 82009","FILED","779.94"
"CANDIDATE","TAFT CARROLL LOVE ","TRACTOR SUPPLY","CAMPAIGN YARD SIGNS, BUTTONS, PENS, ETC.","6/15/2026","CHEYENNE, WY 82009","FILED","7.32"
"CANDIDATE COMMITTEE","WILLOX FOR WYOMING","BOMGAARS","CAMPAIGN YARD SIGNS, BUTTONS, PENS, ETC.","6/15/2026","DOUGLAS, WY 82633","FILED","39.8"
"CANDIDATE COMMITTEE","CHESTEK FOR HD 13","AMAZON","CAMPAIGN YARD SIGNS, BUTTONS, PENS, ETC.","6/14/2026","WY ","FILED","92.21"
"CANDIDATE COMMITTEE","COMMITTEE TO ELECT KRISTI RACINES","KING SOOPERS","TRAVEL (HOTEL, GAS, ETC.)","6/14/2026","WY ","FILED","63.16"
"CANDIDATE COMMITTEE","DAVID HILL FOR HOUSE DISTRICT 50","BOOKING.COM","TRAVEL (HOTEL, GAS, ETC.)","6/14/2026","","FILED","294.56"
"CANDIDATE","EXIE R BROWN JR","BURGER KING","TRAVEL (HOTEL, GAS, ETC.)","6/14/2026","CASPER, WY ","FILED","12.92"
"CANDIDATE","EXIE R BROWN JR","SINCLAIR","TRAVEL (HOTEL, GAS, ETC.)","6/14/2026","BUFFALO, WY ","FILED","90.98"
"CANDIDATE COMMITTEE","JAMES WAMSLEY FOR WYOMING","AMAZON","OFFICE SUPPLIES","6/14/2026","SEATTLE, WA 98109","FILED","137.79"
"CANDIDATE COMMITTEE","LAUREN SCHOENFELD FOR WYOMING","AMAZON","CAMPAIGN YARD SIGNS, BUTTONS, PENS, ETC.","6/14/2026","SEATTLE, WA 98109","FILED","25.44"
"CANDIDATE","LEVI ASAY ","TREASURED MEMORIES","PRINTING","6/14/2026","CODY, WY ","FILED","44.25"
"CANDIDATE","LISA L. ENGEBRETSEN ","HARBOR FREIGHT","CAMPAIGN YARD SIGNS, BUTTONS, PENS, ETC.","6/14/2026","CASPER, WY 82604","FILED","254.38"
"CANDIDATE","LISA L. ENGEBRETSEN ","QR.IO GENERATOR","CAMPAIGN YARD SIGNS, BUTTONS, PENS, ETC.","6/14/2026","MIDDLETOWN, DE 19709","FILED","39.99"
"CANDIDATE","LISA L. ENGEBRETSEN ","SUTHERLANDS","CAMPAIGN YARD SIGNS, BUTTONS, PENS, ETC.","6/14/2026","CASPER, WY 82604","FILED","331.53"
"CANDIDATE","MEAGAN HERRINGTON ","OFFICE DEPOT","OFFICE SUPPLIES","6/14/2026","WY ","FILED","124.83"
"CANDIDATE COMMITTEE","MEGAN FOR GOVERNOR","VIBE","ADVERTISING - DIGITAL","6/14/2026","CHICAGO, IL 60613","FILED","500"
"CANDIDATE","NEIL JESKE ","MENARDS","OTHER: CAMPAIGN SUPPLIES","6/14/2026","CASPER, WY ","FILED","128.24"
"CANDIDATE","R. J. KOST ","POWELL ACE HARDWARE","CAMPAIGN YARD SIGNS, BUTTONS, PENS, ETC.","6/14/2026","POWELL, WY 82435","FILED","50.9"
"CANDIDATE COMMITTEE","REINER FOR WYOMING","OFFICE DEPOT","ADMINISTRATIVE COSTS","6/14/2026","CHEYENNE, WY 82009","FILED","39.45"
"CANDIDATE","TONY LOCKE ","CAMPAIGN PARTNER","GRAPHICS/WEBSITE FEES","6/14/2026","","FILED","29"
"CANDIDATE COMMITTEE","WRIGHT4WYOMING","MAKE STICKERS","CAMPAIGN YARD SIGNS, BUTTONS, PENS, ETC.","6/14/2026","","FILED","197.38"
"CANDIDATE COMMITTEE","ALLEN HOGG FOR WYOMING","UPS","CAMPAIGN YARD SIGNS, BUTTONS, PENS, ETC.","6/13/2026","CODY, WY 82141","FILED","268.03"
"CANDIDATE COMMITTEE","BARLOW FOR WYOMING","GREEN RIVER RENDEZVOUS PARADE","ADVERTISING - MISC.","6/13/2026","PINEDALE, WY 82941","FILED","50"
"CANDIDATE COMMITTEE","BARLOW FOR WYOMING","RANGE LEATHER","CAMPAIGN YARD SIGNS, BUTTONS, PENS, ETC.","6/13/2026","LARAMIE, WY 82070","FILED","491.4"
"CANDIDATE COMMITTEE","BUTCHER FOR WYOMING","COMMON CENTS","TRAVEL (HOTEL, GAS, ETC.)","6/13/2026","WY ","FILED","83.38"
"CANDIDATE COMMITTEE","COMMITTEE TO ELECT BRITNEY TENNANT","KING SOOPERS","FOOD AND BEVERAGES","6/13/2026","CHEYENNE, WY 82009","FILED","52.42"
"CANDIDATE COMMITTEE","COMMITTEE TO ELECT DWAYNE DILLINGER","SIR SPEEDY","CAMPAIGN YARD SIGNS, BUTTONS, PENS, ETC.","6/13/2026","WY ","FILED","1107.32"
"CANDIDATE COMMITTEE","COMMITTEE TO ELECT KRISTI RACINES","ALBANY COUNTY REPUBLICAN PARTY","FACILITY FEE","6/13/2026","WY ","FILED","200"
"CANDIDATE COMMITTEE","COMMITTEE TO ELECT ZETA","GOLF CLUB AT DEVILS TOWER","ADVERTISING - MISC.","6/13/2026","WY ","FILED","25"
"CANDIDATE","DARIN M MCCANN ","LAURA PAVEY","TRAVEL (HOTEL, GAS, ETC.)","6/13/2026","ROCK SPRINGS, WY 82901","FILED","50"
"CANDIDATE","DONNA KAY RICE ","SIGNSONTHECHEAP.COM","CAMPAIGN YARD SIGNS, BUTTONS, PENS, ETC.","6/13/2026","","FILED","817.69"
"CANDIDATE COMMITTEE","EDWARDS FOR WYOMING","WALMART","FOOD AND BEVERAGES","6/13/2026","CHEYENNE, WY 82009","FILED","4.18"
"CANDIDATE COMMITTEE","JRFORHOUSE59","307PRINT SHIP&MORE","PRINTING","6/13/2026","CASPER, WY 82604","FILED","2163.9"
"CANDIDATE","NEIL JESKE ","SUPERCHEAPSIGNS.COM","CAMPAIGN YARD SIGNS, BUTTONS, PENS, ETC.","6/13/2026","WY ","FILED","402.53"
"CANDIDATE","R. J. KOST ","BLAIR'S MARKET","FOOD AND BEVERAGES","6/13/2026","POWELL, WY 82435","FILED","9.97"
"CANDIDATE","R. J. KOST ","BLAIR'S MARKET","FOOD AND BEVERAGES","6/13/2026","POWELL, WY 82435","FILED","2.49"
"CANDIDATE COMMITTEE","SHORT FOR STATE","I-25 PIT STOP","TRAVEL (HOTEL, GAS, ETC.)","6/13/2026","WY ","FILED","35.58"
"CANDIDATE COMMITTEE","SHORT FOR STATE","JIMMY JOHN'S","FOOD AND BEVERAGES","6/13/2026","WY ","FILED","16.94"
"CANDIDATE COMMITTEE","SHORT FOR STATE","TASTE LARADISE","FOOD AND BEVERAGES","6/13/2026","WY ","FILED","70"
"CANDIDATE COMMITTEE","THE FRIENDS TO ELECT MARK JONES","PAYPAL","GRAPHICS/WEBSITE FEES","6/13/2026","SAN JOSE, CA 95131","FILED","3.48"
"CANDIDATE","TINA JOHNSON ","CANVA","CAMPAIGN YARD SIGNS, BUTTONS, PENS, ETC.","6/13/2026","WY ","FILED","101.55"
"CANDIDATE COMMITTEE","ALLEN HOGG FOR WYOMING","ONE EYED BUFFALO","FOOD AND BEVERAGES","6/12/2026","THERMOPOLIS, WY 82443","FILED","888.08"
"CANDIDATE COMMITTEE","BARLOW FOR WYOMING","ALBANY COUNTY REPUBLICAN PARTY","ADVERTISING - MISC.","6/12/2026","LARAMIE, WY 82070","FILED","200"
"CANDIDATE COMMITTEE","BIGELOW FOR HD51","OFFICE DEPOT","OFFICE SUPPLIES","6/12/2026","CHEYENNE, WY 82001","FILED","60.87"
"CANDIDATE COMMITTEE","BRENT BIEN FOR GOVERNOR","STICKER MULE","CAMPAIGN YARD SIGNS, BUTTONS, PENS, ETC.","6/12/2026","WY ","FILED","114.45"
"CANDIDATE COMMITTEE","BRENT BIEN FOR GOVERNOR","STICKER MULE","CAMPAIGN YARD SIGNS, BUTTONS, PENS, ETC.","6/12/2026","WY ","FILED","116.63"
"CANDIDATE COMMITTEE","BRENT BIEN FOR GOVERNOR","STICKER MULE","CAMPAIGN YARD SIGNS, BUTTONS, PENS, ETC.","6/12/2026","WY ","FILED","58.8"
"CANDIDATE COMMITTEE","BRENT BIEN FOR GOVERNOR","VISTAPRINT","CAMPAIGN YARD SIGNS, BUTTONS, PENS, ETC.","6/12/2026","WY ","FILED","275.21"
"CANDIDATE COMMITTEE","BRENT BIEN FOR GOVERNOR","VISTAPRINT","CAMPAIGN YARD SIGNS, BUTTONS, PENS, ETC.","6/12/2026","WY ","FILED","95.53"
"CANDIDATE COMMITTEE","BRENT BIEN FOR GOVERNOR","VISTAPRINT","CAMPAIGN YARD SIGNS, BUTTONS, PENS, ETC.","6/12/2026","WY ","FILED","149.26"
"CANDIDATE COMMITTEE","CHAD AUER FOR WYOMING","MERIDIAN CREDIT UNION","BANKING ","6/12/2026","CHEYENNE, WY 82001","FILED","2"
"CANDIDATE COMMITTEE","COMMITTEE TO ELECT ANNE ZIEGENHORN","STIRRED TOGETHER BAKING COMPANY","FOOD AND BEVERAGES","6/12/2026","WRIGHT, WY 82732","FILED","204"
"CANDIDATE COMMITTEE","COMMITTEE TO ELECT ANNE ZIEGENHORN","WEBPROS","ADVERTISING - MISC.","6/12/2026","GILLETTE, WY 82717","FILED","450"
"CANDIDATE COMMITTEE","COMMITTEE TO ELECT BRITNEY TENNANT","ELIZABETH DILLOW","PRINTING","6/12/2026","CHEYENNE, WY 82001","FILED","319.5"
"CANDIDATE COMMITTEE","COMMITTEE TO ELECT BRITNEY TENNANT","PBR PRINTING","PRINTING","6/12/2026","CHEYENNE, WY 82001","FILED","271.26"
"CANDIDATE COMMITTEE","COMMITTEE TO ELECT BRITNEY TENNANT","VISTA PRINT","PRINTING","6/12/2026","LEXINGTON, MA 02421","FILED","227.85"
"CANDIDATE COMMITTEE","COMMITTEE TO ELECT DWAYNE DILLINGER","CBH COOP","TRAVEL (HOTEL, GAS, ETC.)","6/12/2026","WY ","FILED","27.86"
"CANDIDATE COMMITTEE","COMMITTEE TO ELECT EARL COLLIER FOR HOUSE DISTRICT 3","OFFICE DEPOT","PRINTING","6/12/2026","WY ","FILED","183.72"
"CANDIDATE COMMITTEE","COMMITTEE TO ELECT EARL COLLIER FOR HOUSE DISTRICT 3","OFFICE DEPOT","PRINTING","6/12/2026","WY ","FILED","41.48"
"CANDIDATE COMMITTEE","COMMITTEE TO ELECT KEN CLOUSTON","KEN CLOUSTON","TRAVEL (HOTEL, GAS, ETC.)","6/12/2026","GILLETTE, WY 82718","FILED","807.26"
"CANDIDATE COMMITTEE","COMMITTEE TO ELECT KEN PENDERGRAFT","IONOS","GRAPHICS/WEBSITE FEES","6/12/2026","WY ","FILED","10"
"CANDIDATE COMMITTEE","COMMITTEE TO ELECT KRISTI RACINES","FACEBOOK","ADVERTISING - DIGITAL","6/12/2026","","FILED","19.78"
"CANDIDATE COMMITTEE","EDWARDS FOR WYOMING","PBR PRINTING","PRINTING","6/12/2026","CHEYENNE, WY 82009","FILED","147"
"CANDIDATE COMMITTEE","GARYWILKEN 4 HD46","ACTBLUE","BANKING ","6/12/2026","BOSTON, MA 02196","FILED","0.4"
"CANDIDATE COMMITTEE","HARSHMAN FOR WYOMING","AMBI","CAMPAIGN YARD SIGNS, BUTTONS, PENS, ETC.","6/12/2026","CASPER, WY 82601","FILED","10226.08"
"CANDIDATE COMMITTEE","HARSHMAN FOR WYOMING","MENARDS","ADVERTISING - MISC.","6/12/2026","CASPER, WY 82609","FILED","100.82"
"CANDIDATE COMMITTEE","LAUREN SCHOENFELD FOR WYOMING","MENARDS","CAMPAIGN YARD SIGNS, BUTTONS, PENS, ETC.","6/12/2026","CHEYENNE, WY 82009","FILED","162.27"
"CANDIDATE COMMITTEE","MARK JENNINGS FOR HOUSE DISTRICT 30","SUPER CHEAP SIGNS","CAMPAIGN YARD SIGNS, BUTTONS, PENS, ETC.","6/12/2026","AUSTIN, TX 78758","FILED","1217.64"
"CANDIDATE COMMITTEE","MARK JENNINGS FOR HOUSE DISTRICT 30","VISTA PRINT","PRINTING","6/12/2026","WALTHAM, MA 02451","FILED","523.63"
"CANDIDATE","MATTHEW LEGLER ","AMAZON","OFFICE SUPPLIES","6/12/2026","WY ","FILED","25.98"
"CANDIDATE COMMITTEE","MEGAN FOR GOVERNOR","ABIGAIL VROMAN","PAYROLL","6/12/2026","CHEYENNE, WY 82009","FILED","1014.1"
"CANDIDATE COMMITTEE","MEGAN FOR GOVERNOR","BATTLEFIELD LLC","CONSULTING","6/12/2026","MOUNT VERNON, NY 10550","FILED","12.5"
"CANDIDATE COMMITTEE","MEGAN FOR GOVERNOR","GUSTO","TAXES","6/12/2026","SAN FRANCISCO, CA 94107","FILED","617.1"
"CANDIDATE COMMITTEE","MEGAN FOR GOVERNOR","HANNAH HARRINGTON","PAYROLL","6/12/2026","CHEYNNE, WY 82009","FILED","1095.21"
"CANDIDATE COMMITTEE","MEGAN FOR GOVERNOR","META PLATFORMS (FACEBOOK)","ADVERTISING - DIGITAL","6/12/2026","MENLO PARK, CA 94025","FILED","75"
"CANDIDATE COMMITTEE","MEGAN FOR GOVERNOR","SRCP MEDIA","ADVERTISING - MISC.","6/12/2026","ALEXANDRIA, VA 22314","FILED","19663"
"CANDIDATE COMMITTEE","MEGAN FOR GOVERNOR","WINRED TECHNICAL SERVICES","BANKING ","6/12/2026","CHEYENNE, WY 82001","FILED","3.94"
"CANDIDATE","PAUL L WING ","ATLAS REPRODUCTIONS","CAMPAIGN YARD SIGNS, BUTTONS, PENS, ETC.","6/12/2026","CASPER, WY 82602","FILED","152.25"
"CANDIDATE","PAUL L WING ","SQUARE","ADMINISTRATIVE COSTS","6/12/2026","OAKLAND, CA 94612","FILED","3.6"
"CANDIDATE","R. J. KOST ","WALMART","CAMPAIGN YARD SIGNS, BUTTONS, PENS, ETC.","6/12/2026","WY ","FILED","37.53"
"CANDIDATE","ROY BIRT ","BOMGAARS","CAMPAIGN YARD SIGNS, BUTTONS, PENS, ETC.","6/12/2026","WHEATLAND, WY 82201","FILED","11.73"
"CANDIDATE COMMITTEE","SHORT FOR STATE","LOAF N JUG","TRAVEL (HOTEL, GAS, ETC.)","6/12/2026","WY ","FILED","98.97"
"CANDIDATE COMMITTEE","SHORT FOR STATE","SAM'S CLUB FUEL","TRAVEL (HOTEL, GAS, ETC.)","6/12/2026","WY ","FILED","54.63"
"CANDIDATE COMMITTEE","SINGH FOR WYOMING","PBR PRINTING","PRINTING","6/12/2026","WY ","FILED","100.5"
"CANDIDATE COMMITTEE","STACY JONES FOR SENATE DISTRICT 13","NINJA","ADVERTISING - MISC.","6/12/2026","WY ","FILED","87.56"
"CANDIDATE COMMITTEE","STUDY4WYOMING","AMAZON","CAMPAIGN YARD SIGNS, BUTTONS, PENS, ETC.","6/12/2026","WY ","FILED","251.6"
"CANDIDATE","TONY LOCKE ","DARCIE GUDGER","CONSULTING","6/12/2026","","FILED","250"
"CANDIDATE","TONY LOCKE ","USPS","POSTAGE","6/12/2026","","FILED","887.64"
"CANDIDATE COMMITTEE","TONY NIEMIEC FOR WYOMING","RADIANT MFG","CAMPAIGN YARD SIGNS, BUTTONS, PENS, ETC.","6/12/2026","ROCK SPRINGS, WY 82901","FILED","368.26"
"CANDIDATE COMMITTEE","ALLEN HOGG FOR WYOMING","WEA MARKET","TRAVEL (HOTEL, GAS, ETC.)","6/11/2026","MEETEETSE, WY 82433","FILED","76.6"
"CANDIDATE COMMITTEE","BARLOW FOR WYOMING","INTERNATIONAL DAYS","ADVERTISING - MISC.","6/11/2026","ROCK SPRINGS, WY 82902","FILED","75"
"CANDIDATE COMMITTEE","BARLOW FOR WYOMING","PULSE DECISION SCIENCE","OTHER: OTHER","6/11/2026","EDMOND, OK 73013","FILED","39799"
"CANDIDATE COMMITTEE","BARLOW FOR WYOMING","SHERIDAN WYO RODEO","ADVERTISING - MISC.","6/11/2026","SHERIDAN, WY 82801","FILED","181"
"CANDIDATE COMMITTEE","BIGELOW FOR HD51","SIGN BOSS LLC","CAMPAIGN YARD SIGNS, BUTTONS, PENS, ETC.","6/11/2026","GILLETTE, WY 82718","FILED","499"
"CANDIDATE COMMITTEE","BRENT BIEN FOR GOVERNOR","APG ROCKIES ADVERTISING","ADVERTISING - MISC.","6/11/2026","WY ","FILED","1985"
"CANDIDATE COMMITTEE","BRENT BIEN FOR GOVERNOR","COWBOY STATE POLITICS","ADVERTISING - DIGITAL","6/11/2026","WY ","FILED","250"
"CANDIDATE COMMITTEE","BUTCHER FOR WYOMING","AMAZON","OFFICE SUPPLIES","6/11/2026","","FILED","15.89"
"CANDIDATE COMMITTEE","COALITION TO ELECT JOHN BEAR","SIMPSON PRINTING","CAMPAIGN YARD SIGNS, BUTTONS, PENS, ETC.","6/11/2026","GILLETTE, WY ","FILED","729.75"
"CANDIDATE COMMITTEE","COMMITTEE TO ELECT BOB DAVIS","CARBON COUNTY COMET","ADVERTISING - NEWSPAPER","6/11/2026","WY ","FILED","50"
"CANDIDATE COMMITTEE","COMMITTEE TO ELECT BOB DAVIS","CARBON COUNTY COMET","ADVERTISING - NEWSPAPER","6/11/2026","WY ","FILED","126"
"CANDIDATE COMMITTEE","COMMITTEE TO ELECT BRITNEY TENNANT","CENTRAL CAFE","FOOD AND BEVERAGES","6/11/2026","CHEYENNE, WY 82001","FILED","16.56"
"CANDIDATE COMMITTEE","COMMITTEE TO ELECT KEN CLOUSTON","KEN CLOUSTON","GRAPHICS/WEBSITE FEES","6/11/2026","GILLETTE, WY 82718","FILED","1945.28"
"CANDIDATE COMMITTEE","COMMITTEE TO ELECT ZETA","IMPRESSIONS ","CAMPAIGN YARD SIGNS, BUTTONS, PENS, ETC.","6/11/2026","WY ","FILED","31.5"
"CANDIDATE COMMITTEE","CONNOLLY FOR STATE HOUSE","SQUARE SPACE","GRAPHICS/WEBSITE FEES","6/11/2026","NEW YORK, NY 10014","FILED","8.4"
"CANDIDATE","DONNA KAY RICE ","NATRONA COUNTY REPUBLICAN WOMEN","ADVERTISING - MISC.","6/11/2026","CASPER, WY 82601","FILED","350"
"CANDIDATE COMMITTEE","EAMON O'TOOLE FOR WYOMING","UPS","CAMPAIGN YARD SIGNS, BUTTONS, PENS, ETC.","6/11/2026","LARAMIE, WY 82070","FILED","1111.25"
"CANDIDATE COMMITTEE","HARSHMAN FOR WYOMING","MENARDS","CAMPAIGN YARD SIGNS, BUTTONS, PENS, ETC.","6/11/2026","CASPER, WY 82609","FILED","61.37"
"CANDIDATE COMMITTEE","JRFORHOUSE59","LAMAR","ADVERTISING - MISC.","6/11/2026","CASPER, WY 82604","FILED","200"
"CANDIDATE COMMITTEE","KENNETH D. ROBERTS","AMAZON","CAMPAIGN YARD SIGNS, BUTTONS, PENS, ETC.","6/11/2026","SEATTLE, WA 98109","FILED","44.63"
"CANDIDATE COMMITTEE","KENNETH D. ROBERTS","GO DADDY","GRAPHICS/WEBSITE FEES","6/11/2026","TEMPE, AZ 85284","FILED","13.19"
"CANDIDATE COMMITTEE","KENNETH D. ROBERTS","SPEEDY SIGNS USA","CAMPAIGN YARD SIGNS, BUTTONS, PENS, ETC.","6/11/2026","LAKE CITY, FL 32024","FILED","500"
"CANDIDATE COMMITTEE","KEVIN HELLING FOR WYOMING","AMAZON.COM","ADVERTISING - MISC.","6/11/2026","SEATTLE, WA 98109","FILED","53.5"
"CANDIDATE COMMITTEE","LAUREN SCHOENFELD FOR WYOMING","MENARDS","CAMPAIGN YARD SIGNS, BUTTONS, PENS, ETC.","6/11/2026","CHEYENNE, WY 82009","FILED","440.28"
"CANDIDATE COMMITTEE","LAUREN SCHOENFELD FOR WYOMING","PBR PRINTING","PRINTING","6/11/2026","CHEYENNE, WY 82009","FILED","1207.5"
"CANDIDATE","LISA WILSON ","SIGNS ON THE CHEAP","CAMPAIGN YARD SIGNS, BUTTONS, PENS, ETC.","6/11/2026","AUSTIN, TX 78758","FILED","1515.76"
"CANDIDATE","MARLENE BRADY ","WALMART","POSTAGE","6/11/2026","ROCK SPRINGS, WY 82901","FILED","15.6"
"CANDIDATE","MEAGAN HERRINGTON ","LARAMIE COUNTY CLERK","ADMINISTRATIVE COSTS","6/11/2026","WY ","FILED","10"
"CANDIDATE","MEAGAN HERRINGTON ","WIX.COM","GRAPHICS/WEBSITE FEES","6/11/2026","WY ","FILED","312"
"CANDIDATE","MEAGAN HERRINGTON ","WYOMING SECRETARY OF STATE","ADMINISTRATIVE COSTS","6/11/2026","WY ","FILED","25"
"CANDIDATE COMMITTEE","MEGAN FOR GOVERNOR","META PLATFORMS (FACEBOOK)","ADVERTISING - DIGITAL","6/11/2026","MENLO PARK, CA 94025","FILED","75"
"CANDIDATE COMMITTEE","MEGAN FOR GOVERNOR","WINRED TECHNICAL SERVICES","BANKING ","6/11/2026","CHEYENNE, WY 82001","FILED","19.7"
"CANDIDATE","PAUL L WING ","SQUARE","ADMINISTRATIVE COSTS","6/11/2026","OAKLAND, CA 94612","FILED","3.6"
"CANDIDATE COMMITTEE","QUIN BLAIR FOR HOUSE DISTRICT 24","JEREMIAH HOWE","GRAPHICS/WEBSITE FEES","6/11/2026","WY ","FILED","100"
"CANDIDATE COMMITTEE","REINER FOR WYOMING","ELECTION HIVE","CONSULTING","6/11/2026","UT ","FILED","1500"
"CANDIDATE COMMITTEE","REINER FOR WYOMING","ELECTION HIVE","IT SERVICES","6/11/2026","UT ","FILED","75"
"CANDIDATE","TINA JOHNSON ","MURDOCHS","ADVERTISING - MISC.","6/11/2026","WY ","FILED","245.85"
"CANDIDATE","TINA JOHNSON ","THE LUMBERYARD","ADVERTISING - MISC.","6/11/2026","WY ","FILED","73.4"
"CANDIDATE COMMITTEE","WRIGHT4WYOMING","MAKE STICKERS","CAMPAIGN YARD SIGNS, BUTTONS, PENS, ETC.","6/11/2026","","FILED","125.47"
"CANDIDATE COMMITTEE","ALLEN HOGG FOR WYOMING","ELECTION HIVE","CONSULTING","6/10/2026","SALT LAKE CITY, UT 84102","FILED","1500"
"CANDIDATE COMMITTEE","ALLEN HOGG FOR WYOMING","VISTAPRINT","CAMPAIGN YARD SIGNS, BUTTONS, PENS, ETC.","6/10/2026","WY ","FILED","438.88"
"CANDIDATE COMMITTEE","BARLOW FOR WYOMING","FITZGERALD STRATEGIES GROUP LLC","CONSULTING","6/10/2026","SHERIDAN, WY 82801","FILED","15000"
"CANDIDATE COMMITTEE","BIGELOW FOR HD51","SHERIDAN COMMERCIAL","OFFICE SUPPLIES","6/10/2026","SHERIDAN, WY 82801","FILED","9.54"
"CANDIDATE","BILL FORTNER ","SIR SPEEDY","ADVERTISING - MISC.","6/10/2026","GILLETTE, WY 82718","FILED","1000"
"CANDIDATE COMMITTEE","BRENT BIEN FOR GOVERNOR","AQUECS","CAMPAIGN YARD SIGNS, BUTTONS, PENS, ETC.","6/10/2026","WY ","FILED","4965.08"
"CANDIDATE COMMITTEE","BRENT BIEN FOR GOVERNOR","FIRST BANK","BANKING ","6/10/2026","WY ","FILED","90"
"CANDIDATE","CARL MANNING ","SIGNS ON THE CHEAP","CAMPAIGN YARD SIGNS, BUTTONS, PENS, ETC.","6/10/2026","AUSTIN, TX 78757","FILED","700.62"
"CANDIDATE COMMITTEE","COMMITTEE TO ELECT BRITNEY TENNANT","USPS","POSTAGE","6/10/2026","CHEYENNE, WY 82001","FILED","76.6"
"CANDIDATE COMMITTEE","COMMITTEE TO ELECT CURT MEIER","BOB BONNAR","CONSULTING","6/10/2026","DURANGO, CO 81301","FILED","5000"
"CANDIDATE COMMITTEE","COMMITTEE TO ELECT EARL COLLIER FOR HOUSE DISTRICT 3","BOMGARRS","CAMPAIGN YARD SIGNS, BUTTONS, PENS, ETC.","6/10/2026","WY ","FILED","170.5"
"CANDIDATE COMMITTEE","COMMITTEE TO ELECT JESSICA CROWDER","UNCLE CHARLIE'S","FOOD AND BEVERAGES","6/10/2026","CHEYENNE, WY 82009","FILED","127.47"
"CANDIDATE COMMITTEE","COMMITTEE TO ELECT KEN CLOUSTON","KEN CLOUSTON","CAMPAIGN YARD SIGNS, BUTTONS, PENS, ETC.","6/10/2026","GILLETTE, WY 82718","FILED","315.88"
"CANDIDATE","DARIN M MCCANN ","MICROSOFT","ADMINISTRATIVE COSTS","6/10/2026","ROCK SPRINGS, WY 82901","FILED","10.59"
"CANDIDATE COMMITTEE","DAVID HILL FOR HOUSE DISTRICT 50","AMBI","CAMPAIGN YARD SIGNS, BUTTONS, PENS, ETC.","6/10/2026","WY ","FILED","636.62"
"CANDIDATE COMMITTEE","FORNSTROM FOR HD10","LARAMIE COUNTY REPUBLICAN PARTY","OTHER: OTHER","6/10/2026","CHEYENNE, WY 82003","FILED","30"
"CANDIDATE COMMITTEE","FORNSTROM FOR HD10","MINUTEMAN PRESS","PRINTING","6/10/2026","CHEYENNE, WY 82009","FILED","49.94"
"CANDIDATE COMMITTEE","FORNSTROM FOR HD10","MINUTEMAN PRESS","PRINTING","6/10/2026","CHEYENNE, WY 82009","FILED","113.81"
"CANDIDATE COMMITTEE","FORNSTROM FOR HD10","WALMART","OFFICE SUPPLIES","6/10/2026","CHEYENNE, WY 82009","FILED","54.62"
"CANDIDATE COMMITTEE","FRIENDS OF JULIE JARVIS","ADOBE","OFFICE SUPPLIES","6/10/2026","SAN JOSE, CA 95110","FILED","44.38"
"CANDIDATE","JAMES T CORKERY JR","VISTA PRINT","CAMPAIGN YARD SIGNS, BUTTONS, PENS, ETC.","6/10/2026","WALTHAM, MA 02451","FILED","162.8"
"CANDIDATE COMMITTEE","KEVIN HELLING FOR WYOMING","SQUARESPACE","IT SERVICES","6/10/2026","NEW YORK, NY 10014","FILED","15"
"CANDIDATE COMMITTEE","KEVIN HELLING FOR WYOMING","VISTAPRINT","CAMPAIGN YARD SIGNS, BUTTONS, PENS, ETC.","6/10/2026","WALTHAM, MA 02451","FILED","1854.57"
"CANDIDATE COMMITTEE","MARK JENNINGS FOR HOUSE DISTRICT 30","WALMART","OFFICE SUPPLIES","6/10/2026","SHERIDAN, WY 82801","FILED","68.71"
"CANDIDATE COMMITTEE","MARK JENNINGS FOR HOUSE DISTRICT 30","WALMART","PHONE","6/10/2026","SHERIDAN, WY 82801","FILED","37.63"
"CANDIDATE","MARLENE BRADY ","AMAZON","CAMPAIGN YARD SIGNS, BUTTONS, PENS, ETC.","6/10/2026","GREEN RIVER, WY 82935","FILED","33.9"
"CANDIDATE","MARLENE BRADY ","SWEETWATER EVENTS COMPLEX","FACILITY FEE","6/10/2026","ROCK SPRINGS, WY 82901","FILED","200"
"CANDIDATE","MEAGAN HERRINGTON ","AT&T","PHONE","6/10/2026","WY ","FILED","57.06"
"CANDIDATE COMMITTEE","MEGAN FOR GOVERNOR","META PLATFORMS (FACEBOOK)","ADVERTISING - DIGITAL","6/10/2026","MENLO PARK, CA 94025","FILED","75"
"CANDIDATE COMMITTEE","MEGAN FOR GOVERNOR","ROCKY MOUNTAIN SHIRTWORKS","CAMPAIGN YARD SIGNS, BUTTONS, PENS, ETC.","6/10/2026","LARAMIE, WY 82072","FILED","1106.38"
"CANDIDATE COMMITTEE","MEGAN FOR GOVERNOR","WINRED TECHNICAL SERVICES","BANKING ","6/10/2026","CHEYENNE, WY 82001","FILED","1.18"
"CANDIDATE","NEIL JESKE ","NATRONA CO REPUBLICAN WOMEN","OTHER: POLITICS IN THE PARK","6/10/2026","CASPER, WY ","FILED","350"
"CANDIDATE","QWENTON EAGLE OVIATT ","ALBERTANOS","FOOD AND BEVERAGES","6/10/2026","GILLETTE, WY ","FILED","34.39"
"CANDIDATE","QWENTON EAGLE OVIATT ","SHELL OIL","TRAVEL (HOTEL, GAS, ETC.)","6/10/2026","GILLETTE, WY ","FILED","29.25"
"CANDIDATE COMMITTEE","REINER FOR WYOMING","PBR","CAMPAIGN YARD SIGNS, BUTTONS, PENS, ETC.","6/10/2026","CHEYENNE, WY 82009","FILED","78.84"
"CANDIDATE COMMITTEE","REINER FOR WYOMING","RATENOW","ADVERTISING - DIGITAL","6/10/2026"," , UT ","FILED","157.99"
"CANDIDATE","ROY BIRT ","BOMGAARS","CAMPAIGN YARD SIGNS, BUTTONS, PENS, ETC.","6/10/2026","WHEATLAND, WY 82201","FILED","66.93"
"CANDIDATE COMMITTEE","SHANNON A. BRENNAN FOR WY HOUSE D23","DESIGN.COM","CAMPAIGN YARD SIGNS, BUTTONS, PENS, ETC.","6/10/2026","SURREY HILLS NSW","FILED","60"
"CANDIDATE COMMITTEE","SHORT FOR STATE","LOAF N JUG","TRAVEL (HOTEL, GAS, ETC.)","6/10/2026","WY ","FILED","22.28"
"CANDIDATE COMMITTEE","THE FRIENDS TO ELECT MARK JONES","AMAZON","OFFICE SUPPLIES","6/10/2026","SEATTLE, WY 98109","FILED","19.94"
"CANDIDATE COMMITTEE","THE FRIENDS TO ELECT MARK JONES","VISTAPRINT","PRINTING","6/10/2026","LEXINGTON, MA 02421","FILED","103.94"
"CANDIDATE COMMITTEE","VOTE BOLLER HD52 ","SIR SPEEDY","CAMPAIGN YARD SIGNS, BUTTONS, PENS, ETC.","6/10/2026","GILLETTE, WY 82716","FILED","1019.74"
"CANDIDATE COMMITTEE","WILLOX FOR WYOMING","DOUGLAS SIGN COMPANY","CAMPAIGN YARD SIGNS, BUTTONS, PENS, ETC.","6/10/2026","DOUGLAS, WY 82633","FILED","42"
"CANDIDATE COMMITTEE","ALLEN HOGG FOR WYOMING","BREWGARDS LOUNGE","FOOD AND BEVERAGES","6/9/2026","CODY, WY 82141","FILED","113.14"
"CANDIDATE COMMITTEE","BECKER COMMITTEE","DRI SIGNS","CAMPAIGN YARD SIGNS, BUTTONS, PENS, ETC.","6/9/2026","VAN NUYS, CA 91406","FILED","15"
"CANDIDATE COMMITTEE","BEN HORNOK FOR WY","LCGOP","OTHER: EVENT REGISTRATION FEE","6/9/2026","CHEYENNE, WY 82003","FILED","30"
"CANDIDATE COMMITTEE","COMMITTEE TO ELECT BOB DAVIS","MCDONALDS","FOOD AND BEVERAGES","6/9/2026","WY ","FILED","15.03"
"CANDIDATE COMMITTEE","COMMITTEE TO ELECT BOB DAVIS","STINKER","TRAVEL (HOTEL, GAS, ETC.)","6/9/2026","WY ","FILED","49.77"
"CANDIDATE COMMITTEE","COMMITTEE TO ELECT CURT MEIER","NEWS LETTER JOURNAL","ADVERTISING - MISC.","6/9/2026","NEWCASTLE, WY 82701","FILED","13727.36"
"CANDIDATE COMMITTEE","COMMITTEE TO ELECT DWAYNE DILLINGER","ALBERTSONS","FOOD AND BEVERAGES","6/9/2026","WY ","FILED","59.97"
"CANDIDATE COMMITTEE","COMMITTEE TO ELECT EARL COLLIER FOR HOUSE DISTRICT 3","SMITHS","CAMPAIGN YARD SIGNS, BUTTONS, PENS, ETC.","6/9/2026","WY ","FILED","181.96"
"CANDIDATE COMMITTEE","COMMITTEE TO ELECT JESSICA CROWDER","WAL-MART","OFFICE SUPPLIES","6/9/2026","CHEYENNE, WY 82007","FILED","35.68"
"CANDIDATE COMMITTEE","COMMITTEE TO ELECT MARK RINNE","OLSON STRATEGIES & ADVERTISING","GRAPHICS/WEBSITE FEES","6/9/2026","22314, WY ","FILED","3750"
"CANDIDATE COMMITTEE","COMMITTEE TO ELECT TROY CLAYCOMB","SQUARE SPACE","ADVERTISING - DIGITAL","6/9/2026","NEW YORK, NY 10014","FILED","25"
"CANDIDATE COMMITTEE","CONNOLLY FOR STATE HOUSE","SQUARE SPACE","GRAPHICS/WEBSITE FEES","6/9/2026","NEW YORK, NY 10014","FILED","192"
"CANDIDATE","DARIN M MCCANN ","INTERNATIONAL DAYS","ADVERTISING - MISC.","6/9/2026","ROCK SPRINGS, WY 82901","FILED","75"
"CANDIDATE COMMITTEE","DAVID HILL FOR HOUSE DISTRICT 50","TREASURED MEMORIES","CAMPAIGN YARD SIGNS, BUTTONS, PENS, ETC.","6/9/2026","WY ","FILED","41.6"
"CANDIDATE COMMITTEE","FRIENDS OF CJ YOUNG","LARAMIE COUNTY GOP","FACILITY FEE","6/9/2026","CHEYENNE, WY 82001","FILED","30"
"CANDIDATE COMMITTEE","JEANETTE WARD FOR WYOMING","VISTAPRINT","ADVERTISING - MISC.","6/9/2026","LEXINGTON, MA 02421","FILED","1213.46"
"CANDIDATE","JEREMY MICHAEL HAROLDSON ","SQUARESPACE ","GRAPHICS/WEBSITE FEES","6/9/2026","NEW YORK, NY 10014","FILED","192"
"CANDIDATE","JOE WEBB ","AMAZON","CAMPAIGN YARD SIGNS, BUTTONS, PENS, ETC.","6/9/2026","SEATTLE, WA 98109","FILED","219.3"
"CANDIDATE COMMITTEE","KOLTISKA FOR SHERIDAN","ALPHAGRAPHICS","CAMPAIGN YARD SIGNS, BUTTONS, PENS, ETC.","6/9/2026","SHERIDAN, WY 82801","FILED","1351.5"
"CANDIDATE COMMITTEE","LAUREN SCHOENFELD FOR WYOMING","OLSON STRATEGIES","ADVERTISING - MISC.","6/9/2026","ALEXANDRIA, VA 22314","FILED","3800"
"CANDIDATE","MARCIA JOANN NEUMILLER ","DELUXE CHECK","BANKING ","6/9/2026","CASPER, WY 82601","FILED","24.89"
"CANDIDATE","MATTHEW HURT ","AMAZON","OFFICE SUPPLIES","6/9/2026","CHEYENNE, WY 82001","FILED","5.07"
"CANDIDATE","MATTHEW LEGLER ","SUPER CHEAP SIGNS","CAMPAIGN YARD SIGNS, BUTTONS, PENS, ETC.","6/9/2026","WY ","FILED","599.59"
"CANDIDATE COMMITTEE","MCINTOSH FOR WYOMING","LITTLE OL PRINTSHOP","PRINTING","6/9/2026","CHEYENNE, WY 82001","FILED","31.5"
"CANDIDATE COMMITTEE","MEGAN FOR GOVERNOR","GOOGLE WORKSPACE","ADVERTISING - DIGITAL","6/9/2026","MOUNTAIN VIEW, CA 94043","FILED","500"
"CANDIDATE COMMITTEE","MEGAN FOR GOVERNOR","META PLATFORMS (FACEBOOK)","ADVERTISING - DIGITAL","6/9/2026","MENLO PARK, CA 94025","FILED","150"
"CANDIDATE COMMITTEE","MEGAN FOR GOVERNOR","SHAINA STUDY","PAYROLL","6/9/2026","CHEYENNE, WY 82001","FILED","554.1"
"CANDIDATE COMMITTEE","MEGAN FOR GOVERNOR","WINRED TECHNICAL SERVICES","BANKING ","6/9/2026","CHEYENNE, WY 82001","FILED","0.99"
"CANDIDATE","PAUL V HOEFT ","GREYBULL RECREATION DISTRICT","FACILITY FEE","6/9/2026","GREYBULL, WY 82426","FILED","40"
"CANDIDATE","PAUL V HOEFT ","SIGNS ON THE CHEAP","CAMPAIGN YARD SIGNS, BUTTONS, PENS, ETC.","6/9/2026","AUSTIN, TX 82435","FILED","149.75"
"CANDIDATE","QWENTON EAGLE OVIATT ","GOOGLE","IT SERVICES","6/9/2026","MOUNTAIN VIEW, CA ","FILED","31.49"
"CANDIDATE","ROY BIRT ","USPS","POSTAGE","6/9/2026","WHEATLAND, WY 82201","FILED","78"
"CANDIDATE COMMITTEE","SCHRIFTMAN FOR STATE HOUSE","POSTMASTER","POSTAGE","6/9/2026","WY ","FILED","26.52"
"CANDIDATE COMMITTEE","SERVER FOR WY","CANVA","CAMPAIGN YARD SIGNS, BUTTONS, PENS, ETC.","6/9/2026","WY ","FILED","176.85"
"CANDIDATE","SHANE SWETT ","REPUBLICAN SIGNS","CAMPAIGN YARD SIGNS, BUTTONS, PENS, ETC.","6/9/2026","68971, NE ","FILED","2364"
"CANDIDATE COMMITTEE","SHORT FOR STATE","LOAF N JUG","TRAVEL (HOTEL, GAS, ETC.)","6/9/2026","WY ","FILED","29.05"
"CANDIDATE COMMITTEE","STORER FOR STATE HOUSE","HEALTHY BEING JUICERY","FOOD AND BEVERAGES","6/9/2026","JACKSON, WY 83002","FILED","1812.34"
"CANDIDATE COMMITTEE","STUDY4WYOMING","AMAZON","CAMPAIGN YARD SIGNS, BUTTONS, PENS, ETC.","6/9/2026","WY ","FILED","36.01"
"CANDIDATE COMMITTEE","STUDY4WYOMING","AMAZON","CAMPAIGN YARD SIGNS, BUTTONS, PENS, ETC.","6/9/2026","WY ","FILED","376.28"
"CANDIDATE COMMITTEE","STUDY4WYOMING","GREATER CHEYENNE CHAMBER OF COMMERCE","OTHER: CANDIDATE FORUM","6/9/2026","WY ","FILED","35"
"CANDIDATE COMMITTEE","THE FRIENDS TO ELECT MARK JONES","LOVE'S TRUCK STOP","TRAVEL (HOTEL, GAS, ETC.)","6/9/2026","BUFFALO, WY 82834","FILED","47"
"CANDIDATE COMMITTEE","TONY NIEMIEC FOR WYOMING","BACKSTAGE SCREEN PRINTING","ADVERTISING - MISC.","6/9/2026","ROCK SPRINGS, WY 82901","FILED","359.25"
"CANDIDATE COMMITTEE","WILLOX FOR WYOMING","TROPHY CREATIVE","CAMPAIGN YARD SIGNS, BUTTONS, PENS, ETC.","6/9/2026","CXHEYENNE, WY 82002","FILED","29.1"
"CANDIDATE","ALBERT SOMMERS ","WIND RIVER BROADCASTING","ADVERTISING - RADIO","6/8/2026","PINEDALE, WY ","FILED","325"
"CANDIDATE COMMITTEE","ALLEN HOGG FOR WYOMING","COPPER CORNER","FOOD AND BEVERAGES","6/8/2026","BASIN, WY 82410","FILED","39.89"
"CANDIDATE COMMITTEE","ALLEN HOGG FOR WYOMING","OVERLAND EXPRESS","TRAVEL (HOTEL, GAS, ETC.)","6/8/2026","BASIN, WY 82410","FILED","70"
"CANDIDATE COMMITTEE","BARLOW FOR WYOMING","ALISHAE BLAZICH","ADVERTISING - MISC.","6/8/2026","GREEN RIVER, WY 82935","FILED","50"
"CANDIDATE COMMITTEE","BARLOW FOR WYOMING","AMAZON","CAMPAIGN YARD SIGNS, BUTTONS, PENS, ETC.","6/8/2026","SEATTLE, WA 98108","FILED","49.9"
"CANDIDATE COMMITTEE","BARLOW FOR WYOMING","BACKSTAGE SCREEN PRINTING","CAMPAIGN YARD SIGNS, BUTTONS, PENS, ETC.","6/8/2026","ROCK SPRINGS, WY 82901","FILED","871.53"
"CANDIDATE COMMITTEE","BARLOW FOR WYOMING","LARAMIE COUNTY REPUBLICAN PARTY","ADVERTISING - MISC.","6/8/2026","CHEYENNE, WY 82001","FILED","30"
"CANDIDATE COMMITTEE","BARLOW FOR WYOMING","PULSE DECISION SCIENCE","OTHER: OTHER","6/8/2026","EDMOND, OK 73013","FILED","33712"
"CANDIDATE COMMITTEE","BARLOW FOR WYOMING","RADIANT MANUFACTURING","CAMPAIGN YARD SIGNS, BUTTONS, PENS, ETC.","6/8/2026","ROCK SPRINGS, WY 82902","FILED","2941.5"
"CANDIDATE COMMITTEE","BARLOW FOR WYOMING","SARATOGA SUN","ADVERTISING - NEWSPAPER","6/8/2026","SARATOGA, WY 82331","FILED","121"
"CANDIDATE COMMITTEE","BIGELOW FOR HD51","ANEDOT","BANKING ","6/8/2026","DALLAS, TX 75206","FILED","8.9"
"CANDIDATE COMMITTEE","BIGELOW FOR HD51","HOME DEPOT","OFFICE SUPPLIES","6/8/2026","SHERIDAN, WY 82801","FILED","80.34"
"CANDIDATE COMMITTEE","BIGELOW FOR HD51","MAILCHIMP","IT SERVICES","6/8/2026","ATLANTA, GA 30308","FILED","20"
"CANDIDATE COMMITTEE","BRENT BIEN FOR GOVERNOR","FACEBOOK","ADVERTISING - DIGITAL","6/8/2026","WY ","FILED","30"
"CANDIDATE COMMITTEE","BRENT BIEN FOR GOVERNOR","FAEBOOK","ADVERTISING - DIGITAL","6/8/2026","WY ","FILED","30"
"CANDIDATE COMMITTEE","BRENT BIEN FOR GOVERNOR","KATH BROADCASTING","ADVERTISING - MISC.","6/8/2026","WY ","FILED","360"
"CANDIDATE COMMITTEE","BUTCHER FOR WYOMING","AMAZON","OFFICE SUPPLIES","6/8/2026","","FILED","10.57"
"CANDIDATE COMMITTEE","BUTCHER FOR WYOMING","AMAZON","OFFICE SUPPLIES","6/8/2026","","FILED","15.89"
"CANDIDATE COMMITTEE","BUTCHER FOR WYOMING","AMAZON","OFFICE SUPPLIES","6/8/2026","","FILED","38.14"
"CANDIDATE COMMITTEE","BUTCHER FOR WYOMING","AMAZON","OFFICE SUPPLIES","6/8/2026","","FILED","635.99"
"CANDIDATE COMMITTEE","CARLIN JONES FOR WYOMING","MCSHANE LLC","ADVERTISING - MISC.","6/8/2026","LAS VEGAS, NV ","FILED","3000"
"CANDIDATE COMMITTEE","CARLIN JONES FOR WYOMING","MCSHANE LLC","ADVERTISING - MISC.","6/8/2026","LAS VEGAS, NV ","FILED","1650"
"CANDIDATE COMMITTEE","CARLIN JONES FOR WYOMING","MCSHANE LLC","ADVERTISING - MISC.","6/8/2026","LAS VEGAS, WY ","FILED","850"
"CANDIDATE COMMITTEE","CARLIN JONES FOR WYOMING","MCSHANE LLC","ADVERTISING - MISC.","6/8/2026","LAS VEGAS, WY ","FILED","356.9"
"CANDIDATE COMMITTEE","CARLIN JONES FOR WYOMING","MCSHANE LLC","ADVERTISING - MISC.","6/8/2026","LAS VEGAS, WY ","FILED","54.06"
"CANDIDATE COMMITTEE","COALITION TO ELECT JOHN BEAR","NANCY MILLS","CONSULTING","6/8/2026","GILLETTE, WY 82718","FILED","1500"
"CANDIDATE COMMITTEE","COMMITTEE TO ELECT BOB DAVIS","CAPPYS","FOOD AND BEVERAGES","6/8/2026","WY ","FILED","44.14"
"CANDIDATE COMMITTEE","COMMITTEE TO ELECT BOB DAVIS","MAVERIK","TRAVEL (HOTEL, GAS, ETC.)","6/8/2026","WY ","FILED","62.83"
"CANDIDATE COMMITTEE","COMMITTEE TO ELECT BOB DAVIS","MCDONALDS","FOOD AND BEVERAGES","6/8/2026","WY ","FILED","15"
"CANDIDATE COMMITTEE","COMMITTEE TO ELECT BOB DAVIS","STINKER","TRAVEL (HOTEL, GAS, ETC.)","6/8/2026","WY ","FILED","72.96"
"CANDIDATE COMMITTEE","COMMITTEE TO ELECT DWAYNE DILLINGER","HOBBY LOBBY","CAMPAIGN YARD SIGNS, BUTTONS, PENS, ETC.","6/8/2026","WY ","FILED","95.87"
"CANDIDATE COMMITTEE","COMMITTEE TO ELECT DWAYNE DILLINGER","SQUARE","BANKING ","6/8/2026","WY ","FILED","37.57"
"CANDIDATE COMMITTEE","COMMITTEE TO ELECT JD WILLIAMS ","WILDER GRAPHICS","PRINTING","6/8/2026","NEWCASTLE, WY 82701","FILED","203.73"
"CANDIDATE COMMITTEE","COMMITTEE TO ELECT JESSICA CROWDER","307 HOSPITATLITY","FOOD AND BEVERAGES","6/8/2026","CHEYENNE, WY 82009","FILED","250.42"
"CANDIDATE COMMITTEE","COMMITTEE TO ELECT JESSICA CROWDER","BURNS LIONS CLUB","ADVERTISING - MISC.","6/8/2026","BURNS, WY 82053","FILED","20"
"CANDIDATE COMMITTEE","COMMITTEE TO ELECT JESSICA CROWDER","LARAMIE COUNTY REPUBLICAN PARTY","OTHER: EVENT TICKET","6/8/2026","CHEYENNE, WY 82003","FILED","30"
"CANDIDATE COMMITTEE","COMMITTEE TO ELECT JESSICA CROWDER","RIATA RANCH EVENT CENTER","FACILITY FEE","6/8/2026","CHEYENNE, WY 82007","FILED","10"
"CANDIDATE COMMITTEE","COMMITTEE TO ELECT JIM VANDYKE","ACTBLUE - CONTRIBUTION PROCESSING FEES","BANKING ","6/8/2026","BOSTON, MA 02196","FILED","6.73"
"CANDIDATE COMMITTEE","COMMITTEE TO ELECT MARK RINNE","MENARDS","OFFICE SUPPLIES","6/8/2026","82009, WY ","FILED","7.34"
"CANDIDATE COMMITTEE","EDWARDS FOR WYOMING","LARAMIE COUNTY GOP","ADMINISTRATIVE COSTS","6/8/2026","CHEYENNE, WY 82003","FILED","30"
"CANDIDATE COMMITTEE","FORNSTROM FOR HD10","PINE BLUFFS POST OFFICE","POSTAGE","6/8/2026","PINE BLUFFS, WY 82082","FILED","234"
"CANDIDATE COMMITTEE","GERINGER FOR WYOMING","JB","CAMPAIGN YARD SIGNS, BUTTONS, PENS, ETC.","6/8/2026","WY ","FILED","446.46"
"CANDIDATE COMMITTEE","HARSHMAN FOR WYOMING","CAMPBELL COUNTY CHAMBER","FACILITY FEE","6/8/2026","GILLETTE, WY 82716","FILED","150"
"CANDIDATE COMMITTEE","KELLER FOR WYO","AUDRA'S COPPER COO","CAMPAIGN YARD SIGNS, BUTTONS, PENS, ETC.","6/8/2026","THERMOPOLIS, WY 82443","FILED","1262.46"
"CANDIDATE COMMITTEE","KOLTISKA FOR SHERIDAN","AMAZON","CAMPAIGN YARD SIGNS, BUTTONS, PENS, ETC.","6/8/2026","SHERIDAN, WY 82801","FILED","166.92"
"CANDIDATE","MATTHEW HURT ","GOOD PARTY LLC","IT SERVICES","6/8/2026","CHEYENNE, WY 82001","FILED","10"
"CANDIDATE","MATTHEW LEGLER ","MURDOCH'S","OTHER: MATERIAL FOR BIG SIGNS","6/8/2026","WY ","FILED","195.26"
"CANDIDATE","MEAGAN HERRINGTON ","VICTORY","CAMPAIGN YARD SIGNS, BUTTONS, PENS, ETC.","6/8/2026","WY ","FILED","579.63"
"CANDIDATE COMMITTEE","MEGAN FOR GOVERNOR","CONSTANT CONTACT","ADVERTISING - MISC.","6/8/2026","WALTHAM, MA 02451","FILED","210"
"CANDIDATE COMMITTEE","MEGAN FOR GOVERNOR","META PLATFORMS (FACEBOOK)","ADVERTISING - DIGITAL","6/8/2026","MENLO PARK, CA 94025","FILED","600"
"CANDIDATE COMMITTEE","MYCA FOR SHERIDAN","ECANVASER","IT SERVICES","6/8/2026","WY ","FILED","99"
"CANDIDATE COMMITTEE","MYCA FOR SHERIDAN","EPIPHANY","PRINTING","6/8/2026","WY ","FILED","14.53"
"CANDIDATE","NEIL JESKE ","ACE HARDWARE","OTHER: CAMPAIGN SUPPLIES","6/8/2026","CASPER, WY 82604","FILED","21.18"
"CANDIDATE","OCEAN ANDREW ","BIZAY","CAMPAIGN YARD SIGNS, BUTTONS, PENS, ETC.","6/8/2026","","FILED","126.77"
"CANDIDATE","OCEAN ANDREW ","ITI DIRECT MAIL","SHIPPING","6/8/2026","","FILED","22.14"
"CANDIDATE","OCEAN ANDREW ","REPUBLICAN SIGNS ","CAMPAIGN YARD SIGNS, BUTTONS, PENS, ETC.","6/8/2026","","FILED","194.01"
"CANDIDATE","R. J. KOST ","BLAIR'S MARKET","FOOD AND BEVERAGES","6/8/2026","POWELL, WY 82435","FILED","99.82"
"CANDIDATE","R. J. KOST ","ROVENNA SIGNS & DESIGN","CAMPAIGN YARD SIGNS, BUTTONS, PENS, ETC.","6/8/2026","POWELL, WY 82435","FILED","156"
"CANDIDATE COMMITTEE","REINER FOR WYOMING","LOWES","CAMPAIGN YARD SIGNS, BUTTONS, PENS, ETC.","6/8/2026","CHEYENNE, WY 82009","FILED","56.51"
"CANDIDATE","ROY BIRT ","MINARDS","CAMPAIGN YARD SIGNS, BUTTONS, PENS, ETC.","6/8/2026","CHEYENNE, WY 82009","FILED","62.87"
"CANDIDATE COMMITTEE","SCHRIFTMAN FOR STATE HOUSE","STAPLES","OFFICE SUPPLIES","6/8/2026","WY ","FILED","76.3"
"CANDIDATE COMMITTEE","SHANNON A. BRENNAN FOR WY HOUSE D23","AMAZON","CAMPAIGN YARD SIGNS, BUTTONS, PENS, ETC.","6/8/2026","","FILED","10"
"CANDIDATE COMMITTEE","SHANNON A. BRENNAN FOR WY HOUSE D23","DESIGN.COM (DESIGNCROWD PTY LTD)","CAMPAIGN YARD SIGNS, BUTTONS, PENS, ETC.","6/8/2026","SURREY HILLS NSW","FILED","60"
"CANDIDATE COMMITTEE","SHORT FOR STATE","BIG D","TRAVEL (HOTEL, GAS, ETC.)","6/8/2026","WY ","FILED","31.91"
"CANDIDATE COMMITTEE","SHORT FOR STATE","MOO PRINT","CAMPAIGN YARD SIGNS, BUTTONS, PENS, ETC.","6/8/2026","WY ","FILED","162.5"
"CANDIDATE COMMITTEE","STUDY4WYOMING","ACPEFCU","BANKING ","6/8/2026","LARAMIE, WY ","FILED","12"
"CANDIDATE","TONY LOCKE ","SAM'S CLUB","OFFICE SUPPLIES","6/8/2026","","FILED","63.09"
"CANDIDATE COMMITTEE","WILLOX FOR WYOMING","DOLLAR GENERAL","CAMPAIGN YARD SIGNS, BUTTONS, PENS, ETC.","6/8/2026","DOUGLAS, WY 82633","FILED","3.94"
"CANDIDATE COMMITTEE","WILLOX FOR WYOMING","OLSON STATAGIES","PRINTING","6/8/2026","ALEXANDRIA, VA 22314","FILED","3800"
"CANDIDATE COMMITTEE","BUTCHER FOR WYOMING","AMAZON","OFFICE SUPPLIES","6/7/2026","","FILED","23.12"
"CANDIDATE","CHRISTOPHER DRESANG ","USPS","SHIPPING","6/7/2026","CASPER, WY 82609","FILED","16.89"
"CANDIDATE COMMITTEE","COMMITTEE TO ELECT BRITNEY TENNANT","GOLDEN EGG","FOOD AND BEVERAGES","6/7/2026","CHEYENNE, WY 82001","FILED","49.87"
"CANDIDATE COMMITTEE","COMMITTEE TO ELECT TOM KELLY","SUPER CHEAP SIGNS","CAMPAIGN YARD SIGNS, BUTTONS, PENS, ETC.","6/7/2026","TX ","FILED","1953.26"
"CANDIDATE COMMITTEE","FRIENDS OF GAVIN LOBMEYER ","FEDEX","PRINTING","6/7/2026","WY ","FILED","61.41"
"CANDIDATE COMMITTEE","JAMES WAMSLEY FOR WYOMING","MURDOCH'S","CAMPAIGN YARD SIGNS, BUTTONS, PENS, ETC.","6/7/2026","ROCK SPRINGS, WY 82901","FILED","381.47"
"CANDIDATE","MEAGAN HERRINGTON ","VISTAPRINT","CAMPAIGN YARD SIGNS, BUTTONS, PENS, ETC.","6/7/2026","WY ","FILED","637.34"
"CANDIDATE","NEIL JESKE ","ACE HARDWARE","OTHER: CAMPAIGN SUPPLIES","6/7/2026","CASPER, WY 82604","FILED","21.18"
"CANDIDATE COMMITTEE","REINER FOR WYOMING","LCGOP","ADMINISTRATIVE COSTS","6/7/2026","CHEYENNE, WY 82009","FILED","30"
"CANDIDATE COMMITTEE","REINER FOR WYOMING","SAMS","ADMINISTRATIVE COSTS","6/7/2026","CHEYENNE, WY 82009","FILED","62.5"
"CANDIDATE","SCOTT HEINER ","WESTAR PRINTING","PRINTING","6/7/2026","EVANSTON, WY 82930","FILED","258.5"
"CANDIDATE COMMITTEE","SHANNON A. BRENNAN FOR WY HOUSE D23","JACKSON HOLE CHAMBER OF COMMERCE","ADVERTISING - MISC.","6/7/2026","JACKSON, WY 83001","FILED","100"
"CANDIDATE COMMITTEE","THE FRIENDS TO ELECT MARK JONES","LOVE'S TRUCK STOP","TRAVEL (HOTEL, GAS, ETC.)","6/7/2026","BUFFALO, WY 82834","FILED","91"
"CANDIDATE","TONY LOCKE ","STRIPE","BANKING ","6/7/2026","","FILED","7.55"
"CANDIDATE COMMITTEE","BEN HORNOK FOR WY","PATRIOT MOBILE","PHONE","6/6/2026","GRAPEVINE, TX 76051","FILED","30.18"
"CANDIDATE COMMITTEE","COMMITTEE TO ELECT GREG SCHREURS","WEB PROS","ADVERTISING - MISC.","6/6/2026","GILLETTE, WY 82718","FILED","600"
"CANDIDATE COMMITTEE","COMMITTEE TO ELECT KRISTI RACINES","KING SOOPERS","TRAVEL (HOTEL, GAS, ETC.)","6/6/2026","WY ","FILED","64.07"
"CANDIDATE","MARCIA JOANN NEUMILLER ","JANE PETERSON","IT SERVICES","6/6/2026","CASPER, WY 82604","FILED","5000"
"CANDIDATE","MARCIA JOANN NEUMILLER ","REED'S WRAPS","ADVERTISING - MISC.","6/6/2026","CASPER, WY 82601","FILED","195.96"
"CANDIDATE","MATT MCGINNIS ","BOMGAARS","CAMPAIGN YARD SIGNS, BUTTONS, PENS, ETC.","6/6/2026","WY ","FILED","156.99"
"CANDIDATE","MEAGAN HERRINGTON ","STICKER MULE","CAMPAIGN YARD SIGNS, BUTTONS, PENS, ETC.","6/6/2026","WY ","FILED","145.95"
"CANDIDATE","NEIL JESKE ","GODADDY.COM","GRAPHICS/WEBSITE FEES","6/6/2026","WY ","FILED","23.88"
"CANDIDATE","NEIL JESKE ","SUPERCHEAPSIGNS.COM","CAMPAIGN YARD SIGNS, BUTTONS, PENS, ETC.","6/6/2026","WY ","FILED","622"
"CANDIDATE","QWENTON EAGLE OVIATT ","BLOEDORN LUMBER","CAMPAIGN YARD SIGNS, BUTTONS, PENS, ETC.","6/6/2026","LANDER, WY ","FILED","156.69"
"CANDIDATE","R. J. KOST ","AMAZON","FOOD AND BEVERAGES","6/6/2026","WY ","FILED","179.98"
"CANDIDATE","R. J. KOST ","BLOEDORNS","CAMPAIGN YARD SIGNS, BUTTONS, PENS, ETC.","6/6/2026","POWELL, WY 82435","FILED","6.23"
"CANDIDATE COMMITTEE","SCHRIFTMAN FOR STATE HOUSE","KYLIE WALL","CONSULTING","6/6/2026","WY ","FILED","500"
"CANDIDATE","SCOTT HEINER ","4IMPRINT USA","CAMPAIGN YARD SIGNS, BUTTONS, PENS, ETC.","6/6/2026","OSHKOSH, WI 54901","FILED","1096.81"
"CANDIDATE COMMITTEE","SHORT FOR STATE","STINKER","TRAVEL (HOTEL, GAS, ETC.)","6/6/2026","WY ","FILED","20.59"
"CANDIDATE COMMITTEE","SHORT FOR STATE","STINKER","TRAVEL (HOTEL, GAS, ETC.)","6/6/2026","WY ","FILED","24.31"
"CANDIDATE COMMITTEE","WRIGHT4WYOMING","AMAZON","CAMPAIGN YARD SIGNS, BUTTONS, PENS, ETC.","6/6/2026","","FILED","111.7"
"CANDIDATE","ALBERT SOMMERS ","ART OF THE WINDS","OFFICE SUPPLIES","6/5/2026","PINEDALE, WY ","FILED","71.76"
"CANDIDATE COMMITTEE","ALLEN HOGG FOR WYOMING","MEETEETSE VISITORS CENTER","ADVERTISING - NEWSPAPER","6/5/2026","MEETEETSE, WY 82433","FILED","100"
"CANDIDATE COMMITTEE","ANA 4 WYOMING","HOTELS.COM","TRAVEL (HOTEL, GAS, ETC.)","6/5/2026","WY ","FILED","156.28"
"CANDIDATE COMMITTEE","BRENNAN FOR SENATE","DREAMING HOLLOW PHOTOGRAPHY","OTHER: CAMPAIGN PHOTOS ","6/5/2026","LARAMIE, WY ","PUBLISHED","608.44"
"CANDIDATE COMMITTEE","BRENNAN FOR SENATE","LCGOP","OTHER: CANDIDATE FORM IN THE PARK","6/5/2026","CHEYENNE, WY ","PUBLISHED","30"
"CANDIDATE COMMITTEE","BRENT BIEN FOR GOVERNOR","FACEBOOK","ADVERTISING - DIGITAL","6/5/2026","WY ","FILED","30"
"CANDIDATE COMMITTEE","BRENT BIEN FOR GOVERNOR","LEE ADVERTISING","ADVERTISING - MISC.","6/5/2026","WY ","FILED","3918"
"CANDIDATE COMMITTEE","BUTCHER FOR WYOMING","MAVERIK","TRAVEL (HOTEL, GAS, ETC.)","6/5/2026","WY ","FILED","90.1"
"CANDIDATE COMMITTEE","CARLIN JONES FOR WYOMING","SUPER CHEAP SIGNS","CAMPAIGN YARD SIGNS, BUTTONS, PENS, ETC.","6/5/2026","TX ","AMEND - ADD","1497.16"
"CANDIDATE COMMITTEE","CHAD AUER FOR WYOMING","COWBOY STATE DAILY","ADVERTISING - DIGITAL","6/5/2026","JACKSON, WY 83001","FILED","11000"
"CANDIDATE COMMITTEE","CHESTEK FOR HD 13","LARAMIE REC CENTER","ADVERTISING - MISC.","6/5/2026","LARAMIE, WY 82070","FILED","75"
"CANDIDATE COMMITTEE","COMMITTEE TO ELECT BOB DAVIS","GRAPHICS BY RED","GRAPHICS/WEBSITE FEES","6/5/2026","WY ","FILED","2268.61"
"CANDIDATE COMMITTEE","COMMITTEE TO ELECT BRITNEY TENNANT","BLUE RAVEN","FACILITY FEE","6/5/2026","CHEYENNE, WY 82001","FILED","225"
"CANDIDATE COMMITTEE","COMMITTEE TO ELECT BRITNEY TENNANT","MIKE MORRIS","ENTERTAINMENT","6/5/2026","CHEYENNE, WY 82001","FILED","100"
"CANDIDATE COMMITTEE","COMMITTEE TO ELECT EARL COLLIER FOR HOUSE DISTRICT 3","FIRST NORTHERN BANK","BANKING ","6/5/2026","WY ","FILED","5"
"CANDIDATE COMMITTEE","DAVID HILL FOR HOUSE DISTRICT 50","RADIANT MANUFACTURING","CAMPAIGN YARD SIGNS, BUTTONS, PENS, ETC.","6/5/2026","WY ","FILED","1559.8"
"CANDIDATE COMMITTEE","DAVID HILL FOR HOUSE DISTRICT 50","VISTAPRINT","CAMPAIGN YARD SIGNS, BUTTONS, PENS, ETC.","6/5/2026","","FILED","264.26"
"CANDIDATE","DEB MUTTER SHAMLEY ","WALMART","PHONE","6/5/2026","CHEYENNE, WY 82001","FILED","146.71"
"CANDIDATE COMMITTEE","FRIENDS OF JULIE JARVIS","FLYWHEEL","GRAPHICS/WEBSITE FEES","6/5/2026","OMAHA, NE 68102","FILED","15"
"CANDIDATE COMMITTEE","FRIENDS OF JULIE JARVIS","GOOGLE GSUITE","GRAPHICS/WEBSITE FEES","6/5/2026","MOUNTAIN VIEW, NE 94043","FILED","26.4"
"CANDIDATE COMMITTEE","FRIENDS OF MARK GORDON","BULLHORN COMMUNICATIONS","GRAPHICS/WEBSITE FEES","6/5/2026","CARMEL, IN 46032","FILED","39"
"CANDIDATE","JAMES TEMPLE ","X (TWITTER)","ADVERTISING - DIGITAL","6/5/2026","WY ","FILED","5.83"
"CANDIDATE COMMITTEE","JEANETTE WARD FOR WYOMING","LOCAL PRINTING AND DESIGN","CAMPAIGN YARD SIGNS, BUTTONS, PENS, ETC.","6/5/2026","FRANKFORT, IL 60423","FILED","792.03"
"CANDIDATE","KAREN WEBER ","MENARDS - LUMBER","CAMPAIGN YARD SIGNS, BUTTONS, PENS, ETC.","6/5/2026","SCOTTSBLUFF, NE ","FILED","278.47"
"CANDIDATE","KAREN WEBER ","REPUBLICAN SIGNS.COM","CAMPAIGN YARD SIGNS, BUTTONS, PENS, ETC.","6/5/2026","OR ","FILED","509.52"
"CANDIDATE","KAREN WEBER ","STAPLES","OFFICE SUPPLIES","6/5/2026","SCOTTSBLUFF, NE ","FILED","12.83"
"CANDIDATE COMMITTEE","KEVIN HELLING FOR WYOMING","AMAZON.COM","ADVERTISING - MISC.","6/5/2026","SEATTLE, WA 98109","FILED","111.23"
"CANDIDATE COMMITTEE","KEVIN HELLING FOR WYOMING","AMAZON.COM","ADVERTISING - MISC.","6/5/2026","SEATTLE, WA 98109","FILED","24.03"
"CANDIDATE COMMITTEE","KEVIN HELLING FOR WYOMING","I360","IT SERVICES","6/5/2026","ARLINGTON, VA 22201","FILED","550"
"CANDIDATE COMMITTEE","LAUREN SCHOENFELD FOR WYOMING","KALEN MARKETING","ADVERTISING - MISC.","6/5/2026","CASPER, WY 82601","FILED","8231.44"
"CANDIDATE","MATT MCGINNIS ","WY SECRETARY OF STATE OFFICE","OTHER: FILING FEE","6/5/2026","WY ","FILED","101"
"CANDIDATE COMMITTEE","MEGAN FOR GOVERNOR","META PLATFORMS (FACEBOOK)","ADVERTISING - DIGITAL","6/5/2026","MENLO PARK, CA 94025","FILED","225"
"CANDIDATE COMMITTEE","MEGAN FOR GOVERNOR","SRCP MEDIA","ADVERTISING - MISC.","6/5/2026","ALEXANDRIA, VA 22314","FILED","19663"
"CANDIDATE","PAUL L WING ","ULINE","OTHER: HANDOUT HANGER BAGS","6/5/2026","CHICAGO, IL 60680","FILED","38.7"
"CANDIDATE COMMITTEE","REINER FOR WYOMING","PBR","CAMPAIGN YARD SIGNS, BUTTONS, PENS, ETC.","6/5/2026","CHEYENNE, WY 82009","FILED","469.56"
"CANDIDATE","ROY BIRT ","BLOEDORNS LUMBER","CAMPAIGN YARD SIGNS, BUTTONS, PENS, ETC.","6/5/2026","WHEATLAND, WY 82201","FILED","263.93"
"CANDIDATE COMMITTEE","SCHRIFTMAN FOR STATE HOUSE","POSTMASTER","POSTAGE","6/5/2026","WY ","FILED","10.92"
"CANDIDATE COMMITTEE","SHORT FOR STATE","LOAF N JUG","TRAVEL (HOTEL, GAS, ETC.)","6/5/2026","WY ","FILED","33"
"CANDIDATE COMMITTEE","THE FRIENDS TO ELECT MARK JONES","LOVE'S TRUCK STOP","TRAVEL (HOTEL, GAS, ETC.)","6/5/2026","BUFFALO, WY 82834","FILED","102"
"CANDIDATE COMMITTEE","THE FRIENDS TO ELECT MARK JONES","USPS","POSTAGE","6/5/2026","BUFFALO, WY 82834","FILED","78"
"CANDIDATE COMMITTEE","THE FRIENDS TO ELECT MARK JONES","VISTAPRINT","PRINTING","6/5/2026","LEXINGTON, MA 02421","FILED","129.29"
"CANDIDATE","TONY LOCKE ","DOCUCOPIES.COM","PRINTING","6/5/2026","","FILED","1098.27"
"CANDIDATE COMMITTEE","VOTE BOLLER HD52 ","CAMPBELL COUNTY CHAMBER OF COMMERCE","FACILITY FEE","6/5/2026","GILLETTE, WY 82716","FILED","150"
"CANDIDATE COMMITTEE","VOTE BOLLER HD52 ","SIR SPEEDY","CAMPAIGN YARD SIGNS, BUTTONS, PENS, ETC.","6/5/2026","GILLETTE, WY 82716","FILED","75"
"CANDIDATE COMMITTEE","WILLOX FOR WYOMING","CONVERSE COUNTY BANK","ADMINISTRATIVE COSTS","6/5/2026","DOUGLAS, WY 82633","FILED","3"
"CANDIDATE COMMITTEE","WILLOX FOR WYOMING","CRAZY CHEAP SIGNS","CAMPAIGN YARD SIGNS, BUTTONS, PENS, ETC.","6/5/2026","AUSTIN, TX 78758","FILED","458.26"
"CANDIDATE COMMITTEE","WILLOX FOR WYOMING","KKTY RADIO","ADVERTISING - RADIO","6/5/2026","DOUGLAS, WY 82633","FILED","171.5"
"CANDIDATE COMMITTEE","WRIGHT4WYOMING","SQUARE SIGNS","ADVERTISING - DIGITAL","6/5/2026","","FILED","51.45"
"CANDIDATE COMMITTEE","BARLOW FOR WYOMING","OFFICE DEPOT","PRINTING","6/4/2026","CHEYENNE, WY 82009","FILED","158.44"
"CANDIDATE COMMITTEE","BINGHAM FOR WYOMING","WIX","GRAPHICS/WEBSITE FEES","6/4/2026","","FILED","195.3"
"CANDIDATE COMMITTEE","BINGHAM FOR WYOMING","ZAZZLE ","CAMPAIGN YARD SIGNS, BUTTONS, PENS, ETC.","6/4/2026","","FILED","14.36"
"CANDIDATE COMMITTEE","BRENT BIEN FOR GOVERNOR","MAILCHIMP","ADVERTISING - DIGITAL","6/4/2026","WY ","FILED","45"
"CANDIDATE","CHRISTOPHER DRESANG ","FEDEX","ADVERTISING - MISC.","6/4/2026","CASPER, WY 82609","FILED","42.39"
"CANDIDATE COMMITTEE","COMMITTEE TO ELECT BOB DAVIS","MCDONALDS","FOOD AND BEVERAGES","6/4/2026","WY ","FILED","10.17"
"CANDIDATE COMMITTEE","COMMITTEE TO ELECT BOB DAVIS","SHELL SERVICE","TRAVEL (HOTEL, GAS, ETC.)","6/4/2026","WY ","FILED","53.28"
"CANDIDATE COMMITTEE","COMMITTEE TO ELECT BRITNEY TENNANT","MAVERICK","TRAVEL (HOTEL, GAS, ETC.)","6/4/2026","CHEYENNE, WY 82001","FILED","25.86"
"CANDIDATE COMMITTEE","CONNOLLY FOR STATE HOUSE","BUFFALO BULLETIN","ADVERTISING - NEWSPAPER","6/4/2026","BUFFALO, WY 82834","FILED","882"
"CANDIDATE","EXIE R BROWN JR","CHEYENNE CHAMBER OF COMMERCE","ENTERTAINMENT","6/4/2026","CHEYENNE, WY 82009","FILED","30"
"CANDIDATE","JAMES ADDISON AAGARD ","SUPER.COM","TRAVEL (HOTEL, GAS, ETC.)","6/4/2026","WY ","FILED","58.37"
"CANDIDATE","KAREN WEBER ","FAMILY DOLLAR -PARADE CANDY","FOOD AND BEVERAGES","6/4/2026","TORRINGTON, WY ","FILED","64.3"
"CANDIDATE COMMITTEE","KEVIN HELLING FOR WYOMING","WIX.COM","GRAPHICS/WEBSITE FEES","6/4/2026","SAN FRANCISCO, CA 94158","FILED","36"
"CANDIDATE COMMITTEE","MARK JENNINGS FOR HOUSE DISTRICT 30","MARK JENNINGS","PRINTING","6/4/2026","SHERIDAN, WY 82801","FILED","667.35"
"CANDIDATE COMMITTEE","MEGAN FOR GOVERNOR","META PLATFORMS (FACEBOOK)","ADVERTISING - DIGITAL","6/4/2026","MENLO PARK, CA 94025","FILED","225"
"CANDIDATE COMMITTEE","MEGAN FOR GOVERNOR","WINRED TECHNICAL SERVICES","BANKING ","6/4/2026","CHEYENNE, WY 82001","FILED","141.84"
"CANDIDATE COMMITTEE","MYCA FOR SHERIDAN","MYCA STURTEVANT","PRINTING","6/4/2026","WY ","FILED","614.12"
"CANDIDATE","NEIL JESKE ","ACE HARDWARE","OFFICE SUPPLIES","6/4/2026","CASPER, WY 82604","FILED","49.78"
"CANDIDATE","NEIL JESKE ","ACE HARDWARE","OTHER: CAMPAIGN SUPPLIES","6/4/2026","CASPER, WY 82604","FILED","14.83"
"CANDIDATE","R. J. KOST ","POWELL TRIBUNE","CAMPAIGN YARD SIGNS, BUTTONS, PENS, ETC.","6/4/2026","POWELL, WY 82435","FILED","1130"
"CANDIDATE COMMITTEE","REINER FOR WYOMING","MENARDS","CAMPAIGN YARD SIGNS, BUTTONS, PENS, ETC.","6/4/2026","CHEYENNE, WY 82009","FILED","16.31"
"CANDIDATE COMMITTEE","SHANNON A. BRENNAN FOR WY HOUSE D23","WY SECRETARY OF STATE (BIS COMM)","ADMINISTRATIVE COSTS","6/4/2026","CHEYENNE, WY 82002","FILED","101"
"CANDIDATE COMMITTEE","SHORT FOR STATE","CONOCO","TRAVEL (HOTEL, GAS, ETC.)","6/4/2026","WY ","FILED","32.51"
"CANDIDATE COMMITTEE","BEN HORNOK FOR WY","PBR PRINTING","PRINTING","6/3/2026","CHEYENNE, WY 82009","FILED","147.9"
"CANDIDATE COMMITTEE","BINGHAM FOR WYOMING","ELIZABETH BINGHAM","TRAVEL (HOTEL, GAS, ETC.)","6/3/2026"," , WY ","FILED","197.75"
"CANDIDATE COMMITTEE","BINGHAM FOR WYOMING","ROCK SPRINGS CHAMBER OF COMMERCE ","FACILITY FEE","6/3/2026"," , WY ","FILED","35"
"CANDIDATE COMMITTEE","BRENT BIEN FOR GOVERNOR","FACEBOOK","ADVERTISING - DIGITAL","6/3/2026","WY ","FILED","30"
"CANDIDATE COMMITTEE","BRENT BIEN FOR GOVERNOR","TRN MEDIA","ADVERTISING - MISC.","6/3/2026","WY ","FILED","470"
"CANDIDATE COMMITTEE","CHAD AUER FOR WYOMING","ESPIS","FOOD AND BEVERAGES","6/3/2026","CHEYENNE, WY 82001","FILED","21.73"
"CANDIDATE COMMITTEE","COALITION TO ELECT JOHN BEAR","CAMPBELL COUNTY CHAMBER OF COMMERCE","FACILITY FEE","6/3/2026","GILLETTE, WY 82716","FILED","150"
"CANDIDATE COMMITTEE","COMMITTEE TO ELECT TROY CLAYCOMB","WEB PROS MARKETING","ADVERTISING - DIGITAL","6/3/2026","GILLETTE, WY 82718","FILED","2000"
"CANDIDATE COMMITTEE","CONNOLLY FOR STATE HOUSE","WINRED","ADVERTISING - DIGITAL","6/3/2026","CHEYNNE, WY 82001","FILED","51.27"
"CANDIDATE COMMITTEE","DAVID HILL FOR HOUSE DISTRICT 50","AI TELEPROMPTER","ADVERTISING - MISC.","6/3/2026","","FILED","41.59"
"CANDIDATE","DAVID KARL WALTON ","BACKWOODS THREADS","CAMPAIGN YARD SIGNS, BUTTONS, PENS, ETC.","6/3/2026","EVANSTON, WY 82930","FILED","82.4"
"CANDIDATE COMMITTEE","EDWARDS FOR WYOMING","GODADDY.COM, LLC","GRAPHICS/WEBSITE FEES","6/3/2026","TEMPE, AZ 85281","FILED","57.36"
"CANDIDATE COMMITTEE","ERICKSON FOR HD 37","CAMPAIGN VERIFY INC.","OTHER: ERICKSON FOR HD 37 VERIFICATION","6/3/2026","WY ","FILED","95"
"CANDIDATE COMMITTEE","FORNSTROM FOR HD10","MINUTEMAN PRESS","PRINTING","6/3/2026","CHEYENNE, WY 82009","FILED","161.86"
"CANDIDATE COMMITTEE","FORNSTROM FOR HD10","STICKER MULE","CAMPAIGN YARD SIGNS, BUTTONS, PENS, ETC.","6/3/2026","AMSTERDAM, NY 12010","FILED","132.3"
"CANDIDATE COMMITTEE","FRIENDS OF JULIE JARVIS","WYOMING SOS","ADVERTISING - MISC.","6/3/2026","CHEYENNE, WY 82002","FILED","25"
"CANDIDATE COMMITTEE","IDE FOR SENATE","EXPRESS PRINTING","PRINTING","6/3/2026","CASPER, WY 82601","FILED","342.38"
"CANDIDATE","JAYME LIEN ","STAPLES","PRINTING","6/3/2026","WY ","FILED","192.2"
"CANDIDATE","JEFF MARTIN ","VALLEY LUMBER","OTHER: SIGNAGE","6/3/2026","WY ","FILED","133.89"
"CANDIDATE COMMITTEE","MARK JENNINGS FOR HOUSE DISTRICT 30","MARK JENNINGS","OFFICE SUPPLIES","6/3/2026","SHERIDAN, WY 82801","FILED","39.19"
"CANDIDATE","MEAGAN HERRINGTON ","DOLLAR STORE","OFFICE SUPPLIES","6/3/2026","WY ","FILED","10.76"
"CANDIDATE","MEAGAN HERRINGTON ","LARAMIE COUNTY GOP CANDIDATE COOKOUT","FOOD AND BEVERAGES","6/3/2026","WY ","FILED","30"
"CANDIDATE COMMITTEE","MEGAN FOR GOVERNOR","BATTLEFIELD LLC","CONSULTING","6/3/2026","MOUNT VERNON, NY 10550","FILED","146.87"
"CANDIDATE COMMITTEE","MEGAN FOR GOVERNOR","JOSHUA ESPINOSA","PAYROLL","6/3/2026","CHEYENNE, WY 82001","FILED","1258.95"
"CANDIDATE COMMITTEE","MEGAN FOR GOVERNOR","META PLATFORMS (FACEBOOK)","ADVERTISING - DIGITAL","6/3/2026","MENLO PARK, CA 94025","FILED","150"
"CANDIDATE COMMITTEE","MEGAN FOR GOVERNOR","WINRED TECHNICAL SERVICES","BANKING ","6/3/2026","CHEYENNE, WY 82001","FILED","114.9"
"CANDIDATE","QWENTON EAGLE OVIATT ","WIX","IT SERVICES","6/3/2026","SANFRANCISCO, CA ","FILED","216.9"
"CANDIDATE COMMITTEE","REINER FOR WYOMING","OFFICE DEPOT","ADMINISTRATIVE COSTS","6/3/2026","CHEYENNE, WY 82009","FILED","4.19"
"CANDIDATE COMMITTEE","REINER FOR WYOMING","PBR","PRINTING","6/3/2026","CHEYENNE, WY 82009","FILED","370.97"
"CANDIDATE","SCOTT SMITH JR","ZAZZLE.COM","CAMPAIGN YARD SIGNS, BUTTONS, PENS, ETC.","6/3/2026","WY ","FILED","14.73"
"CANDIDATE COMMITTEE","SHORT FOR STATE","LOAF N JUG","TRAVEL (HOTEL, GAS, ETC.)","6/3/2026","WY ","FILED","43.04"
"CANDIDATE COMMITTEE","SHORT FOR STATE","SAM'S CLUB FUEL","TRAVEL (HOTEL, GAS, ETC.)","6/3/2026","WY ","FILED","60.84"
"CANDIDATE","TAFT CARROLL LOVE ","CRAZY CHEAP POLITICAL SIGNS","CAMPAIGN YARD SIGNS, BUTTONS, PENS, ETC.","6/3/2026","WY ","FILED","2789.14"
"CANDIDATE COMMITTEE","THE FRIENDS TO ELECT MARK JONES","BUFFALO CHAMBER OF COMMERCE","ADVERTISING - DIGITAL","6/3/2026","BUFFALO, WY 82834","FILED","80"
"CANDIDATE COMMITTEE","THE FRIENDS TO ELECT MARK JONES","BUFFALO CHAMBER OF COMMERCE","ADVERTISING - MISC.","6/3/2026","BUFFALO, WY 82834","FILED","15"
"CANDIDATE COMMITTEE","THE FRIENDS TO ELECT MARK JONES","PAYPAL","GRAPHICS/WEBSITE FEES","6/3/2026","SAN JOSE, CA 95131","FILED","3.98"
"CANDIDATE","TINA JOHNSON ","SECRETARY OF STATE","ADMINISTRATIVE COSTS","6/3/2026","WY ","FILED","102.4"
"CANDIDATE","TINA JOHNSON ","SIGNS ON THE CHEAP","CAMPAIGN YARD SIGNS, BUTTONS, PENS, ETC.","6/3/2026"," , WY ","FILED","1053"
"CANDIDATE","TINA JOHNSON ","SIGNS ON THE CHEAP","TAXES","6/3/2026","WY ","FILED","65.65"
"CANDIDATE","WENDY DAVIS SCHULER ","WESTAR PRINTING","PRINTING","6/3/2026","EVANSTON, WY 82930","FILED","559.65"
"CANDIDATE","ALBERT SOMMERS ","RADIANT MANUFACTURING","CAMPAIGN YARD SIGNS, BUTTONS, PENS, ETC.","6/2/2026","ROCK SPRINGS, WY ","FILED","873.44"
"CANDIDATE COMMITTEE","BARLOW FOR WYOMING","FOSSIL FEST","ADVERTISING - MISC.","6/2/2026","KEMMERER, WY 83101","FILED","15"
"CANDIDATE COMMITTEE","BARLOW FOR WYOMING","INTERNATIONAL DAYS","ADVERTISING - MISC.","6/2/2026","ROCK SPRINGS, WY 82902","FILED","25"
"CANDIDATE COMMITTEE","BRENNAN FOR SENATE","PBR PRINTING","CAMPAIGN YARD SIGNS, BUTTONS, PENS, ETC.","6/2/2026","CHEYENNE, WY 82009","PUBLISHED","2355.15"
"CANDIDATE COMMITTEE","BRENT BIEN FOR GOVERNOR","VISTAPRINT","CAMPAIGN YARD SIGNS, BUTTONS, PENS, ETC.","6/2/2026","WY ","FILED","185.1"
"CANDIDATE COMMITTEE","BRENT BIEN FOR GOVERNOR","VISTAPRINT","CAMPAIGN YARD SIGNS, BUTTONS, PENS, ETC.","6/2/2026","WY ","FILED","199.48"
"CANDIDATE COMMITTEE","BRENT BIEN FOR GOVERNOR","VISTAPRINT","CAMPAIGN YARD SIGNS, BUTTONS, PENS, ETC.","6/2/2026","WY ","FILED","357.5"
"CANDIDATE COMMITTEE","BUTCHER FOR WYOMING","HOME DEPOT","CAMPAIGN YARD SIGNS, BUTTONS, PENS, ETC.","6/2/2026","WY ","FILED","202.49"
"CANDIDATE COMMITTEE","BUTCHER FOR WYOMING","WYOMING MEDICAL SOCIETY","TRAINING MATERIALS","6/2/2026","WY ","FILED","50"
"CANDIDATE","CHRISTOPHER DRESANG ","AMAZON.COM","FOOD AND BEVERAGES","6/2/2026","WY ","FILED","387.56"
"CANDIDATE COMMITTEE","COMMITTEE TO ELECT BOB DAVIS","AMAZON","CAMPAIGN YARD SIGNS, BUTTONS, PENS, ETC.","6/2/2026","WY ","FILED","197.3"
"CANDIDATE COMMITTEE","COMMITTEE TO ELECT JD WILLIAMS ","APPLE.COM","GRAPHICS/WEBSITE FEES","6/2/2026","CUPERTINO, CA 95014","FILED","63.58"
"CANDIDATE COMMITTEE","COMMITTEE TO ELECT JIM VANDYKE","BLUE FCU - INITIAL DEPOSIT","BANKING ","6/2/2026","CHEYENNE, WY 82001","FILED","100"
"CANDIDATE COMMITTEE","COMMITTEE TO ELECT JIM VANDYKE","JIM VANDYKE","LOAN PAYMENT","6/2/2026","CHEYENNE, WY 82009","FILED","40"
"CANDIDATE COMMITTEE","COMMITTEE TO ELECT TROY CLAYCOMB","WILDER GRAPHICS","CAMPAIGN YARD SIGNS, BUTTONS, PENS, ETC.","6/2/2026","NEWCASTLE, WY 82701","FILED","153.33"
"CANDIDATE COMMITTEE","COSTELLO FOR CASPER","YARD SIGN PLUS","CAMPAIGN YARD SIGNS, BUTTONS, PENS, ETC.","6/2/2026","WY ","FILED","474.6"
"CANDIDATE COMMITTEE","DAVID HILL FOR HOUSE DISTRICT 50","AMAZON","ADVERTISING - MISC.","6/2/2026","","FILED","21.73"
"CANDIDATE COMMITTEE","DAVID HILL FOR HOUSE DISTRICT 50","YOUNG WILD & FRIEDMAN","ADVERTISING - MISC.","6/2/2026","","FILED","41.18"
"CANDIDATE COMMITTEE","KEVIN HELLING FOR WYOMING","GOOGLE WORKSPACE","IT SERVICES","6/2/2026","MOUNTAIN VIEW, CA 94043","FILED","20.66"
"CANDIDATE COMMITTEE","LAUREN SCHOENFELD FOR WYOMING","WPTICKETS FOR EVENTS","ADMINISTRATIVE COSTS","6/2/2026","CHEYENNE, WY 82009","FILED","30"
"CANDIDATE","LLOYD CHARLES LARSEN ","LANDER PARADE ","ADVERTISING - MISC.","6/2/2026","LANDER, WY 82520","FILED","100"
"CANDIDATE COMMITTEE","LYTTLE FOR HOUSE","BLUE FCU - INITIAL DEPOSIT","BANKING ","6/2/2026","CHEYENNE, WY 82001","FILED","100"
"CANDIDATE","MARCIA JOANN NEUMILLER ","ALICIA CRISPELL PHOTOGRAPHY","ADVERTISING - MISC.","6/2/2026","CASPER, WY 82604","FILED","250"
"CANDIDATE","MATTHEW LEGLER ","AMAZON","CAMPAIGN YARD SIGNS, BUTTONS, PENS, ETC.","6/2/2026","WY ","FILED","187.17"
"CANDIDATE COMMITTEE","MEGAN FOR GOVERNOR","BATTLEFIELD LLC","CONSULTING","6/2/2026","MOUNT VERNON, NY 10550","FILED","3.12"
"CANDIDATE COMMITTEE","MEGAN FOR GOVERNOR","GOOGLE WORKSPACE","ADVERTISING - DIGITAL","6/2/2026","MOUNTAIN VIEW, CA 94043","FILED","292.09"
"CANDIDATE COMMITTEE","MEGAN FOR GOVERNOR","GUSTO","PAYROLL","6/2/2026","SAN FRANCISCO, CA 94107","FILED","64.81"
"CANDIDATE COMMITTEE","MEGAN FOR GOVERNOR","META PLATFORMS (FACEBOOK)","ADVERTISING - DIGITAL","6/2/2026","MENLO PARK, CA 94025","FILED","75"
"CANDIDATE COMMITTEE","MEGAN FOR GOVERNOR","WINRED TECHNICAL SERVICES","BANKING ","6/2/2026","CHEYENNE, WY 82001","FILED","0.99"
"CANDIDATE COMMITTEE","QUIN BLAIR FOR HOUSE DISTRICT 24","FACEBOOK","ADVERTISING - DIGITAL","6/2/2026","WY ","FILED","62"
"CANDIDATE","QWENTON EAGLE OVIATT ","BOEDORN LUMBER","CAMPAIGN YARD SIGNS, BUTTONS, PENS, ETC.","6/2/2026","LANDER, WY ","FILED","104.99"
"CANDIDATE COMMITTEE","SHANNON A. BRENNAN FOR WY HOUSE D23","SHANNON A. BRENNAN FOR WY HOUSE D23  (BANK OF JH)","BANKING ","6/2/2026","JACKSON, WY 83001","FILED","100"
"CANDIDATE COMMITTEE","SHORT FOR STATE","WYO PRINT","CAMPAIGN YARD SIGNS, BUTTONS, PENS, ETC.","6/2/2026","WY ","FILED","193.2"
"CANDIDATE COMMITTEE","SYMONS FOR SHERIDAN","KOLTISKA FOR SHERIDAN","CANDIDATE/COMMITTEE CONTRIBUTION","6/2/2026","SHERIDAN, WY 82801","FILED","1500"
"CANDIDATE COMMITTEE","THE FRIENDS TO ELECT MARK JONES","LIBERTY SERVICE CORPORATION","CONSULTING","6/2/2026","COLORADO SPRINGS, CO 80906","FILED","500"
"CANDIDATE COMMITTEE","THE FRIENDS TO ELECT MARK JONES","PALMETTO STATE ARMORY","ADMINISTRATIVE COSTS","6/2/2026","COLUMBIA, SC 29210","FILED","1231.26"
"CANDIDATE","TONY LOCKE ","STRIPE","BANKING ","6/2/2026","","FILED","14.8"
"CANDIDATE","WENDY DAVIS SCHULER ","BEARDED BOOMBOX","GRAPHICS/WEBSITE FEES","6/2/2026","EVANSTON, WY 82930","FILED","518.18"
"CANDIDATE COMMITTEE","WRIGHT4WYOMING","TABLE COVERS NOW","CAMPAIGN YARD SIGNS, BUTTONS, PENS, ETC.","6/2/2026","","FILED","352.86"
"CANDIDATE COMMITTEE","ANGELOS FOR WYOMING","UPRINTING","CAMPAIGN YARD SIGNS, BUTTONS, PENS, ETC.","6/1/2026","VAN NUYS, CA ","FILED","190.48"
"CANDIDATE COMMITTEE","ANGELOS FOR WYOMING","WRISTBAND* WRISTBAND ","CAMPAIGN YARD SIGNS, BUTTONS, PENS, ETC.","6/1/2026","SUGAR LAND, TX ","FILED","359.64"
"CANDIDATE COMMITTEE","BARLOW FOR WYOMING","ALLIE SCROGGINS","CONSULTING","6/1/2026","CASPER, WY 82609","FILED","875"
"CANDIDATE COMMITTEE","BARLOW FOR WYOMING","AMAZON","CAMPAIGN YARD SIGNS, BUTTONS, PENS, ETC.","6/1/2026","SEATTLE, WA 98108","FILED","173.9"
"CANDIDATE COMMITTEE","BARLOW FOR WYOMING","AXIOM STRATEGIES","CONSULTING","6/1/2026","KANSAS CITY, MO 64112","FILED","5000"
"CANDIDATE COMMITTEE","BARLOW FOR WYOMING","GNARLY RAM LLC","CONSULTING","6/1/2026","SHERIDAN, WY 82801","FILED","2500"
"CANDIDATE COMMITTEE","BARLOW FOR WYOMING","GOOGLE","IT SERVICES","6/1/2026","MOUNTAIN VIEW, CA 94043","FILED","342.11"
"CANDIDATE COMMITTEE","BARLOW FOR WYOMING","HIGH PLAINS CONSULTANTS","CONSULTING","6/1/2026","CARPENTER, WY 82054","FILED","2200"
"CANDIDATE COMMITTEE","BARLOW FOR WYOMING","MELISSA ATKINSON","CONSULTING","6/1/2026","GREEN RIVER, WY 82935","FILED","875"
"CANDIDATE COMMITTEE","BARLOW FOR WYOMING","MYA ROBB","CONSULTING","6/1/2026","WRIGHT, WY 82732","FILED","953"
"CANDIDATE COMMITTEE","BARLOW FOR WYOMING","SQUARE SPACE","BANKING ","6/1/2026","NEW YORK , NY 10001","FILED","36"
"CANDIDATE COMMITTEE","BARLOW FOR WYOMING","TAILORED CFO SOLUTIONS LLC","CONSULTING","6/1/2026","GREEN RIVER, WY 82935","FILED","6300"
"CANDIDATE COMMITTEE","BARLOW FOR WYOMING","TRISTA OSTROM","TRAVEL (HOTEL, GAS, ETC.)","6/1/2026","CHEYENNE, WY 82001","FILED","435.6"
"CANDIDATE COMMITTEE","BARLOW FOR WYOMING","TRISTAN PATTERSON","CONSULTING","6/1/2026","LARAMIE, WY 82072","FILED","2723.3"
"CANDIDATE COMMITTEE","BEN HORNOK FOR WY","AMERICAN POSTAL SERVICE","OTHER: MAILBOX","6/1/2026","CHEYENNE, WY 82007","FILED","17"
"CANDIDATE COMMITTEE","BIGELOW FOR HD51","ANEDOT","BANKING ","6/1/2026","DALLAS, TX 75206","FILED","41.9"
"CANDIDATE COMMITTEE","BIGELOW FOR HD51","SHERIDAN COUNTY","PRINTING","6/1/2026","SHERIDAN, WY 82801","FILED","26.75"
"CANDIDATE COMMITTEE","BIGELOW FOR HD51","SHERIDAN COUNTY","PRINTING","6/1/2026","SHERIDAN, WY 82801","FILED","32"
"CANDIDATE COMMITTEE","BINGHAM FOR WYOMING","RADIANT MANUFACTURING ","CAMPAIGN YARD SIGNS, BUTTONS, PENS, ETC.","6/1/2026","WY ","FILED","949.87"
"CANDIDATE COMMITTEE","BINGHAM FOR WYOMING","RADIANT MANUFACTURING ","PRINTING","6/1/2026","WY ","FILED","21.59"
"CANDIDATE COMMITTEE","BITEMAN FOR WYOMING","ADOBE","ADMINISTRATIVE COSTS","6/1/2026","WY ","FILED","31.79"
"CANDIDATE COMMITTEE","BRENNAN FOR SENATE","WIX.COM","ADMINISTRATIVE COSTS","6/1/2026","","PUBLISHED","62.05"
"CANDIDATE COMMITTEE","BRENT BIEN FOR GOVERNOR","COWBOY STATE DAILY","ADVERTISING - DIGITAL","6/1/2026","WY ","FILED","3520"
"CANDIDATE COMMITTEE","BRENT BIEN FOR GOVERNOR","FACEBOOK","ADVERTISING - DIGITAL","6/1/2026","WY ","FILED","30"
"CANDIDATE COMMITTEE","BRENT BIEN FOR GOVERNOR","FACEBOOK","ADVERTISING - DIGITAL","6/1/2026","WY ","FILED","30"
"CANDIDATE COMMITTEE","BRENT BIEN FOR GOVERNOR","GOOD NEWS PUBLICATION","ADVERTISING - NEWSPAPER","6/1/2026","WY ","FILED","139.74"
"CANDIDATE COMMITTEE","BRENT BIEN FOR GOVERNOR","STICKER MULE","CAMPAIGN YARD SIGNS, BUTTONS, PENS, ETC.","6/1/2026","WY ","FILED","120.75"
"CANDIDATE COMMITTEE","BRENT BIEN FOR GOVERNOR","VISTAPRINT","CAMPAIGN YARD SIGNS, BUTTONS, PENS, ETC.","6/1/2026","WY ","FILED","439.08"
"CANDIDATE COMMITTEE","BRENT BIEN FOR GOVERNOR","X CORP","ADVERTISING - DIGITAL","6/1/2026","WY ","FILED","5.57"
"CANDIDATE COMMITTEE","BUTCHER FOR WYOMING","BIG MOOSE APPAREL","CAMPAIGN YARD SIGNS, BUTTONS, PENS, ETC.","6/1/2026","WY ","FILED","187.63"
"CANDIDATE","CHRISTOPHER DRESANG ","CASPER FAIR AND RODEO","ADVERTISING - MISC.","6/1/2026","WY ","FILED","40"
"CANDIDATE COMMITTEE","COMMITTEE TO ELECT BOB DAVIS","BIG D","TRAVEL (HOTEL, GAS, ETC.)","6/1/2026","WY ","FILED","75"
"CANDIDATE COMMITTEE","COMMITTEE TO ELECT BOB DAVIS","CAPPYS","FOOD AND BEVERAGES","6/1/2026","WY ","FILED","37.78"
"CANDIDATE COMMITTEE","COMMITTEE TO ELECT BOB DAVIS","CONOCO COUNTRY STORE","TRAVEL (HOTEL, GAS, ETC.)","6/1/2026","WY ","FILED","47.1"
"CANDIDATE COMMITTEE","COMMITTEE TO ELECT BOB DAVIS","HISTORIC ELK MOUNTAIN MOTEL","FOOD AND BEVERAGES","6/1/2026","WY ","FILED","54.06"
"CANDIDATE COMMITTEE","COMMITTEE TO ELECT BOB DAVIS","HISTORIC ELK MOUNTAIN MOTEL","FOOD AND BEVERAGES","6/1/2026","WY ","FILED","197.75"
"CANDIDATE COMMITTEE","COMMITTEE TO ELECT BOB DAVIS","OLD TRADING POST","TRAVEL (HOTEL, GAS, ETC.)","6/1/2026","WY ","FILED","38.1"
"CANDIDATE COMMITTEE","COMMITTEE TO ELECT BRITNEY TENNANT","GO SLO WYO","CAMPAIGN YARD SIGNS, BUTTONS, PENS, ETC.","6/1/2026","CHEYENNE, WY 82001","FILED","174.56"
"CANDIDATE COMMITTEE","COMMITTEE TO ELECT DWAYNE DILLINGER","PRIORITY PROPERTY MANAGEMENT","RENT","6/1/2026","WY ","FILED","500"
"CANDIDATE COMMITTEE","COMMITTEE TO ELECT DWAYNE DILLINGER","WEB PROS","ADVERTISING - MISC.","6/1/2026","WY ","FILED","450"
"CANDIDATE COMMITTEE","COMMITTEE TO ELECT EARL COLLIER FOR HOUSE DISTRICT 3","BEST NAME BADGES","CAMPAIGN YARD SIGNS, BUTTONS, PENS, ETC.","6/1/2026","WY ","FILED","46.57"
"CANDIDATE COMMITTEE","COMMITTEE TO ELECT EARL COLLIER FOR HOUSE DISTRICT 3","CHAMBER OF COMMERCE","FACILITY FEE","6/1/2026","WY ","FILED","150"
"CANDIDATE COMMITTEE","COMMITTEE TO ELECT EARL COLLIER FOR HOUSE DISTRICT 3","COWBOY COUTURE","CAMPAIGN YARD SIGNS, BUTTONS, PENS, ETC.","6/1/2026","WY ","FILED","364.22"
"CANDIDATE COMMITTEE","COMMITTEE TO ELECT EARL COLLIER FOR HOUSE DISTRICT 3","DOLLAR TREE","CAMPAIGN YARD SIGNS, BUTTONS, PENS, ETC.","6/1/2026","WY ","FILED","30.45"
"CANDIDATE COMMITTEE","COMMITTEE TO ELECT EARL COLLIER FOR HOUSE DISTRICT 3","VISTAPRINT","CAMPAIGN YARD SIGNS, BUTTONS, PENS, ETC.","6/1/2026","WY ","FILED","291.06"
"CANDIDATE COMMITTEE","COMMITTEE TO ELECT EARL COLLIER FOR HOUSE DISTRICT 3","WALMART","OFFICE SUPPLIES","6/1/2026","WY ","FILED","12.42"
"CANDIDATE COMMITTEE","COMMITTEE TO ELECT KRISTI RACINES","GOOGLE","GRAPHICS/WEBSITE FEES","6/1/2026","","FILED","8.4"
"CANDIDATE COMMITTEE","COMMITTEE TO ELECT MARK RINNE","PBR PRINTING","CAMPAIGN YARD SIGNS, BUTTONS, PENS, ETC.","6/1/2026","82009, WY ","FILED","915.6"
"CANDIDATE COMMITTEE","COMMITTEE TO ELECT OGDEN DRISKILL","WEBPROS MEDIA","ADVERTISING - MISC.","6/1/2026","GILLETTE, WY 82718","FILED","900"
"CANDIDATE","DONNA KAY RICE ","AMAZON ON WEB SERVICE","ADVERTISING - DIGITAL","6/1/2026","WY ","FILED","5.41"
"CANDIDATE","EXIE R BROWN JR","LARAMIE COUNTY GOP","ADMINISTRATIVE COSTS","6/1/2026","CHEYENNE, WY 82009","FILED","30"
"CANDIDATE COMMITTEE","FRIENDS OF MARK GORDON","GOOGLE APPS","GRAPHICS/WEBSITE FEES","6/1/2026","MOUNTAIN VIEW, CA 94043","FILED","58.8"
"CANDIDATE","JAMES A. WILSON ","WYOMING SOS","ADMINISTRATIVE COSTS","6/1/2026","ROCK SPRINGS, WY 82901","FILED","102.4"
"CANDIDATE COMMITTEE","JEANETTE WARD FOR WYOMING","VOTTIV","ADMINISTRATIVE COSTS","6/1/2026","PROVO, UT 82604","FILED","173"
"CANDIDATE COMMITTEE","KENNETH D. ROBERTS","UPRINTING","CAMPAIGN YARD SIGNS, BUTTONS, PENS, ETC.","6/1/2026","VAN NUYS, CA 91406","FILED","89.16"
"CANDIDATE","LLOYD CHARLES LARSEN ","LVHS - FBLA","ADMINISTRATIVE COSTS","6/1/2026","LANDER, WY 82520","FILED","100"
"CANDIDATE","MATTHEW HURT ","JUST YARD SIGNS","CAMPAIGN YARD SIGNS, BUTTONS, PENS, ETC.","6/1/2026","CHEYENNE, WY 82001","FILED","404.7"
"CANDIDATE COMMITTEE","MEGAN FOR GOVERNOR","ALLIANCE FORGE ELECTION TECHNOLOGY","ADVERTISING - DIGITAL","6/1/2026","SPARKS, NV 89436","FILED","88.17"
"CANDIDATE COMMITTEE","MEGAN FOR GOVERNOR","ALLIANCE FORGE ELECTION TECHNOLOGY","ADVERTISING - DIGITAL","6/1/2026","SPARKS, NV 89436","FILED","505.89"
"CANDIDATE COMMITTEE","MEGAN FOR GOVERNOR","ALLIANCE FORGE ELECTION TECHNOLOGY","ADVERTISING - DIGITAL","6/1/2026","SPARKS, NV 89436","FILED","12.5"
"CANDIDATE COMMITTEE","MEGAN FOR GOVERNOR","AMAZON","OFFICE SUPPLIES","6/1/2026","SEATTLE, WA 98109","FILED","50.86"
"CANDIDATE COMMITTEE","MEGAN FOR GOVERNOR","DANIELS SPAULDING CONSULTING LLC","CONSULTING","6/1/2026","CARMEL, IN 46082","FILED","7299.19"
"CANDIDATE COMMITTEE","MEGAN FOR GOVERNOR","GOOGLE WORKSPACE","ADVERTISING - DIGITAL","6/1/2026","MOUNTAIN VIEW, CA 94043","FILED","782.14"
"CANDIDATE COMMITTEE","MEGAN FOR GOVERNOR","HANNAH HARRINGTON","PAYROLL","6/1/2026","CHEYNNE, WY 82009","FILED","85.65"
"CANDIDATE COMMITTEE","MEGAN FOR GOVERNOR","META PLATFORMS (FACEBOOK)","ADVERTISING - DIGITAL","6/1/2026","MENLO PARK, CA 94025","FILED","450"
"CANDIDATE COMMITTEE","MEGAN FOR GOVERNOR","SRCP MEDIA","ADVERTISING - MISC.","6/1/2026","ALEXANDRIA, VA 22314","FILED","19663"
"CANDIDATE COMMITTEE","MEGAN FOR GOVERNOR","VIBE","ADVERTISING - DIGITAL","6/1/2026","CHICAGO, IL 60613","FILED","1000"
"CANDIDATE COMMITTEE","MEGAN FOR GOVERNOR","WINGATE BY WYNDHAM DESTIN","TRAVEL (HOTEL, GAS, ETC.)","6/1/2026","DESTIN, FL 32541","FILED","156.42"
"CANDIDATE COMMITTEE","MEGAN FOR GOVERNOR","WINRED TECHNICAL SERVICES","BANKING ","6/1/2026","CHEYENNE, WY 82001","FILED","9.85"
"CANDIDATE COMMITTEE","MEGAN FOR GOVERNOR","WYOMING MINING ASSOCIATION","ENTERTAINMENT","6/1/2026","CHEYENNE, WY 82001","FILED","120"
"CANDIDATE COMMITTEE","MYCA FOR SHERIDAN","ALPHA GRAPHICS","CAMPAIGN YARD SIGNS, BUTTONS, PENS, ETC.","6/1/2026","WY ","FILED","1074.33"
"CANDIDATE","R. J. KOST ","CROFT MARKETING GROUP LLC","GRAPHICS/WEBSITE FEES","6/1/2026","POWELL, WY 82435","FILED","99"
"CANDIDATE COMMITTEE","RAH FOR HD17","RUN! WEBSITE BUILDER","GRAPHICS/WEBSITE FEES","6/1/2026","MIDDLETOWN, DE 19709","FILED","50"
"CANDIDATE COMMITTEE","REINER FOR WYOMING","GOOGLE WORKSPACE","IT SERVICES","6/1/2026","CA ","FILED","26.4"
"CANDIDATE","ROY BIRT ","CRAZY CHEAP SIGNS","CAMPAIGN YARD SIGNS, BUTTONS, PENS, ETC.","6/1/2026","WY ","FILED","2697.91"
"CANDIDATE COMMITTEE","SCHRIFTMAN FOR STATE HOUSE","CW FAIR & RODEO","OTHER: PARADE ENTRY","6/1/2026","WY ","FILED","40"
"CANDIDATE COMMITTEE","SERVER FOR WY","LCGOP","ADVERTISING - MISC.","6/1/2026"," , WY ","FILED","60"
"CANDIDATE COMMITTEE","SHANNON A. BRENNAN FOR WY HOUSE D23","DESIGNS  (99DESIGNS) (SQUARESPACE CONTRACTOR)","GRAPHICS/WEBSITE FEES","6/1/2026","SURREY HILLS NSW","FILED","2100"
"CANDIDATE COMMITTEE","SHANNON A. BRENNAN FOR WY HOUSE D23","SQUARESPACE, INC.","IT SERVICES","6/1/2026","NY ","FILED","36"
"CANDIDATE COMMITTEE","SHORT FOR STATE","CITY OF CHEYENNE","FACILITY FEE","6/1/2026","WY ","FILED","1000"
"CANDIDATE COMMITTEE","SHORT FOR STATE","FAST STOP","TRAVEL (HOTEL, GAS, ETC.)","6/1/2026","WY ","FILED","35.74"
"CANDIDATE COMMITTEE","SHORT FOR STATE","MAVERICK","TRAVEL (HOTEL, GAS, ETC.)","6/1/2026","WY ","FILED","7.68"
"CANDIDATE COMMITTEE","STACY JONES FOR SENATE DISTRICT 13","NELLS","FOOD AND BEVERAGES","6/1/2026","WY ","FILED","36.03"
"CANDIDATE COMMITTEE","STORER FOR STATE HOUSE","SNOWDAY AGENCY","GRAPHICS/WEBSITE FEES","6/1/2026","JACKSON, WY 83002","FILED","3053"
"CANDIDATE COMMITTEE","THE FRIENDS TO ELECT MARK JONES","FIRST NORTHERN BANK","BANKING ","6/1/2026","BUFFALO, WY 82834","FILED","18.7"
"CANDIDATE COMMITTEE","THE FRIENDS TO ELECT MARK JONES","VISTAPRINT","PRINTING","6/1/2026","LEXINGTON, MA 02421","FILED","615.83"
"CANDIDATE COMMITTEE","WRIGHT4WYOMING","360 ONLINE PRINT","CAMPAIGN YARD SIGNS, BUTTONS, PENS, ETC.","6/1/2026","","FILED","82.56"
"CANDIDATE COMMITTEE","WRIGHT4WYOMING","STICKER MULE","CAMPAIGN YARD SIGNS, BUTTONS, PENS, ETC.","6/1/2026","","FILED","107.58"
"CANDIDATE COMMITTEE","WRIGHT4WYOMING","WYOMARKETING TALK SHOP","ADVERTISING - RADIO","6/1/2026","","FILED","99.35"
"CANDIDATE COMMITTEE","WRIGHT4WYOMING","ZAZZLE","CAMPAIGN YARD SIGNS, BUTTONS, PENS, ETC.","6/1/2026","","FILED","39.64"
"CANDIDATE","ALBERT SOMMERS ","KPIN","ADVERTISING - RADIO","5/31/2026","PINEDALE, WY ","FILED","599"
"CANDIDATE","ALBERT SOMMERS ","RIDLEY'S","CAMPAIGN YARD SIGNS, BUTTONS, PENS, ETC.","5/31/2026","PINEDALE, WY ","FILED","22.86"
"CANDIDATE COMMITTEE","BARLOW FOR WYOMING","FACEBOOK","ADVERTISING - DIGITAL","5/31/2026","MENLO PARK, CA 94025","FILED","233.33"
"CANDIDATE COMMITTEE","BARLOW FOR WYOMING","WINRED","BANKING ","5/31/2026","ALEXANDRIA, VA 22314","FILED","1287.65"
"CANDIDATE COMMITTEE","CHESTEK FOR HD 13","VISTAPRINT","PRINTING","5/31/2026","WY ","FILED","288.31"
"CANDIDATE COMMITTEE","COMMITTEE TO ELECT BRITNEY TENNANT","MAVERICK","TRAVEL (HOTEL, GAS, ETC.)","5/31/2026","CHEYENNE, WY 82001","FILED","56.5"
"CANDIDATE COMMITTEE","COMMITTEE TO ELECT KRISTI RACINES","COMMON CENTS ","TRAVEL (HOTEL, GAS, ETC.)","5/31/2026"," , WY ","FILED","51.61"
"CANDIDATE COMMITTEE","COMMITTEE TO ELECT MIKE YIN","ACTBLUE TECHNICAL SERVICES","BANKING ","5/31/2026","SOMERVILLE, MA 02144","FILED","19.33"
"CANDIDATE COMMITTEE","COMMITTEE TO ELECT TOM KELLY","SHERIDAN COUNTY FEDERAL CREDIT UNION","BANKING ","5/31/2026","WY ","FILED","10"
"CANDIDATE COMMITTEE","IDE FOR SENATE","SAMUEL EATON","GRAPHICS/WEBSITE FEES","5/31/2026","CASPER, WY 82601","FILED","850"
"CANDIDATE","JAMES T CORKERY JR","SPECTRUM ","PHONE","5/31/2026","CASPER, WY ","FILED","40"
"CANDIDATE","JAMES T CORKERY JR","USPS","ADMINISTRATIVE COSTS","5/31/2026","CASPER, WY 82605","FILED","180"
"CANDIDATE","JAMES T CORKERY JR","YARD SIGNS PLUS","CAMPAIGN YARD SIGNS, BUTTONS, PENS, ETC.","5/31/2026","RICHMOND, TX 77469","FILED","417.19"
"CANDIDATE COMMITTEE","JEANETTE WARD FOR WYOMING","HARBOR FREIGHT","CAMPAIGN YARD SIGNS, BUTTONS, PENS, ETC.","5/31/2026","CASPER, WY 82601","FILED","6.95"
"CANDIDATE COMMITTEE","JEANETTE WARD FOR WYOMING","SUTHERLANDS","CAMPAIGN YARD SIGNS, BUTTONS, PENS, ETC.","5/31/2026","CASPER, WY 82601","FILED","31.79"
"CANDIDATE COMMITTEE","LAUREN SCHOENFELD FOR WYOMING","MENARDS","CAMPAIGN YARD SIGNS, BUTTONS, PENS, ETC.","5/31/2026","CHEYENNE, WY 82009","FILED","23.06"
"CANDIDATE","MATT MCGINNIS ","SIGNS ON THE CHEAP","CAMPAIGN YARD SIGNS, BUTTONS, PENS, ETC.","5/31/2026","WY ","FILED","1044.25"
"CANDIDATE","MATT MCGINNIS ","SIGNS ON THE CHEAP","CAMPAIGN YARD SIGNS, BUTTONS, PENS, ETC.","5/31/2026","WY ","FILED","896.04"
"CANDIDATE","RYAN MICHAEL SHOLLENBERGER ","MICHAEL WILHELM","IT SERVICES","5/31/2026","GILBERT, AZ 85296","FILED","50"
"CANDIDATE COMMITTEE","SHORT FOR STATE","CIRCLE K","TRAVEL (HOTEL, GAS, ETC.)","5/31/2026","WY ","FILED","35.26"
"CANDIDATE COMMITTEE","ALLEN HOGG FOR WYOMING","ELKHORN BAR & GRILL","FOOD AND BEVERAGES","5/30/2026","MEETEETSE, WY 82433","FILED","142.59"
"CANDIDATE COMMITTEE","BINGHAM FOR WYOMING","NELL'S AT FOUR POINTS ","FOOD AND BEVERAGES","5/30/2026","WY ","FILED","36.03"
"CANDIDATE COMMITTEE","BUTCHER FOR WYOMING","SIGN UP GENIUS","ADMINISTRATIVE COSTS","5/30/2026","","FILED","29.99"
"CANDIDATE COMMITTEE","COMMITTEE TO ELECT BRITNEY TENNANT","WYOMING MEDICAL SOCIETY","ADMINISTRATIVE COSTS","5/30/2026","CHEYENNE, WY 82001","FILED","50"
"CANDIDATE COMMITTEE","COMMITTEE TO ELECT CAT URBIGKIT","MEAD FOR WYOMING","CANDIDATE/COMMITTEE CONTRIBUTION","5/30/2026","JACKSON, WY 83001","FILED","500"
"CANDIDATE COMMITTEE","COMMITTEE TO ELECT CAT URBIGKIT","TOM HATCH","CANDIDATE/COMMITTEE CONTRIBUTION","5/30/2026","BIG PINEY, WY 83113","FILED","300"
"CANDIDATE COMMITTEE","COMMITTEE TO ELECT JESSICA CROWDER","PBR PRINTING","CAMPAIGN YARD SIGNS, BUTTONS, PENS, ETC.","5/30/2026","CHEYENNE, WY 82009","FILED","1136.75"
"CANDIDATE COMMITTEE","COMMITTEE TO ELECT KRISTI RACINES","BIG HORN COUNTY REPUBLICAN PARTY","FOOD AND BEVERAGES","5/30/2026","WY ","FILED","55"
"CANDIDATE COMMITTEE","COMMITTEE TO ELECT KRISTI RACINES","BIG HORN COUNTY REPUBLICAN PARTY","OTHER: DINNER TICKET","5/30/2026","WY ","FILED","50"
"CANDIDATE COMMITTEE","COMMITTEE TO ELECT KRISTI RACINES","HISTORIC HOTEL GREYBULL","TRAVEL (HOTEL, GAS, ETC.)","5/30/2026","WY ","FILED","84"
"CANDIDATE","DARIN M MCCANN ","VISTA PRINT","ADVERTISING - MISC.","5/30/2026","ROCK SPRINGS, WY 82901","FILED","371.2"
"CANDIDATE COMMITTEE","DAVID HILL FOR HOUSE DISTRICT 50","META","ADVERTISING - DIGITAL","5/30/2026","","FILED","500"
"CANDIDATE COMMITTEE","KELLER FOR WYO","IMPRINT NOW","CAMPAIGN YARD SIGNS, BUTTONS, PENS, ETC.","5/30/2026","RICHMOND, TX 77469","FILED","222.99"
"CANDIDATE COMMITTEE","KELLER FOR WYO","MACK'S MARKET","FOOD AND BEVERAGES","5/30/2026","THERMOPOLIS, WY 82443","FILED","15.07"
"CANDIDATE COMMITTEE","KELLER FOR WYO","MAKE STICKERS","CAMPAIGN YARD SIGNS, BUTTONS, PENS, ETC.","5/30/2026","TINLEY PARK, IL 60487","FILED","224.19"
"CANDIDATE COMMITTEE","MCINTOSH FOR WYOMING","SQUARESPACE","GRAPHICS/WEBSITE FEES","5/30/2026","NEW YORK, NY 10014","FILED","204"
"CANDIDATE","NEIL JESKE ","DARCIE GUDGER","GRAPHICS/WEBSITE FEES","5/30/2026","MILLS, WY ","FILED","200"
"CANDIDATE","RYAN MICHAEL SHOLLENBERGER ","ADVANCING LIBERTY MEDIA","IT SERVICES","5/30/2026","GILBERT, AZ 85296","FILED","250"
"CANDIDATE COMMITTEE","SHORT FOR STATE","AIRBNB","TRAVEL (HOTEL, GAS, ETC.)","5/30/2026","WY ","FILED","114.4"
"CANDIDATE COMMITTEE","SHORT FOR STATE","LOS GABANES","FOOD AND BEVERAGES","5/30/2026","WY ","FILED","37.36"
"CANDIDATE COMMITTEE","SHORT FOR STATE","MAVERICK","TRAVEL (HOTEL, GAS, ETC.)","5/30/2026","WY ","FILED","27.85"
"CANDIDATE","TONY LOCKE ","MURDOCH'S","CAMPAIGN YARD SIGNS, BUTTONS, PENS, ETC.","5/30/2026","","FILED","39.16"
"CANDIDATE COMMITTEE","WILLIAMS 4 WYOMING","RMC","CONSULTING","5/30/2026","LAS VEGAS, NV 89117","FILED","2649.02"
"CANDIDATE","ALBERT SOMMERS ","BOMGAARS","CAMPAIGN YARD SIGNS, BUTTONS, PENS, ETC.","5/29/2026","PINEDALE, WY ","FILED","22.86"
"CANDIDATE","ALBERT SOMMERS ","BOMGAARS","CAMPAIGN YARD SIGNS, BUTTONS, PENS, ETC.","5/29/2026","PINEDALE, WY ","FILED","22.86"
"CANDIDATE COMMITTEE","ANGELOS FOR WYOMING","UPRINTING","CAMPAIGN YARD SIGNS, BUTTONS, PENS, ETC.","5/29/2026","VAN NUYS, CA ","FILED","508.85"
"CANDIDATE COMMITTEE","BARLOW FOR WYOMING","AMAZON","CAMPAIGN YARD SIGNS, BUTTONS, PENS, ETC.","5/29/2026","SEATTLE, WA 98108","FILED","57.5"
"CANDIDATE COMMITTEE","BARLOW FOR WYOMING","DUBOIS CHAMBER OF COMMERCE","ADVERTISING - MISC.","5/29/2026","DUBOIS, WY 82513","FILED","50"
"CANDIDATE COMMITTEE","BARLOW FOR WYOMING","GREEN RIVER RECREATION CENTER","OTHER: OTHER","5/29/2026","GREEN RIVER, WY 82935","FILED","40"
"CANDIDATE COMMITTEE","BARLOW FOR WYOMING","I360","CONSULTING","5/29/2026","ARLINGTON, VA 22201","FILED","1250"
"CANDIDATE COMMITTEE","BIGELOW FOR HD51","HOME DEPOT","OFFICE SUPPLIES","5/29/2026","SHERIDAN, WY 82801","FILED","55.71"
"CANDIDATE COMMITTEE","BRENNAN FOR SENATE","WIX.COM","GRAPHICS/WEBSITE FEES","5/29/2026","","PUBLISHED","468"
"CANDIDATE","CARL MANNING ","WYOMING COMMUNITY BANK","BANKING ","5/29/2026","RIVERTON, WY 82501","FILED","8"
"CANDIDATE","CARL MANNING ","WYOMING COMMUNITY BANK","BANKING ","5/29/2026","RIVERTON, WY 82501","FILED","8"
"CANDIDATE COMMITTEE","COLGROVE FOR HD57","WYOMING SOS","OTHER: FILING FEE","5/29/2026","CHEYENNE, WY 82002","FILED","100"
"CANDIDATE COMMITTEE","COMMITTEE TO ELECT DWAYNE DILLINGER","I 360 SUBSCRIPTION","ADMINISTRATIVE COSTS","5/29/2026","WY ","FILED","675"
"CANDIDATE COMMITTEE","COMMITTEE TO ELECT GARY BROWN ","USPS","POSTAGE","5/29/2026","WY ","FILED","370"
"CANDIDATE COMMITTEE","COMMITTEE TO ELECT JD WILLIAMS ","WILDER GRAPHICS","CAMPAIGN YARD SIGNS, BUTTONS, PENS, ETC.","5/29/2026","NEWCASTLE, WY 82701","FILED","195.92"
"CANDIDATE COMMITTEE","COMMITTEE TO ELECT JESSICA CROWDER","PBR PRINTING","CAMPAIGN YARD SIGNS, BUTTONS, PENS, ETC.","5/29/2026","CHEYENNE, WY 82009","FILED","1000"
"CANDIDATE COMMITTEE","COMMITTEE TO ELECT JIM VANDYKE","SAM'S CLUB - PATRIOT FLAG KIT","CAMPAIGN YARD SIGNS, BUTTONS, PENS, ETC.","5/29/2026","CHEYENNE, WY 82009","FILED","34.76"
"CANDIDATE COMMITTEE","COMMITTEE TO ELECT KRISTI RACINES","EXXON","TRAVEL (HOTEL, GAS, ETC.)","5/29/2026","WY ","FILED","41.04"
"CANDIDATE COMMITTEE","COMMITTEE TO ELECT KRISTI RACINES","HOT SPRINGS COUNTY REPUBLICAN PARTY","OTHER: DINNER TICKET","5/29/2026","WY ","FILED","50"
"CANDIDATE COMMITTEE","COMMITTEE TO ELECT KRISTI RACINES","WALMART","OTHER: AUCTION ITEMS","5/29/2026","WY ","FILED","83.54"
"CANDIDATE COMMITTEE","COMMITTEE TO ELECT ZETA","VISTA PRINT","CAMPAIGN YARD SIGNS, BUTTONS, PENS, ETC.","5/29/2026","WY ","FILED","89.24"
"CANDIDATE COMMITTEE","COMMITTEE TO ELECT ZETA","ZAZZLE ","CAMPAIGN YARD SIGNS, BUTTONS, PENS, ETC.","5/29/2026","WY ","FILED","36.58"
"CANDIDATE COMMITTEE","CONNOLLY FOR STATE HOUSE","ALPHAGRAPHICS","CAMPAIGN YARD SIGNS, BUTTONS, PENS, ETC.","5/29/2026","SHERIDAN, WY 82801","FILED","2937.48"
"CANDIDATE COMMITTEE","CONNOLLY FOR STATE HOUSE","ANB","BANKING ","5/29/2026","BUFFALO, WY 82834","FILED","5"
"CANDIDATE COMMITTEE","COSTELLO FOR CASPER","AMBI MAIL AND MARKETING","CAMPAIGN YARD SIGNS, BUTTONS, PENS, ETC.","5/29/2026","WY ","FILED","44.98"
"CANDIDATE COMMITTEE","COSTELLO FOR CASPER","GODADDY","GRAPHICS/WEBSITE FEES","5/29/2026","WY ","FILED","155.88"
"CANDIDATE","DARIN M MCCANN ","INTERNATIONAL DAYS","ADVERTISING - MISC.","5/29/2026","ROCK SPRINGS, WY 82901","FILED","25"
"CANDIDATE","DEB MUTTER SHAMLEY ","CANDIDATE FILING/GSF","OTHER: REGISTRATION","5/29/2026","CHEYENNE, WY 82009","FILED","102.4"
"CANDIDATE COMMITTEE","DEGENFELDER FOR WYOMING","JONAH BANK","BANKING ","5/29/2026","WY ","FILED","3.11"
"CANDIDATE COMMITTEE","FRIENDS OF JULIE JARVIS","STAPLES","OFFICE SUPPLIES","5/29/2026","CASPER, WY 82609","FILED","246.61"
"CANDIDATE","JAMES MILES LEE ","SECRETARY OF STATE","OTHER: FILING FEE","5/29/2026","CHEYENNE, WY 82001","FILED","100"
"CANDIDATE","JAMES T CORKERY JR","WYOMING SECRETARY OF STATE","OTHER: FILING FEE","5/29/2026","CHEYENNE, WY ","FILED","100"
"CANDIDATE","LAURIE LYNN LONGTINE ","WYOMING SECRETARY OF STATE","OTHER: FILING FEE","5/29/2026","WY ","FILED","100"
"CANDIDATE","LEVI ASAY ","KELSIE TEMPLIN PHOTO","ADVERTISING - MISC.","5/29/2026","CODY, WY ","FILED","561"
"CANDIDATE","LISA WILSON ","GODADDY","GRAPHICS/WEBSITE FEES","5/29/2026","TEMPE, AR 85284","FILED","18.18"
"CANDIDATE","LISA WILSON ","USPS","ADMINISTRATIVE COSTS","5/29/2026","LANDER, WY 82520","FILED","64"
"CANDIDATE","LISA WILSON ","WY SECRETARY OF STATE","ADMINISTRATIVE COSTS","5/29/2026","CHEYENNE, WY 82002","FILED","102.4"
"CANDIDATE","MEAGAN HERRINGTON ","WYOMING SECRETARY OF STATE","ADMINISTRATIVE COSTS","5/29/2026","WY ","FILED","102.4"
"CANDIDATE COMMITTEE","MEGAN FOR GOVERNOR","META PLATFORMS (FACEBOOK)","ADVERTISING - DIGITAL","5/29/2026","MENLO PARK, CA 94025","FILED","75"
"CANDIDATE COMMITTEE","MEGAN FOR GOVERNOR","VIBE","ADVERTISING - DIGITAL","5/29/2026","CHICAGO, IL 60613","FILED","500"
"CANDIDATE COMMITTEE","MEGAN FOR GOVERNOR","WINRED TECHNICAL SERVICES","BANKING ","5/29/2026","CHEYENNE, WY 82001","FILED","39.4"
"CANDIDATE COMMITTEE","MYCA FOR SHERIDAN","NATION BUILDER","IT SERVICES","5/29/2026","WY ","FILED","179"
"CANDIDATE","NEIL JESKE ","GODADDY.COM","GRAPHICS/WEBSITE FEES","5/29/2026","WY ","FILED","21.99"
"CANDIDATE","OCEAN ANDREW ","ITI DIRECT MAIL","POSTAGE","5/29/2026","","FILED","2120.49"
"CANDIDATE","QWENTON EAGLE OVIATT ","VISTA PRINT","ADVERTISING - MISC.","5/29/2026","WY ","FILED","122.03"
"CANDIDATE","R. J. KOST ","AMAZON","FOOD AND BEVERAGES","5/29/2026","WY ","FILED","14.5"
"CANDIDATE","R. J. KOST ","AMAZON","FOOD AND BEVERAGES","5/29/2026","WY ","FILED","49.9"
"CANDIDATE","R. J. KOST ","AMAZON","FOOD AND BEVERAGES","5/29/2026","WY ","FILED","96.17"
"CANDIDATE","R. J. KOST ","PRINT WITH KELLY","PRINTING","5/29/2026","POWELL, WY 82435","FILED","1436.76"
"CANDIDATE COMMITTEE","RAH FOR HD17","WYOMING SEC OF STATE","OTHER: FILING COST","5/29/2026","CHEYENNE, WY 82002","FILED","102.4"
"CANDIDATE COMMITTEE","REINER FOR WYOMING","LOWES","CAMPAIGN YARD SIGNS, BUTTONS, PENS, ETC.","5/29/2026","CHEYENNE, WY 82009","FILED","207.1"
"CANDIDATE COMMITTEE","REINER FOR WYOMING","PBR","CAMPAIGN YARD SIGNS, BUTTONS, PENS, ETC.","5/29/2026","CHEYENNE, WY 82009","FILED","745.92"
"CANDIDATE COMMITTEE","SCHRIFTMAN FOR STATE HOUSE","POSTMASTER","POSTAGE","5/29/2026"," , WY ","FILED","2.34"
"CANDIDATE COMMITTEE","SHORT FOR STATE","CAMPBELL COUNTY CHAMBER","CANDIDATE/COMMITTEE CONTRIBUTION","5/29/2026","WY ","FILED","150"
"CANDIDATE COMMITTEE","SHORT FOR STATE","FAIRBRIDGE INN & SUITES","TRAVEL (HOTEL, GAS, ETC.)","5/29/2026","WY ","FILED","145.77"
"CANDIDATE COMMITTEE","STACY JONES FOR SENATE DISTRICT 13","RADIANT MFG","ADVERTISING - MISC.","5/29/2026","WY ","FILED","409.83"
"CANDIDATE","TAFT CARROLL LOVE ","FIRSTIER BANK","BANKING ","5/29/2026","CHEYENNE, WY 82009","FILED","5"
"CANDIDATE COMMITTEE","THE FRIENDS TO ELECT MARK JONES","AMAZON","OFFICE SUPPLIES","5/29/2026","SEATTLE, WA 98109","FILED","73.48"
"CANDIDATE COMMITTEE","THE FRIENDS TO ELECT MARK JONES","SIGNS ON THE CHEAP","CAMPAIGN YARD SIGNS, BUTTONS, PENS, ETC.","5/29/2026","AUSTIN, TX 78758","FILED","964.61"
"CANDIDATE COMMITTEE","THE FRIENDS TO ELECT MARK JONES","WYOMING SECRETARY OF STATE","ADMINISTRATIVE COSTS","5/29/2026","CHEYENNE, WY 82002","FILED","102.4"
"CANDIDATE COMMITTEE","ANGELOS FOR WYOMING","PENSXPRESS","CAMPAIGN YARD SIGNS, BUTTONS, PENS, ETC.","5/28/2026","MATAWAN, NJ ","FILED","200.44"
"CANDIDATE COMMITTEE","BEN HORNOK FOR WYOMING","BEN HORNOK FOR WY","CANDIDATE/COMMITTEE CONTRIBUTION","5/28/2026","CHEYENNE, WY 82007","FILED","351.68"
"CANDIDATE COMMITTEE","BIGELOW FOR HD51","FIRST INTERSTATE BANK","BANKING ","5/28/2026","SHERIDAN, WY 82801","FILED","2"
"CANDIDATE COMMITTEE","BRENT BIEN FOR GOVERNOR","STICKER MULE","CAMPAIGN YARD SIGNS, BUTTONS, PENS, ETC.","5/28/2026","WY ","FILED","114.45"
"CANDIDATE COMMITTEE","BRENT BIEN FOR GOVERNOR","STICKER MULE","CAMPAIGN YARD SIGNS, BUTTONS, PENS, ETC.","5/28/2026","WY ","FILED","89.04"
"CANDIDATE COMMITTEE","BRENT BIEN FOR GOVERNOR","VISTAPRINT","CAMPAIGN YARD SIGNS, BUTTONS, PENS, ETC.","5/28/2026","WY ","FILED","286.65"
"CANDIDATE COMMITTEE","COMMITTEE TO ELECT BRITNEY TENNANT","PBR PRINTING","PRINTING","5/28/2026","CHEYENNE, WY 82001","FILED","460.89"
"CANDIDATE COMMITTEE","COMMITTEE TO ELECT GARY BROWN ","USPS","POSTAGE","5/28/2026","WY ","FILED","277.29"
"CANDIDATE COMMITTEE","COMMITTEE TO ELECT KEN CLOUSTON","WEB PROS","ADVERTISING - DIGITAL","5/28/2026","GILLETTE, WY 82718","FILED","74.16"
"CANDIDATE COMMITTEE","COMMITTEE TO ELECT KEN CLOUSTON","WEB PROS MARKETING","ADVERTISING - MISC.","5/28/2026","GILLETTE, WY 82718","FILED","7341.84"
"CANDIDATE COMMITTEE","COMMITTEE TO ELECT KEN PENDERGRAFT","SUPER CHEAP SIGNS","CAMPAIGN YARD SIGNS, BUTTONS, PENS, ETC.","5/28/2026","WY ","FILED","407.24"
"CANDIDATE COMMITTEE","COMMITTEE TO ELECT KRISTI RACINES","SAM'S CLUB","TRAVEL (HOTEL, GAS, ETC.)","5/28/2026"," , WY ","FILED","37.42"
"CANDIDATE COMMITTEE","FRIENDS OF CJ YOUNG","WYOMING SECRETARY OF STATE","ADMINISTRATIVE COSTS","5/28/2026","CHEYENNE, WY 82001","FILED","300"
"CANDIDATE","JOE WEBB ","WY SECRETARY OF STATE","OTHER: FILING FEE","5/28/2026","CHEYENNE, WY 82002","FILED","102.4"
"CANDIDATE","LISA L. ENGEBRETSEN ","GODADDY","GRAPHICS/WEBSITE FEES","5/28/2026","TEMPE, AZ 85281","FILED","99.99"
"CANDIDATE","MARLENE BRADY ","WALMART","OFFICE SUPPLIES","5/28/2026","ROCK SPRINGS, WY 82901","FILED","99.47"
"CANDIDATE","MATT MCGINNIS ","SUBLETTE COUNTY CLERK","OTHER: VOTER LIST","5/28/2026","WY ","FILED","37"
"CANDIDATE","MATTHEW LEGLER ","SUPER CHEAP SIGNS","CAMPAIGN YARD SIGNS, BUTTONS, PENS, ETC.","5/28/2026","WY ","FILED","687.07"
"CANDIDATE COMMITTEE","MEGAN FOR GOVERNOR","ABIGAIL VROMAN","PAYROLL","5/28/2026","CHEYENNE, WY 82009","FILED","1014.1"
"CANDIDATE COMMITTEE","MEGAN FOR GOVERNOR","BATTLEFIELD LLC","ADMINISTRATIVE COSTS","5/28/2026","MOUNT VERNON, NY 10550","FILED","11.25"
"CANDIDATE COMMITTEE","MEGAN FOR GOVERNOR","BEST WESTERN PALM BEACH LAKES","TRAVEL (HOTEL, GAS, ETC.)","5/28/2026","WEST PALM BEACH, FL 33401","FILED","177.92"
"CANDIDATE COMMITTEE","MEGAN FOR GOVERNOR","GOOGLE WORKSPACE","ADVERTISING - DIGITAL","5/28/2026","MOUNTAIN VIEW, CA 94043","FILED","500"
"CANDIDATE COMMITTEE","MEGAN FOR GOVERNOR","GUSTO","TAXES","5/28/2026","SAN FRANCISCO, CA 94107","FILED","513.62"
"CANDIDATE COMMITTEE","MEGAN FOR GOVERNOR","HANNAH HARRINGTON","PAYROLL","5/28/2026","CHEYNNE, WY 82009","FILED","1095.2"
"CANDIDATE COMMITTEE","MEGAN FOR GOVERNOR","META PLATFORMS (FACEBOOK)","ADVERTISING - DIGITAL","5/28/2026","MENLO PARK, CA 94025","FILED","75"
"CANDIDATE COMMITTEE","MEGAN FOR GOVERNOR","VIBE","ADVERTISING - DIGITAL","5/28/2026","CHICAGO, IL 60613","FILED","500"
"CANDIDATE COMMITTEE","MEGAN FOR GOVERNOR","WINRED TECHNICAL SERVICES","BANKING ","5/28/2026","CHEYENNE, WY 82001","FILED","161.05"
"CANDIDATE","PAUL V HOEFT ","PARK COUNTY FAIR","ADVERTISING - MISC.","5/28/2026","POWELL, WY 82435","FILED","150"
"CANDIDATE","PAUL V HOEFT ","PARK COUNTY FAIR","FACILITY FEE","5/28/2026","POWELL, WY 82435","FILED","175"
"CANDIDATE","QWENTON EAGLE OVIATT ","I3B WYOMING SEC","OTHER: FILING FEE","5/28/2026","CHEYENNE, WY ","FILED","307.2"
"CANDIDATE COMMITTEE","REINER FOR WYOMING","RATENOW","ADMINISTRATIVE COSTS","5/28/2026","UT ","FILED","25"
"CANDIDATE","ROBERT L HENDRY ","SECRETARY OF STATE","OTHER: FILING FEE","5/28/2026","CHEYENNE, WY 82001","AMEND - ADD","102.4"
"CANDIDATE COMMITTEE","SHORT FOR STATE","FAST STOP","TRAVEL (HOTEL, GAS, ETC.)","5/28/2026","WY ","FILED","20.77"
"CANDIDATE COMMITTEE","STACY JONES FOR SENATE DISTRICT 13","MENARDS","CAMPAIGN YARD SIGNS, BUTTONS, PENS, ETC.","5/28/2026","WY ","FILED","85.45"
"CANDIDATE","TAFT CARROLL LOVE ","OLSON STRATEGIES","ADVERTISING - DIGITAL","5/28/2026","WY ","FILED","1115.08"
"CANDIDATE COMMITTEE","WRIGHT4WYOMING","ELECTION HIVE","CONSULTING","5/28/2026","","FILED","1533.48"
"CANDIDATE COMMITTEE","BARLOW FOR WYOMING","OLD CHICAGO","FOOD AND BEVERAGES","5/27/2026","ROCK SPRINGS, WY 82901","FILED","1039.5"
"CANDIDATE COMMITTEE","BIGELOW FOR HD51","DOWNTOWN SHERIDAN","FACILITY FEE","5/27/2026","SHERIDAN, WY 82801","FILED","150"
"CANDIDATE COMMITTEE","BINGHAM FOR WYOMING","AMAZON","OFFICE SUPPLIES","5/27/2026","","FILED","10.59"
"CANDIDATE COMMITTEE","BRENT BIEN FOR GOVERNOR","FACEBOOK","ADVERTISING - DIGITAL","5/27/2026","WY ","FILED","30"
"CANDIDATE COMMITTEE","CARLIN JONES FOR WYOMING","VISTA PRINT","PRINTING","5/27/2026","MA ","AMEND - ADD","164.83"
"CANDIDATE COMMITTEE","COALITION TO ELECT JOHN BEAR","PERCIPIENT STRATEGIES","CONSULTING","5/27/2026","","FILED","1500"
"CANDIDATE COMMITTEE","COMMITTEE TO ELECT JD WILLIAMS ","WILDER GRAPHICS","CAMPAIGN YARD SIGNS, BUTTONS, PENS, ETC.","5/27/2026","NEWCASTLE, WY 82701","FILED","126.04"
"CANDIDATE COMMITTEE","COMMITTEE TO ELECT JD WILLIAMS ","WILDER GRAPHICS","PRINTING","5/27/2026","NEWCASTLE, WY 82701","FILED","63.13"
"CANDIDATE COMMITTEE","COMMITTEE TO ELECT JESSICA CROWDER","YARD SIGNS PLUS","CAMPAIGN YARD SIGNS, BUTTONS, PENS, ETC.","5/27/2026","RICHMAND, TX 77469","FILED","474.6"
"CANDIDATE COMMITTEE","COMMITTEE TO ELECT KEN PENDERGRAFT","IONOS","GRAPHICS/WEBSITE FEES","5/27/2026","WY ","FILED","2.5"
"CANDIDATE COMMITTEE","COMMITTEE TO ELECT KEN PENDERGRAFT","VISTA PRINT","CAMPAIGN YARD SIGNS, BUTTONS, PENS, ETC.","5/27/2026","WY ","FILED","951.87"
"CANDIDATE COMMITTEE","COMMITTEE TO ELECT KRISTI RACINES","WIX PAYMENTS","BANKING ","5/27/2026","","FILED","1.75"
"CANDIDATE COMMITTEE","COMMITTEE TO ELECT LAURIE BRATTEN","ANEDOT","BANKING ","5/27/2026","NEW ORLEANS, LA 70112","FILED","4.3"
"CANDIDATE COMMITTEE","COMMITTEE TO ELECT MARK RINNE","JONAH BANK","OFFICE SUPPLIES","5/27/2026","82009, WY ","FILED","24.66"
"CANDIDATE COMMITTEE","COMMITTEE TO ELECT MARK RINNE","SIGNS 65, LLC","CAMPAIGN YARD SIGNS, BUTTONS, PENS, ETC.","5/27/2026","82007, WY ","FILED","602.25"
"CANDIDATE COMMITTEE","DAVID HILL FOR HOUSE DISTRICT 50","TURCOTTE CONSULTING","GRAPHICS/WEBSITE FEES","5/27/2026","","FILED","950"
"CANDIDATE COMMITTEE","FORNSTROM FOR HD10","SIGNS ON THE CHEAP","CAMPAIGN YARD SIGNS, BUTTONS, PENS, ETC.","5/27/2026","AUSTIN, TX 78758","FILED","229.84"
"CANDIDATE","KAREN WEBER ","VISTA PRINT BROCHURES","CAMPAIGN YARD SIGNS, BUTTONS, PENS, ETC.","5/27/2026","WY ","FILED","660.94"
"CANDIDATE COMMITTEE","KELLER FOR WYO","INDEPENDENT RECORD","ADVERTISING - NEWSPAPER","5/27/2026","THERMOPOLIS, WY 82443","FILED","160"
"CANDIDATE COMMITTEE","KENNETH D. ROBERTS","AMAZON","OFFICE SUPPLIES","5/27/2026","SEATTLE, WA 98109","FILED","118.89"
"CANDIDATE","LEVI ASAY ","WYOMING SEC OF STATE","ADMINISTRATIVE COSTS","5/27/2026","CHEYENNE, WY ","FILED","102.4"
"CANDIDATE COMMITTEE","MARK JENNINGS FOR HOUSE DISTRICT 30","DOLLAR TREE","OFFICE SUPPLIES","5/27/2026","SHERIDAN, WY 82801","FILED","5.3"
"CANDIDATE COMMITTEE","MEGAN FOR GOVERNOR","ABIGAIL VROMAN","PAYROLL","5/27/2026","CHEYENNE, WY 82009","FILED","98.04"
"CANDIDATE COMMITTEE","MEGAN FOR GOVERNOR","BATTLEFIELD LLC","ADMINISTRATIVE COSTS","5/27/2026","MOUNT VERNON, NY 10550","FILED","31.25"
"CANDIDATE COMMITTEE","MEGAN FOR GOVERNOR","GUSTO","TAXES","5/27/2026","SAN FRANCISCO, CA 94107","FILED","18.29"
"CANDIDATE COMMITTEE","MEGAN FOR GOVERNOR","LARAMIE COUNTY COMMUNITY COLLEGE (LCCC)","FACILITY FEE","5/27/2026","CHEYENNE, WY 82007","FILED","105"
"CANDIDATE COMMITTEE","MEGAN FOR GOVERNOR","META PLATFORMS (FACEBOOK)","ADVERTISING - DIGITAL","5/27/2026","MENLO PARK, CA 94025","FILED","75"
"CANDIDATE COMMITTEE","MEGAN FOR GOVERNOR","VIBE","ADVERTISING - DIGITAL","5/27/2026","CHICAGO, IL 60613","FILED","500"
"CANDIDATE COMMITTEE","MEGAN FOR GOVERNOR","WINRED TECHNICAL SERVICES","BANKING ","5/27/2026","CHEYENNE, WY 82001","FILED","9.85"
"CANDIDATE","NEIL JESKE ","NATRONA CO CIRCUT CLERK","OTHER: COUNTY/DISTRICT MAP","5/27/2026","CASPER, WY ","FILED","47.5"
"CANDIDATE","NEIL JESKE ","NATRONA CO CIRCUT CLERK","OTHER: COUNTY/DISTRICT MAP","5/27/2026","CASPER, WY ","FILED","3"
"CANDIDATE","PAUL L WING ","SIGNS ON THE CHEAP","CAMPAIGN YARD SIGNS, BUTTONS, PENS, ETC.","5/27/2026","AUSTIN, TX 78758","FILED","424.02"
"CANDIDATE","PAUL V HOEFT ","PRINT PLACE","CAMPAIGN YARD SIGNS, BUTTONS, PENS, ETC.","5/27/2026","ARLINGTON, TX 76011","FILED","466.67"
"CANDIDATE","PAUL V HOEFT ","SIGNS ON THE CHEAP","CAMPAIGN YARD SIGNS, BUTTONS, PENS, ETC.","5/27/2026","AUSTIN, TX 78758","FILED","130.2"
"CANDIDATE COMMITTEE","RAH FOR HD17","WAL-MART","PHONE","5/27/2026","ROCK SPRINGS, WY 82901","FILED","63.92"
"CANDIDATE","RYAN MICHAEL SHOLLENBERGER ","SECRETARY OF STATE","OTHER: VOTER INFORMATION","5/27/2026","CHEYENNE, WY 82002","FILED","25"
"CANDIDATE","RYAN MICHAEL SHOLLENBERGER ","UNITED STATES POSTAL SERVICE","POSTAGE","5/27/2026","CHEYENNE, WY 82001","FILED","137.68"
"CANDIDATE COMMITTEE","SCHRIFTMAN FOR STATE HOUSE","ENKO","PRINTING","5/27/2026","WY ","FILED","23.39"
"CANDIDATE COMMITTEE","SCHRIFTMAN FOR STATE HOUSE","POSTMASTER","POSTAGE","5/27/2026","WY ","FILED","7.8"
"CANDIDATE","SCOTT SMITH JR","STATE OF WYOMING- SOS","ADMINISTRATIVE COSTS","5/27/2026","CHEYENNE, WY ","FILED","301"
"CANDIDATE COMMITTEE","SERVER FOR WY","CANVA","IT SERVICES","5/27/2026","WY ","FILED","10"
"CANDIDATE COMMITTEE","STORER FOR STATE HOUSE","WY SECRETARY OF STATE","ADMINISTRATIVE COSTS","5/27/2026","CHEYENNE, WY 82001","FILED","101"
"CANDIDATE","TONY LOCKE ","VISTA PRINT","PRINTING","5/27/2026","","FILED","665.66"
"CANDIDATE COMMITTEE","WILLOX FOR WYOMING","KKTY RADIO","ADVERTISING - RADIO","5/27/2026","DOUGLAS, WY 82633","FILED","137.5"
"CANDIDATE COMMITTEE","WRIGHT4WYOMING","IMPRINT NOW","CAMPAIGN YARD SIGNS, BUTTONS, PENS, ETC.","5/27/2026","","FILED","156.49"
"CANDIDATE COMMITTEE","WRIGHT4WYOMING","NEXT DAY FLYERS","ADVERTISING - MISC.","5/27/2026","","FILED","252.27"
"CANDIDATE","ART WASHUT ","ROBERTSON LLC","IT SERVICES","5/26/2026","POWELL, WY 82435","FILED","276.78"
"CANDIDATE COMMITTEE","BARLOW FOR WYOMING","AMBI","PRINTING","5/26/2026","CASPER, WY 82602","FILED","187.4"
"CANDIDATE COMMITTEE","BARLOW FOR WYOMING","RADIANT MANUFACTURING","CAMPAIGN YARD SIGNS, BUTTONS, PENS, ETC.","5/26/2026","ROCK SPRINGS, WY 82901","FILED","13094.98"
"CANDIDATE COMMITTEE","BINGHAM FOR WYOMING","ACE HARDWARE","CAMPAIGN YARD SIGNS, BUTTONS, PENS, ETC.","5/26/2026","WY ","FILED","18.01"
"CANDIDATE COMMITTEE","BINGHAM FOR WYOMING","MURDOCH'S ","CAMPAIGN YARD SIGNS, BUTTONS, PENS, ETC.","5/26/2026","WY ","FILED","221.98"
"CANDIDATE COMMITTEE","BRENT BIEN FOR GOVERNOR","CAMPBELL COUNTY CHAMBER OF COMMERCE","FACILITY FEE","5/26/2026","WY ","FILED","150"
"CANDIDATE COMMITTEE","BRENT BIEN FOR GOVERNOR","FACEBOOK","ADVERTISING - DIGITAL","5/26/2026","WY ","FILED","30"
"CANDIDATE COMMITTEE","BRENT BIEN FOR GOVERNOR","FACEBOOK","ADVERTISING - DIGITAL","5/26/2026","WY ","FILED","10.87"
"CANDIDATE COMMITTEE","BRENT BIEN FOR GOVERNOR","GOOD NEWS PUBLICATION","ADVERTISING - NEWSPAPER","5/26/2026","WY ","FILED","138.74"
"CANDIDATE COMMITTEE","BRENT BIEN FOR GOVERNOR","GOOD NEWS PUBLICATION","ADVERTISING - NEWSPAPER","5/26/2026","WY ","FILED","1"
"CANDIDATE COMMITTEE","BRENT BIEN FOR GOVERNOR","SQUARE","ADMINISTRATIVE COSTS","5/26/2026","WY ","FILED","4903.7"
"CANDIDATE COMMITTEE","BRENT BIEN FOR GOVERNOR","VOTTIVE CAMPAIGNS","ADMINISTRATIVE COSTS","5/26/2026","WY ","FILED","250"
"CANDIDATE COMMITTEE","BUTCHER FOR WYOMING","NATION BUILDER","ADMINISTRATIVE COSTS","5/26/2026","WY ","FILED","208.17"
"CANDIDATE","CARL MANNING ","CAMPAIGN PARTNER","GRAPHICS/WEBSITE FEES","5/26/2026","HARVARD, MA 01451","FILED","29"
"CANDIDATE","CARL MANNING ","CAMPAIGN PARTNEW","GRAPHICS/WEBSITE FEES","5/26/2026","HARVARD, MA 01451","FILED","5"
"CANDIDATE COMMITTEE","COMMITTEE TO ELECT BRITNEY TENNANT","MAVERICK","TRAVEL (HOTEL, GAS, ETC.)","5/26/2026","CHEYENNE, WY 82009","FILED","54.9"
"CANDIDATE COMMITTEE","COMMITTEE TO ELECT BRITNEY TENNANT","MICHAELS","OFFICE SUPPLIES","5/26/2026","CHEYENNE, WY 82009","FILED","17.84"
"CANDIDATE COMMITTEE","COMMITTEE TO ELECT BRITNEY TENNANT","OFFICE DEPOT","OFFICE SUPPLIES","5/26/2026","CHEYENNE, WY 82001","FILED","222.6"
"CANDIDATE COMMITTEE","COMMITTEE TO ELECT DWAYNE DILLINGER","NAME IT GOLF","CAMPAIGN YARD SIGNS, BUTTONS, PENS, ETC.","5/26/2026","WY ","FILED","214.5"
"CANDIDATE COMMITTEE","COMMITTEE TO ELECT EARL COLLIER FOR HOUSE DISTRICT 3","SIGNS ON THE CHEAP","CAMPAIGN YARD SIGNS, BUTTONS, PENS, ETC.","5/26/2026","WY ","FILED","280.96"
"CANDIDATE COMMITTEE","COMMITTEE TO ELECT GARY BROWN ","USPS","POSTAGE","5/26/2026","WY ","FILED","428.61"
"CANDIDATE COMMITTEE","COMMITTEE TO ELECT GARY BROWN ","USPS","POSTAGE","5/26/2026","WY ","FILED","370"
"CANDIDATE COMMITTEE","COMMITTEE TO ELECT GARY BROWN ","VISTAPRINT","PRINTING","5/26/2026","WY ","FILED","460.95"
"CANDIDATE COMMITTEE","COMMITTEE TO ELECT JD WILLIAMS ","BOMGAARS","CAMPAIGN YARD SIGNS, BUTTONS, PENS, ETC.","5/26/2026","NEWCASTLE, WY 82701","FILED","41.98"
"CANDIDATE COMMITTEE","COMMITTEE TO ELECT KEN PENDERGRAFT","IONOS","GRAPHICS/WEBSITE FEES","5/26/2026","WY ","FILED","4"
"CANDIDATE COMMITTEE","COMMITTEE TO ELECT ROBERT WHARFF","ALEC","OTHER: MEMBERSHIP FEE","5/26/2026","WY ","FILED","101"
"CANDIDATE COMMITTEE","FRIENDS OF JULIE JARVIS","ACE HARDWARE","CAMPAIGN YARD SIGNS, BUTTONS, PENS, ETC.","5/26/2026","CASPER, WY 82609","FILED","191.53"
"CANDIDATE","JAMES ADDISON AAGARD ","ALEXANDREA BUCKLEY","GRAPHICS/WEBSITE FEES","5/26/2026","WY ","FILED","5"
"CANDIDATE","JEREMY MICHAEL HAROLDSON ","SQUARESPACE ","GRAPHICS/WEBSITE FEES","5/26/2026","NEW YORK, NY 10014","FILED","20"
"CANDIDATE","JUSTIN WILLIAM WINNEY JR","OFFICE OUTLET","ADVERTISING - MISC.","5/26/2026","PINEDALE, WY 82941","FILED","468"
"CANDIDATE","KAREN WEBER ","REPUBLICANSIGNS.COM","CAMPAIGN YARD SIGNS, BUTTONS, PENS, ETC.","5/26/2026","OR ","FILED","1665.16"
"CANDIDATE","KAREN WEBER ","U S POST OFFICE","POSTAGE","5/26/2026","YODER, WY 82244","FILED","234"
"CANDIDATE COMMITTEE","KENNETH D. ROBERTS","AMAZON","CAMPAIGN YARD SIGNS, BUTTONS, PENS, ETC.","5/26/2026","SEATTLE, WA 98109","FILED","77.7"
"CANDIDATE COMMITTEE","MARK JENNINGS FOR HOUSE DISTRICT 30","COWBOY STATE BANK","BANKING ","5/26/2026","SHERIDAN, WY 82801","FILED","14.21"
"CANDIDATE","MATTHEW HURT ","COUNTY ELECTIONS","ADMINISTRATIVE COSTS","5/26/2026","CHEYENNE, WY 82001","FILED","10"
"CANDIDATE COMMITTEE","MEGAN FOR GOVERNOR","FEDEX","POSTAGE","5/26/2026","MEMPHIS, TN 38120","FILED","12.75"
"CANDIDATE COMMITTEE","MEGAN FOR GOVERNOR","GOOGLE WORKSPACE","ADVERTISING - DIGITAL","5/26/2026","MOUNTAIN VIEW, CA 94043","FILED","1000"
"CANDIDATE COMMITTEE","MEGAN FOR GOVERNOR","META PLATFORMS (FACEBOOK)","ADVERTISING - DIGITAL","5/26/2026","MENLO PARK, CA 94025","FILED","750"
"CANDIDATE COMMITTEE","MEGAN FOR GOVERNOR","RED CURVE SOLUTIONS","CONSULTING","5/26/2026","BEVERLY, MA 01915","FILED","4000"
"CANDIDATE COMMITTEE","MEGAN FOR GOVERNOR","VIBE","ADVERTISING - DIGITAL","5/26/2026","CHICAGO, IL 60613","FILED","1000"
"CANDIDATE","OCEAN ANDREW ","STICKER MULE","CAMPAIGN YARD SIGNS, BUTTONS, PENS, ETC.","5/26/2026","","FILED","519.73"
"CANDIDATE","OCEAN ANDREW ","STICKER MULE","CAMPAIGN YARD SIGNS, BUTTONS, PENS, ETC.","5/26/2026","","FILED","44.2"
"CANDIDATE","PEPPER L OTTMAN ","HP INK","PRINTING","5/26/2026","LAVERGNEE, TN 37086","FILED","33.56"
"CANDIDATE COMMITTEE","REINER FOR WYOMING","PBR","PRINTING","5/26/2026","CHEYENNE, WY 82009","FILED","64.05"
"CANDIDATE","RYAN MICHAEL SHOLLENBERGER ","RYAN SHOLLENBERGER","LOAN PAYMENT","5/26/2026","CHEYENNE, WY 82001","FILED","100"
"CANDIDATE COMMITTEE","SHORT FOR STATE","FAST STOP","TRAVEL (HOTEL, GAS, ETC.)","5/26/2026","WY ","FILED","107.54"
"CANDIDATE COMMITTEE","STACY JONES FOR SENATE DISTRICT 13","ORIENTAL TRADING CO","CAMPAIGN YARD SIGNS, BUTTONS, PENS, ETC.","5/26/2026","WY ","FILED","60.39"
"CANDIDATE COMMITTEE","TONY NIEMIEC FOR WYOMING","BOOMGARS","CAMPAIGN YARD SIGNS, BUTTONS, PENS, ETC.","5/26/2026","GREEN RIVER, WY 82935","FILED","111.76"
"CANDIDATE COMMITTEE","VOTE BOLLER HD52 ","SIR SPEEDY","CAMPAIGN YARD SIGNS, BUTTONS, PENS, ETC.","5/26/2026","GILLETTE, WY 82716","FILED","854.2"
"CANDIDATE COMMITTEE","BIGELOW FOR HD51","ANEDOT","BANKING ","5/25/2026","DALLAS, TX 75206","FILED","7.8"
"CANDIDATE COMMITTEE","BINGHAM FOR WYOMING","ACE HARDWARE","CAMPAIGN YARD SIGNS, BUTTONS, PENS, ETC.","5/25/2026","WY ","FILED","15.89"
"CANDIDATE COMMITTEE","BINGHAM FOR WYOMING","HOME DEPOT","CAMPAIGN YARD SIGNS, BUTTONS, PENS, ETC.","5/25/2026","WY ","FILED","104.2"
"CANDIDATE COMMITTEE","CARLIN JONES FOR WYOMING","WIX.COM","ADVERTISING - MISC.","5/25/2026","CA ","AMEND - ADD","330.9"
"CANDIDATE","DARIN M MCCANN ","STATE OF WYOMING","ADMINISTRATIVE COSTS","5/25/2026","CHEYNNE, WY 82001","FILED","102.4"
"CANDIDATE","JOE WEBB ","AMAZON","CAMPAIGN YARD SIGNS, BUTTONS, PENS, ETC.","5/25/2026","SEATTLE, WA 98109","FILED","45.13"
"CANDIDATE COMMITTEE","THE FRIENDS TO ELECT MARK JONES","PAYPAL","GRAPHICS/WEBSITE FEES","5/25/2026","SAN JOSE, CA 95131","FILED","0.79"
"CANDIDATE","ALBERT SOMMERS ","BOMGAARS","CAMPAIGN YARD SIGNS, BUTTONS, PENS, ETC.","5/24/2026","PINEDALE, WY 82941","FILED","10.64"
"CANDIDATE","ALBERT SOMMERS ","RIDLEY'S","CAMPAIGN YARD SIGNS, BUTTONS, PENS, ETC.","5/24/2026","PINEDALE, WY 82941","FILED","19.95"
"CANDIDATE","JOE WEBB ","AMAZON","CAMPAIGN YARD SIGNS, BUTTONS, PENS, ETC.","5/24/2026","SEATTLE, WA 98109","FILED","24.14"
"CANDIDATE COMMITTEE","SHORT FOR STATE","BIG D","TRAVEL (HOTEL, GAS, ETC.)","5/24/2026","WY ","FILED","135.03"
"CANDIDATE","ALBERT SOMMERS ","BOMGAARS","CAMPAIGN YARD SIGNS, BUTTONS, PENS, ETC.","5/23/2026","PINEDALE, WY 82941","FILED","133.54"
"CANDIDATE","ALBERT SOMMERS ","RADIANT MANUFACTURING","CAMPAIGN YARD SIGNS, BUTTONS, PENS, ETC.","5/23/2026","ROCK SPRINGS, WY 82902","FILED","873.44"
"CANDIDATE","ALBERT SOMMERS ","WIND RIVER BROADCASTING","ADVERTISING - RADIO","5/23/2026","PINEDALE, WY 82941","FILED","325"
"CANDIDATE COMMITTEE","TONY NIEMIEC FOR WYOMING","RADIANT MFG","CAMPAIGN YARD SIGNS, BUTTONS, PENS, ETC.","5/23/2026","ROCK SPRINGS, WY 82935","FILED","520.84"
"CANDIDATE","TREY LYNN SHERWOOD ","SQUARE SPACE","GRAPHICS/WEBSITE FEES","5/23/2026","NEW YORK, NY 10014","FILED","192"
"CANDIDATE COMMITTEE","WRIGHT4WYOMING","ZAZZLE","CAMPAIGN YARD SIGNS, BUTTONS, PENS, ETC.","5/23/2026","","FILED","29.8"
"CANDIDATE COMMITTEE","ALLEN HOGG FOR WYOMING","CIVICS 307","CANDIDATE/COMMITTEE CONTRIBUTION","5/22/2026","CODY, WY 82414","FILED","250"
"CANDIDATE COMMITTEE","ALLEN HOGG FOR WYOMING","POLITICS IN THE PARK","ADVERTISING - MISC.","5/22/2026","CODY, WY 82141","FILED","50"
"CANDIDATE COMMITTEE","BRENT BIEN FOR GOVERNOR","BRECK MEDIA","ADVERTISING - MISC.","5/22/2026","WY ","FILED","336"
"CANDIDATE COMMITTEE","BRENT BIEN FOR GOVERNOR","FACEBOOK","ADVERTISING - DIGITAL","5/22/2026","WY ","FILED","30"
"CANDIDATE COMMITTEE","BRENT BIEN FOR GOVERNOR","VOTTIV CAMPAIGNS","ADMINISTRATIVE COSTS","5/22/2026","WY ","FILED","50"
"CANDIDATE COMMITTEE","CHAD AUER FOR WYOMING","MERIDIAN CREDIT UNION","BANKING ","5/22/2026","CHEYENNE, WY 82001","FILED","5"
"CANDIDATE COMMITTEE","CHAD AUER FOR WYOMING","OFFICE DEPOT","PRINTING","5/22/2026","CHEYENNE, WY 82009","FILED","7.35"
"CANDIDATE COMMITTEE","COMMITTEE TO ELECT BOB DAVIS","APG ROCKIES","ADVERTISING - NEWSPAPER","5/22/2026","WY ","FILED","600"
"CANDIDATE COMMITTEE","COMMITTEE TO ELECT BOB DAVIS","LOAF N JUG","TRAVEL (HOTEL, GAS, ETC.)","5/22/2026","WY ","FILED","85.14"
"CANDIDATE COMMITTEE","COMMITTEE TO ELECT BOB DAVIS","MCDONALDS","TRAVEL (HOTEL, GAS, ETC.)","5/22/2026","WY ","FILED","27.41"
"CANDIDATE COMMITTEE","COMMITTEE TO ELECT BRITNEY TENNANT","ALBERTSONS","FOOD AND BEVERAGES","5/22/2026","CHEYENNE, WY 82009","FILED","8.28"
"CANDIDATE COMMITTEE","COMMITTEE TO ELECT BRITNEY TENNANT","BELLA FUOCO","FOOD AND BEVERAGES","5/22/2026","CHEYENNE, WY 82001","FILED","138.6"
"CANDIDATE COMMITTEE","COMMITTEE TO ELECT JESSICA CROWDER","PBR PRINTING","PRINTING","5/22/2026","CHEYENNE, WY 82009","FILED","333.82"
"CANDIDATE COMMITTEE","COMMITTEE TO ELECT OGDEN DRISKILL","WYOMING SECRETARY OF STATE","ADMINISTRATIVE COSTS","5/22/2026","CHEYENNE, WY 82002","FILED","102.4"
"CANDIDATE COMMITTEE","COMMITTEE TO ELECT ZETA","GRACE BELIZE MOORE","GRAPHICS/WEBSITE FEES","5/22/2026","WY ","FILED","1200"
"CANDIDATE","EXIE R BROWN JR","WYOMING FAMILY ALLIANCE","ENTERTAINMENT","5/22/2026","CHEYENNE, WY 82001","FILED","40"
"CANDIDATE COMMITTEE","KENNETH D. ROBERTS","AMAZON","CAMPAIGN YARD SIGNS, BUTTONS, PENS, ETC.","5/22/2026","SEATTLE, WA 98109","FILED","75.58"
"CANDIDATE COMMITTEE","KENNETH D. ROBERTS","AMAZON","CAMPAIGN YARD SIGNS, BUTTONS, PENS, ETC.","5/22/2026","SEATTLE, WA 98109","FILED","259.26"
"CANDIDATE COMMITTEE","KENNETH D. ROBERTS","SPEEDY SIGNS USA","SHIPPING","5/22/2026","LAKE CITY, FL 32024","FILED","248.31"
"CANDIDATE COMMITTEE","KEVIN HELLING FOR WYOMING","VERIZON WIRELESS","PHONE","5/22/2026","DALLAS, TX 75266","FILED","15.54"
"CANDIDATE COMMITTEE","MEGAN FOR GOVERNOR","BATTLEFIELD LLC","ADMINISTRATIVE COSTS","5/22/2026","MOUNT VERNON, NY 10550","FILED","12.5"
"CANDIDATE COMMITTEE","MEGAN FOR GOVERNOR","META PLATFORMS (FACEBOOK)","ADVERTISING - DIGITAL","5/22/2026","MENLO PARK, CA 94025","FILED","300"
"CANDIDATE COMMITTEE","MEGAN FOR GOVERNOR","VIBE","ADVERTISING - DIGITAL","5/22/2026","CHICAGO, IL 60613","FILED","500"
"CANDIDATE COMMITTEE","MEGAN FOR GOVERNOR","WINRED TECHNICAL SERVICES","BANKING ","5/22/2026","CHEYENNE, WY 82001","FILED","47.28"
"CANDIDATE","R. J. KOST ","USPS","POSTAGE","5/22/2026","POWELL, WY 82435","FILED","31.2"
"CANDIDATE COMMITTEE","REINER FOR WYOMING","MENARDS","CAMPAIGN YARD SIGNS, BUTTONS, PENS, ETC.","5/22/2026","CHEYENNE, WY 82009","FILED","9.22"
"CANDIDATE COMMITTEE","SERVER FOR WY","OFFICE DEPOT","CAMPAIGN YARD SIGNS, BUTTONS, PENS, ETC.","5/22/2026","WY ","FILED","282.96"
"CANDIDATE COMMITTEE","SERVER FOR WY","OFFICE DEPOT","OFFICE SUPPLIES","5/22/2026","WY ","FILED","17.6"
"CANDIDATE COMMITTEE","SHORT FOR STATE","MHCC","ENTERTAINMENT","5/22/2026","WY ","FILED","85"
"CANDIDATE COMMITTEE","SINGH FOR WYOMING","PBR PRINTING","PRINTING","5/22/2026","WY ","FILED","92.57"
"CANDIDATE COMMITTEE","STACY JONES FOR SENATE DISTRICT 13","GREEN RIVER REC-FLAMING GORGE DAYS","FACILITY FEE","5/22/2026","GREEN RIVER, WY ","FILED","40"
"CANDIDATE COMMITTEE","WILLOX FOR WYOMING","OLSON STRATEGIES","GRAPHICS/WEBSITE FEES","5/22/2026","ALEXANDRIA, VA 22314","FILED","3500"
"CANDIDATE","ALBERT SOMMERS ","FCG MAIL, LLC","PRINTING","5/21/2026","CASTLE PINES, CO 80108","FILED","3264.23"
"CANDIDATE COMMITTEE","BARLOW FOR WYOMING","BURNS LIONS CLUB","OTHER: OTHER","5/21/2026","BURNS, WY 82053","FILED","20"
"CANDIDATE COMMITTEE","BRENT BIEN FOR GOVERNOR","DOWNTOWN SHERIDAN","ADVERTISING - MISC.","5/21/2026","WY ","FILED","150"
"CANDIDATE COMMITTEE","BRENT BIEN FOR GOVERNOR","UPSLOPE MEDIA","ADVERTISING - NEWSPAPER","5/21/2026","WY ","FILED","257.5"
"CANDIDATE COMMITTEE","CHAD AUER FOR WYOMING","USPS","POSTAGE","5/21/2026","CHEYENNE, WY 82001","FILED","28.86"
"CANDIDATE COMMITTEE","COMMITTEE TO ELECT BRITNEY TENNANT","PBR","CAMPAIGN YARD SIGNS, BUTTONS, PENS, ETC.","5/21/2026","CHEYENNE, WY 82001","FILED","460.89"
"CANDIDATE COMMITTEE","COMMITTEE TO ELECT DWAYNE DILLINGER","HAY CREEK GOLF COURSE","FOOD AND BEVERAGES","5/21/2026","WY ","FILED","265"
"CANDIDATE COMMITTEE","COMMITTEE TO ELECT KEENAN MORGAN","CANVA","PRINTING","5/21/2026","AUSTIN, TX 78702","FILED","29"
"CANDIDATE COMMITTEE","COMMITTEE TO ELECT KEN CLOUSTON","KEN CLOUSTON","TRAVEL (HOTEL, GAS, ETC.)","5/21/2026","GILLETTE, WY 82718","FILED","136.5"
"CANDIDATE COMMITTEE","COMMITTEE TO ELECT TOM KELLY","VISTAPRINT","CAMPAIGN YARD SIGNS, BUTTONS, PENS, ETC.","5/21/2026","MA ","FILED","821.49"
"CANDIDATE COMMITTEE","FORNSTROM FOR HD10","MINUTEMAN PRESS","PRINTING","5/21/2026","CHEYENNE, WY 82009","FILED","1811.75"
"CANDIDATE COMMITTEE","GERINGER FOR WYOMING","ROB GERINGER","TRAVEL (HOTEL, GAS, ETC.)","5/21/2026","WY ","FILED","396"
"CANDIDATE COMMITTEE","GERINGER FOR WYOMING","SHELL OIL","TRAVEL (HOTEL, GAS, ETC.)","5/21/2026","WY ","FILED","125"
"CANDIDATE","JUSTIN WILLIAM WINNEY JR","RIGHT STRATEGIES","CONSULTING","5/21/2026","ANKENNY, IA 50023","FILED","2500"
"CANDIDATE","MARLENE BRADY ","CITY OF GREEN RIVER","FACILITY FEE","5/21/2026","GREEN RIVER, WY 82935","FILED","40"
"CANDIDATE","MARLENE BRADY ","SMITH'S","FOOD AND BEVERAGES","5/21/2026","GREEN RIVER, WY 82935","FILED","7.18"
"CANDIDATE COMMITTEE","MEGAN FOR GOVERNOR","GOOGLE WORKSPACE","ADVERTISING - DIGITAL","5/21/2026","MOUNTAIN VIEW, CA 94043","FILED","500"
"CANDIDATE COMMITTEE","MEGAN FOR GOVERNOR","META PLATFORMS (FACEBOOK)","ADVERTISING - DIGITAL","5/21/2026","MENLO PARK, CA 94025","FILED","375"
"CANDIDATE COMMITTEE","MEGAN FOR GOVERNOR","WINRED TECHNICAL SERVICES","BANKING ","5/21/2026","CHEYENNE, WY 82001","FILED","108.35"
"CANDIDATE","OCEAN ANDREW ","ACE HARDWARE","CAMPAIGN YARD SIGNS, BUTTONS, PENS, ETC.","5/21/2026","","FILED","27.55"
"CANDIDATE COMMITTEE","REINER FOR WYOMING","LOWES","CAMPAIGN YARD SIGNS, BUTTONS, PENS, ETC.","5/21/2026","CHEYENNE, WY 82009","FILED","144.33"
"CANDIDATE COMMITTEE","REINER FOR WYOMING","PBR","CAMPAIGN YARD SIGNS, BUTTONS, PENS, ETC.","5/21/2026","CHEYENNE, WY 82009","FILED","966"
"CANDIDATE COMMITTEE","SCHRIFTMAN FOR STATE HOUSE","STAPLES","OFFICE SUPPLIES","5/21/2026","WY ","FILED","85.86"
"CANDIDATE COMMITTEE","SHORT FOR STATE","CENTRAL CAFE","FOOD AND BEVERAGES","5/21/2026","WY ","FILED","35.63"
"CANDIDATE COMMITTEE","SINGH FOR WYOMING","WY SECRETARY OF STATE","ADMINISTRATIVE COSTS","5/21/2026","WY ","FILED","102.4"
"CANDIDATE COMMITTEE","STACY JONES FOR SENATE DISTRICT 13","JIFFY","CAMPAIGN YARD SIGNS, BUTTONS, PENS, ETC.","5/21/2026","WILMINTON, DE ","FILED","90.97"
"CANDIDATE COMMITTEE","STACY JONES FOR SENATE DISTRICT 13","JIFFY","CAMPAIGN YARD SIGNS, BUTTONS, PENS, ETC.","5/21/2026","WILMINGTON, DE ","FILED","118.78"
"CANDIDATE COMMITTEE","ALLEN HOGG FOR WYOMING","DIANE NOTON","TRAVEL (HOTEL, GAS, ETC.)","5/20/2026","MEETEETSE, WY 82433","FILED","115.6"
"CANDIDATE","ART WASHUT ","WYOMING SECRETARY OF STATE","ADMINISTRATIVE COSTS","5/20/2026","CHEYENNE, WY 82001","FILED","100"
"CANDIDATE COMMITTEE","BRENT BIEN FOR GOVERNOR","FACEBOOK","ADVERTISING - DIGITAL","5/20/2026","WY ","FILED","30"
"CANDIDATE COMMITTEE","BRENT BIEN FOR GOVERNOR","LAMAR COMPANIES","ADVERTISING - MISC.","5/20/2026","WY ","FILED","11205"
"CANDIDATE COMMITTEE","BRENT BIEN FOR GOVERNOR","LOVCOM DBA SHERIDAN","ADVERTISING - MISC.","5/20/2026","WY ","FILED","1316.59"
"CANDIDATE COMMITTEE","BUTCHER FOR WYOMING","USPS","SHIPPING","5/20/2026","WY ","FILED","78"
"CANDIDATE COMMITTEE","COMMITTEE TO ELECT BOB DAVIS","IDENTITY GRAPHICS","CAMPAIGN YARD SIGNS, BUTTONS, PENS, ETC.","5/20/2026","WY ","FILED","47.37"
"CANDIDATE COMMITTEE","COMMITTEE TO ELECT CURT MEIER","WYOMING SECRETARY OF STATE","ADMINISTRATIVE COSTS","5/20/2026","CHEYENNE, WY 82001","FILED","300"
"CANDIDATE COMMITTEE","COMMITTEE TO ELECT DWAYNE DILLINGER","WYOMING SECRETARY OF STATE","ADMINISTRATIVE COSTS","5/20/2026","WY ","FILED","102.4"
"CANDIDATE COMMITTEE","COMMITTEE TO ELECT ZETA","TOTALLY PROMOTIONAL","CAMPAIGN YARD SIGNS, BUTTONS, PENS, ETC.","5/20/2026","WY ","FILED","321.93"
"CANDIDATE COMMITTEE","ERICKSON FOR HD 37","MICHAEL'S","CAMPAIGN YARD SIGNS, BUTTONS, PENS, ETC.","5/20/2026","CASPER, WY 82609","FILED","43.32"
"CANDIDATE COMMITTEE","FORNSTROM FOR HD10","STICKER MULE","CAMPAIGN YARD SIGNS, BUTTONS, PENS, ETC.","5/20/2026","AMSTERDAM, NY 12010","FILED","288.75"
"CANDIDATE COMMITTEE","FRIENDS OF MARK GORDON","SPECIALTY INCENTIVES","CAMPAIGN YARD SIGNS, BUTTONS, PENS, ETC.","5/20/2026","DENVER, CO 80222","FILED","3232.5"
"CANDIDATE COMMITTEE","JEANETTE WARD FOR WYOMING","MAD RABBIT CONFABS","ADVERTISING - MISC.","5/20/2026","SARASOTA, FL 34243","FILED","250"
"CANDIDATE COMMITTEE","JRFORHOUSE59","LAMAR","ADVERTISING - MISC.","5/20/2026","CASPER, WY 82604","FILED","200"
"CANDIDATE COMMITTEE","KENNETH D. ROBERTS","SPEEDY SIGNS USA","CAMPAIGN YARD SIGNS, BUTTONS, PENS, ETC.","5/20/2026","LAKE CITY, FL 32024","FILED","1508"
"CANDIDATE","MARLENE BRADY ","SUPER CHEAP SIGNS","CAMPAIGN YARD SIGNS, BUTTONS, PENS, ETC.","5/20/2026","CEDAR PARK, TX 78613","FILED","255.52"
"CANDIDATE COMMITTEE","MEGAN FOR GOVERNOR","BATTLEFIELD LLC","CONSULTING","5/20/2026","MOUNT VERNON, NY 10550","FILED","75"
"CANDIDATE COMMITTEE","MEGAN FOR GOVERNOR","META PLATFORMS (FACEBOOK)","ADVERTISING - DIGITAL","5/20/2026","MENLO PARK, CA 94025","FILED","367.85"
"CANDIDATE COMMITTEE","MEGAN FOR GOVERNOR","THE UPS STORE","POSTAGE","5/20/2026","SAN DIEGO, CA 92121","FILED","42.4"
"CANDIDATE COMMITTEE","MEGAN FOR GOVERNOR","VIBE","ADVERTISING - DIGITAL","5/20/2026","CHICAGO, IL 60613","FILED","500"
"CANDIDATE COMMITTEE","MEGAN FOR GOVERNOR","WINRED TECHNICAL SERVICES","BANKING ","5/20/2026","CHEYENNE, WY 82001","FILED","46.7"
"CANDIDATE COMMITTEE","MEGAN FOR GOVERNOR","WYOMING SECRETARY OF STATE","ADMINISTRATIVE COSTS","5/20/2026","CHEYENNE, WY 82001","FILED","307.2"
"CANDIDATE COMMITTEE","MEGAN FOR GOVERNOR","Y.LO EPICURE CATERING","FOOD AND BEVERAGES","5/20/2026","DENVER, CO 80223","FILED","483.74"
"CANDIDATE COMMITTEE","MYCA FOR SHERIDAN","CAROUSEL CHECKS","BANKING ","5/20/2026","WY ","FILED","26.09"
"CANDIDATE COMMITTEE","MYCA FOR SHERIDAN","DOWNTOWN SHERIDAN ASSOCIATION","FACILITY FEE","5/20/2026","WY ","FILED","150"
"CANDIDATE","NEIL JESKE ","BAR-D SIGNS","CAMPAIGN YARD SIGNS, BUTTONS, PENS, ETC.","5/20/2026","CASPER, WY 82609","FILED","229.28"
"CANDIDATE","OCEAN ANDREW ","HOMEBASE","CAMPAIGN YARD SIGNS, BUTTONS, PENS, ETC.","5/20/2026","","FILED","209.77"
"CANDIDATE","R. J. KOST ","ACE HARDWARE","CAMPAIGN YARD SIGNS, BUTTONS, PENS, ETC.","5/20/2026","POWELL, WY 82435","FILED","36.35"
"CANDIDATE","R. J. KOST ","TRACTOR SUPPLY","CAMPAIGN YARD SIGNS, BUTTONS, PENS, ETC.","5/20/2026","CODY, WY 82414","FILED","48.78"
"CANDIDATE COMMITTEE","REINER FOR WYOMING","PBR","CAMPAIGN YARD SIGNS, BUTTONS, PENS, ETC.","5/20/2026","CHEYENNE, WY 82009","FILED","294"
"CANDIDATE COMMITTEE","SCHRIFTMAN FOR STATE HOUSE","POSTMASTER","POSTAGE","5/20/2026"," , WY ","FILED","414.18"
"CANDIDATE COMMITTEE","SHORT FOR STATE","LOAF N JUG","TRAVEL (HOTEL, GAS, ETC.)","5/20/2026","WY ","FILED","54.25"
"CANDIDATE COMMITTEE","SHORT FOR STATE","WYOMING SECRETARY OF STATE","ADMINISTRATIVE COSTS","5/20/2026","WY ","FILED","307.2"
"CANDIDATE COMMITTEE","SPECKNER FOR HOUSE DISTRICT 5","WYOMING SECRETARY OF STATE","ADMINISTRATIVE COSTS","5/20/2026","WY ","FILED","101"
"CANDIDATE COMMITTEE","STACY JONES FOR SENATE DISTRICT 13","OTCHEAP","CAMPAIGN YARD SIGNS, BUTTONS, PENS, ETC.","5/20/2026","TX ","FILED","62.64"
"CANDIDATE COMMITTEE","BIGELOW FOR HD51","ALPHAGRAPHICS","CAMPAIGN YARD SIGNS, BUTTONS, PENS, ETC.","5/19/2026","SHERIDAN, WY 82801","FILED","523.94"
"CANDIDATE COMMITTEE","BRENNAN FOR SENATE","PBR PRINTING","PRINTING","5/19/2026","CHEYENNE, WY 82009","PUBLISHED","408.17"
"CANDIDATE COMMITTEE","BRENT BIEN FOR GOVERNOR","LAMAR COMPANIES","ADVERTISING - MISC.","5/19/2026","ATLANTA, GA 30374","FILED","11205"
"CANDIDATE COMMITTEE","BUTCHER FOR WYOMING","ALPHAGRAPHICS","CAMPAIGN YARD SIGNS, BUTTONS, PENS, ETC.","5/19/2026","WY ","FILED","1645.17"
"CANDIDATE COMMITTEE","BUTCHER FOR WYOMING","WYOMING SECRETARY OF STATE","ADMINISTRATIVE COSTS","5/19/2026","WY ","FILED","102.4"
"CANDIDATE","DARIN M MCCANN ","AMAZON","ADVERTISING - MISC.","5/19/2026","ROCK SPRINGS, WY 82901","FILED","68"
"CANDIDATE","DARIN M MCCANN ","DOLLAR STORE","ADVERTISING - MISC.","5/19/2026","ROCK SPRINGS, WY 82901","FILED","24"
"CANDIDATE","DARIN M MCCANN ","STAMPS","POSTAGE","5/19/2026","ROCK SPRINGS, WY 82901","FILED","8"
"CANDIDATE COMMITTEE","FORNSTROM FOR HD10","CRAZY CHEAP POLITICAL SIGNS","CAMPAIGN YARD SIGNS, BUTTONS, PENS, ETC.","5/19/2026","AUSTIN, TX 78758","FILED","1392.3"
"CANDIDATE COMMITTEE","FORNSTROM FOR HD10","SIGNS ON THE CHEAP","CAMPAIGN YARD SIGNS, BUTTONS, PENS, ETC.","5/19/2026","AUSTIN, TX 78758","FILED","895.02"
"CANDIDATE COMMITTEE","FRIENDS OF JULIE JARVIS","WYOMING SOS","ADMINISTRATIVE COSTS","5/19/2026","CHEYENNE, WY 82002","FILED","102.4"
"CANDIDATE COMMITTEE","GARYWILKEN 4 HD46","ACTBLUE","BANKING ","5/19/2026","BOSTON, MA 02196","FILED","1.86"
"CANDIDATE","IVAN D POSEY ","SQSP","GRAPHICS/WEBSITE FEES","5/19/2026","GREEN BAY, WI ","FILED","276"
"CANDIDATE COMMITTEE","JEANETTE WARD FOR WYOMING","LOCAL PRINTING AND DESIGN","CAMPAIGN YARD SIGNS, BUTTONS, PENS, ETC.","5/19/2026","FRANKFORT, IL 60423","FILED","1161.77"
"CANDIDATE COMMITTEE","JEANETTE WARD FOR WYOMING","WYOMING SECRETARY OF STATE","ADMINISTRATIVE COSTS","5/19/2026","CHEYENNE, WY 82002","FILED","102.4"
"CANDIDATE COMMITTEE","JOHNSON FOR WYOMING","STEVE JOHNSON","CAMPAIGN YARD SIGNS, BUTTONS, PENS, ETC.","5/19/2026","CHEYENNE, WY 82009","FILED","1980"
"CANDIDATE COMMITTEE","MEGAN FOR GOVERNOR","BATTLEFIELD LLC","CONSULTING","5/19/2026","MOUNT VERNON, NY 10550","FILED","31.25"
"CANDIDATE COMMITTEE","MEGAN FOR GOVERNOR","CENTRAL WYOMING FAIR AND RODEO","ENTERTAINMENT","5/19/2026","CASPER, WY 82604","FILED","70"
"CANDIDATE COMMITTEE","MEGAN FOR GOVERNOR","CHARLOTTE JONES","CONSULTING","5/19/2026","LARAMIE, WY 82070","FILED","7079.12"
"CANDIDATE COMMITTEE","MEGAN FOR GOVERNOR","GOOGLE WORKSPACE","ADVERTISING - DIGITAL","5/19/2026","MOUNTAIN VIEW, CA 94043","FILED","500"
"CANDIDATE COMMITTEE","MEGAN FOR GOVERNOR","META PLATFORMS (FACEBOOK)","ADVERTISING - DIGITAL","5/19/2026","MENLO PARK, CA 94025","FILED","425"
"CANDIDATE COMMITTEE","MEGAN FOR GOVERNOR","WINRED TECHNICAL SERVICES","BANKING ","5/19/2026","CHEYENNE, WY 82001","FILED","11.82"
"CANDIDATE","R. J. KOST ","POWELL TRIBUNE","CAMPAIGN YARD SIGNS, BUTTONS, PENS, ETC.","5/19/2026","POWELL, WY 82435","FILED","287.7"
"CANDIDATE","R. J. KOST ","ROVENNA SIGNS & DESIGN","CAMPAIGN YARD SIGNS, BUTTONS, PENS, ETC.","5/19/2026","POWELL, WY 82435","FILED","2009.9"
"CANDIDATE COMMITTEE","REINER FOR WYOMING","LOWES","CAMPAIGN YARD SIGNS, BUTTONS, PENS, ETC.","5/19/2026","CHEYENNE, WY 82009","FILED","169.47"
"CANDIDATE COMMITTEE","SCHRIFTMAN FOR STATE HOUSE","ENKO","PRINTING","5/19/2026","IA ","FILED","23.39"
"CANDIDATE COMMITTEE","SCHRIFTMAN FOR STATE HOUSE","KYLIE WALL","CONSULTING","5/19/2026","WY ","FILED","500"
"CANDIDATE COMMITTEE","SCHRIFTMAN FOR STATE HOUSE","POSTMASTER","POSTAGE","5/19/2026","WY ","FILED","108.42"
"CANDIDATE COMMITTEE","SCHRIFTMAN FOR STATE HOUSE","POSTMASTER","POSTAGE","5/19/2026","WY ","FILED","490.62"
"CANDIDATE COMMITTEE","SCHRIFTMAN FOR STATE HOUSE","POSTMASTER","POSTAGE","5/19/2026"," , WY ","FILED","24.08"
"CANDIDATE COMMITTEE","SCHRIFTMAN FOR STATE HOUSE","STAPLES","OFFICE SUPPLIES","5/19/2026","WY ","FILED","55.95"
"CANDIDATE COMMITTEE","SCHRIFTMAN FOR STATE HOUSE","STATE OF WYOMING","ADMINISTRATIVE COSTS","5/19/2026","WY ","FILED","102.4"
"CANDIDATE COMMITTEE","SCHRIFTMAN FOR STATE HOUSE","VISTA PRINT","PRINTING","5/19/2026","MA ","FILED","387.15"
"CANDIDATE COMMITTEE","SINGH FOR WYOMING","SIGNS ON THE CHEAP","CAMPAIGN YARD SIGNS, BUTTONS, PENS, ETC.","5/19/2026","WY ","FILED","2245.69"
"CANDIDATE COMMITTEE","ALLEN HOGG FOR WYOMING","IRMA HOTEL","FOOD AND BEVERAGES","5/18/2026","CODY, WY 82414","FILED","33.18"
"CANDIDATE COMMITTEE","ALLEN HOGG FOR WYOMING","THERMOPOLIS HARDWARE","CAMPAIGN YARD SIGNS, BUTTONS, PENS, ETC.","5/18/2026","THERMOPOLIS, WY 82443","FILED","30.58"
"CANDIDATE COMMITTEE","BARLOW FOR WYOMING","ACE HARDWARE","OTHER: OTHER","5/18/2026","CHEYENNE, WY 82001","FILED","5"
"CANDIDATE COMMITTEE","BARLOW FOR WYOMING","AMAZON","OTHER: OTHER","5/18/2026","SEATTLE, WA 98109","FILED","26.92"
"CANDIDATE COMMITTEE","BARLOW FOR WYOMING","CANVA","GRAPHICS/WEBSITE FEES","5/18/2026","CHEYENNE, WY 82001","FILED","220"
"CANDIDATE COMMITTEE","BARLOW FOR WYOMING","UNITED STATES POSTAL SERVICE","POSTAGE","5/18/2026","CHEYENNE, WY 82001","FILED","101.21"
"CANDIDATE COMMITTEE","BEN HORNOK FOR WYOMING","CAMPAIGN PARTNER","GRAPHICS/WEBSITE FEES","5/18/2026","STILL RIVER, MA 01467","FILED","32"
"CANDIDATE COMMITTEE","BIGELOW FOR HD51","ALPHAGRAPHICS","CAMPAIGN YARD SIGNS, BUTTONS, PENS, ETC.","5/18/2026","SHERIDAN, WY 82801","FILED","61.82"
"CANDIDATE COMMITTEE","BIGELOW FOR HD51","ANEDOT","BANKING ","5/18/2026","DALLAS, TX 75206","FILED","14.6"
"CANDIDATE COMMITTEE","BRENNAN FOR SENATE","PBR PRINTING","PRINTING","5/18/2026","CHEYENNE, WY 82009","PUBLISHED","592.53"
"CANDIDATE COMMITTEE","BRENT BIEN FOR GOVERNOR","FACEBOOK","ADVERTISING - DIGITAL","5/18/2026","WY ","FILED","30"
"CANDIDATE COMMITTEE","BRENT BIEN FOR GOVERNOR","FACEBOOK","ADVERTISING - DIGITAL","5/18/2026","WY ","FILED","30"
"CANDIDATE COMMITTEE","BRENT BIEN FOR GOVERNOR","VOTTIV CAMPAIGNS","ADMINISTRATIVE COSTS","5/18/2026","WY ","FILED","250"
"CANDIDATE COMMITTEE","COMMITTEE TO ELECT BOB DAVIS","LOS JILBERTOS","FOOD AND BEVERAGES","5/18/2026","WY ","FILED","40.43"
"CANDIDATE COMMITTEE","COMMITTEE TO ELECT EARL COLLIER FOR HOUSE DISTRICT 3","WYOMING SECRETARY OF STATE","ADMINISTRATIVE COSTS","5/18/2026","WY ","FILED","102.4"
"CANDIDATE COMMITTEE","COMMITTEE TO ELECT GARY BROWN ","SECRETARY OF STATE -WY","ADMINISTRATIVE COSTS","5/18/2026","WY ","FILED","100"
"CANDIDATE COMMITTEE","COMMITTEE TO ELECT JESSICA CROWDER","ELECTION HIVE","ADMINISTRATIVE COSTS","5/18/2026","SALT LAKE CITY, UT 84102","FILED","19.45"
"CANDIDATE COMMITTEE","COMMITTEE TO ELECT JESSICA CROWDER","ELECTION HIVE","CONSULTING","5/18/2026","SALT LAKE CITY, UT 84102","FILED","1500"
"CANDIDATE COMMITTEE","COMMITTEE TO ELECT JESSICA CROWDER","ELECTION HIVE","GRAPHICS/WEBSITE FEES","5/18/2026","SALT LAKE CITY, UT 84102","FILED","61.16"
"CANDIDATE COMMITTEE","COMMITTEE TO ELECT KEN PENDERGRAFT","IONOS","GRAPHICS/WEBSITE FEES","5/18/2026","WY ","FILED","25.45"
"CANDIDATE COMMITTEE","COSTELLO FOR CASPER","WY SECRETARY OF STATE","ADMINISTRATIVE COSTS","5/18/2026","WY ","FILED","102.4"
"CANDIDATE","DONNA KAY RICE ","CHLOE NELSON RUNNING WITH STRATEGY","GRAPHICS/WEBSITE FEES","5/18/2026","MIAMI, FL ","FILED","628.58"
"CANDIDATE COMMITTEE","FORNSTROM FOR HD10","LIBERTY CONSULTING","CONSULTING","5/18/2026","CHEYENNE, WY 82009","FILED","605"
"CANDIDATE COMMITTEE","FORNSTROM FOR HD10","TURCOTT CONSULTING","CONSULTING","5/18/2026","AUGUSTA, ME 04330","FILED","235"
"CANDIDATE COMMITTEE","GERINGER FOR WYOMING","LOWE'S","CAMPAIGN YARD SIGNS, BUTTONS, PENS, ETC.","5/18/2026","WY ","FILED","192.29"
"CANDIDATE COMMITTEE","GERINGER FOR WYOMING","WIX","GRAPHICS/WEBSITE FEES","5/18/2026","CA ","FILED","204"
"CANDIDATE COMMITTEE","MARK JENNINGS FOR HOUSE DISTRICT 30","SECRETARY OF STATE","ADMINISTRATIVE COSTS","5/18/2026","CHEYENNE, WY 82001","FILED","102.4"
"CANDIDATE COMMITTEE","MARK JENNINGS FOR HOUSE DISTRICT 30","STRAIGHT TALK","PHONE","5/18/2026","SHERIDAN, WY 82801","FILED","37.55"
"CANDIDATE COMMITTEE","MARK JENNINGS FOR HOUSE DISTRICT 30","VISTA PRINT","PRINTING","5/18/2026","WALTHAM, MA 02451","FILED","204"
"CANDIDATE COMMITTEE","MARK JENNINGS FOR HOUSE DISTRICT 30","WIX.COM","GRAPHICS/WEBSITE FEES","5/18/2026","WALTHAM, MA 02451","FILED","81.4"
"CANDIDATE","MATTHEW HURT ","CITY CLERKS ","CANDIDATE/COMMITTEE CONTRIBUTION","5/18/2026","CHEYENNE, WY 82001","FILED","25"
"CANDIDATE","MATTHEW LEGLER ","SECRETARY OF STATE","ADMINISTRATIVE COSTS","5/18/2026","WY ","FILED","102.4"
"CANDIDATE COMMITTEE","MEGAN FOR GOVERNOR","BATTLEFIELD LLC","CONSULTING","5/18/2026","MOUNT VERNON, NY 10550","FILED","28.61"
"CANDIDATE COMMITTEE","MEGAN FOR GOVERNOR","GOOGLE WORKSPACE","ADVERTISING - DIGITAL","5/18/2026","MOUNTAIN VIEW, CA 94043","FILED","350"
"CANDIDATE COMMITTEE","MEGAN FOR GOVERNOR","META PLATFORMS (FACEBOOK)","ADVERTISING - DIGITAL","5/18/2026","MENLO PARK, CA 94025","FILED","1050"
"CANDIDATE COMMITTEE","MEGAN FOR GOVERNOR","VIBE","ADVERTISING - DIGITAL","5/18/2026","CHICAGO, IL 60613","FILED","500"
"CANDIDATE COMMITTEE","MEGAN FOR GOVERNOR","WINRED TECHNICAL SERVICES","BANKING ","5/18/2026","CHEYENNE, WY 82001","FILED","388.32"
"CANDIDATE COMMITTEE","MYCA FOR SHERIDAN","WYOMING SECRETARY OF STATE","ADMINISTRATIVE COSTS","5/18/2026","WY ","FILED","102.4"
"CANDIDATE","NEIL JESKE ","KRISTEN JENNINGS","OTHER: CAMPAIGN DATA SERVICES - VOTER FILE HOUSEHOLDING","5/18/2026","CHEYENNE, WY ","FILED","90"
"CANDIDATE","SCOTT HEINER ","HAMSFORK MUSEUM","FACILITY FEE","5/18/2026","KEMMERER, WY 83101","FILED","100"
"CANDIDATE COMMITTEE","SHORT FOR STATE","LOAF N JUG","TRAVEL (HOTEL, GAS, ETC.)","5/18/2026","WY ","FILED","73.24"
"CANDIDATE COMMITTEE","STACY JONES FOR SENATE DISTRICT 13","SOS","ADMINISTRATIVE COSTS","5/18/2026","CHEYENNE, WY 82001","FILED","102.4"
"CANDIDATE","TAFT CARROLL LOVE ","WYOMING SECRETARY OF STATE","OTHER: CANDIDATE FILING","5/18/2026","CHEYENNE, WY 82009","FILED","100"
"CANDIDATE COMMITTEE","BEN HORNOK FOR WYOMING","CAMPAIGN PARTNER","GRAPHICS/WEBSITE FEES","5/17/2026","STILL RIVER, MA 01467","FILED","15"
"CANDIDATE COMMITTEE","BRENT BIEN FOR GOVERNOR","CHEYENNE CITY TREASURER","FACILITY FEE","5/17/2026","WY ","FILED","150"
"CANDIDATE COMMITTEE","COMMITTEE TO ELECT BRYCE REECE SD28","TONY LOCKE CANDIDATE FOR HD35","CANDIDATE/COMMITTEE CONTRIBUTION","5/17/2026","CASPER, WY 82601","FILED","200"
"CANDIDATE COMMITTEE","DAVID HILL FOR HOUSE DISTRICT 50","GODADDY.COM","GRAPHICS/WEBSITE FEES","5/17/2026","","FILED","69.57"
"CANDIDATE","MARLENE BRADY ","HOME DEPOT","OFFICE SUPPLIES","5/17/2026","ROCK SPRINGS, WY 82901","FILED","39.04"
"CANDIDATE","MARLENE BRADY ","WALMART","OFFICE SUPPLIES","5/17/2026","ROCK SPRINGS, WY 82901","FILED","30.46"
"CANDIDATE","R. J. KOST ","ACE HARDWARE","CAMPAIGN YARD SIGNS, BUTTONS, PENS, ETC.","5/17/2026","POWELL, WY 82435","FILED","46.75"
"CANDIDATE COMMITTEE","SERVER FOR WY","CANVA","PRINTING","5/17/2026","WY ","FILED","245.7"
"CANDIDATE COMMITTEE","SHORT FOR STATE","AMERICAN EXPRESS CAR RENTAL INS","TRAVEL (HOTEL, GAS, ETC.)","5/17/2026","WY ","FILED","24.95"
"CANDIDATE COMMITTEE","TONY NIEMIEC FOR WYOMING","RADIANT MFG","ADVERTISING - MISC.","5/17/2026","ROCK SPRINGS, WY 82935","FILED","474.35"
"CANDIDATE COMMITTEE","ALLEN HOGG FOR WYOMING","CONOCO","TRAVEL (HOTEL, GAS, ETC.)","5/16/2026","CODY, WY 82414","FILED","96.05"
"CANDIDATE COMMITTEE","ALLEN HOGG FOR WYOMING","WYOMING SECRETARY OF STATE","ADMINISTRATIVE COSTS","5/16/2026","CHEYENNE, WY 82001","FILED","102.4"
"CANDIDATE COMMITTEE","BRENT BIEN FOR GOVERNOR","JACKSON HOLE STAGE EVENTS ","FACILITY FEE","5/16/2026","WY ","FILED","300"
"CANDIDATE COMMITTEE","COMMITTEE TO ELECT BOB DAVIS","AMAZON","CAMPAIGN YARD SIGNS, BUTTONS, PENS, ETC.","5/16/2026","WY ","FILED","118.7"
"CANDIDATE COMMITTEE","COMMITTEE TO ELECT JESSICA CROWDER","JUST STACEY J PRODUCTS AND PHOTOGRAPHY","ADMINISTRATIVE COSTS","5/16/2026","CHEYENNE, WY 82001","FILED","400"
"CANDIDATE COMMITTEE","DAVID HILL FOR HOUSE DISTRICT 50","IRMA","FOOD AND BEVERAGES","5/16/2026","WY ","FILED","9.03"
"CANDIDATE COMMITTEE","REINER FOR WYOMING","LOWES","CAMPAIGN YARD SIGNS, BUTTONS, PENS, ETC.","5/16/2026","CHEYENNE, WY 82009","FILED","180.83"
"CANDIDATE COMMITTEE","SHORT FOR STATE","COMMON CENTS","TRAVEL (HOTEL, GAS, ETC.)","5/16/2026","WY ","FILED","125"
"CANDIDATE COMMITTEE","SHORT FOR STATE","COMMON CENTS","TRAVEL (HOTEL, GAS, ETC.)","5/16/2026","WY ","FILED","36.99"
"CANDIDATE COMMITTEE","SHORT FOR STATE","HOLIDAY INN","TRAVEL (HOTEL, GAS, ETC.)","5/16/2026","WY ","FILED","142.36"
"CANDIDATE COMMITTEE","SHORT FOR STATE","SAM'S CLUB FUEL","TRAVEL (HOTEL, GAS, ETC.)","5/16/2026","WY ","FILED","56.56"
"CANDIDATE COMMITTEE","ALLEN HOGG FOR WYOMING","MAVERIK","TRAVEL (HOTEL, GAS, ETC.)","5/15/2026","THERMOPOLIS, WY 82443","FILED","49.88"
"CANDIDATE COMMITTEE","ALLEN HOGG FOR WYOMING","VFW","FOOD AND BEVERAGES","5/15/2026","THERMOPOLIS, WY 82443","FILED","82.8"
"CANDIDATE COMMITTEE","ANGELOS FOR WYOMING","WY SOS","OTHER: FILING FEE","5/15/2026","GILLETTE, WY ","FILED","102.4"
"CANDIDATE COMMITTEE","BIGELOW FOR HD51","FACEBOOK","ADVERTISING - DIGITAL","5/15/2026","MENLO PARK, CA 94025","FILED","20.42"
"CANDIDATE COMMITTEE","BIGELOW FOR HD51","I B WYOMING","ADMINISTRATIVE COSTS","5/15/2026","CHEYENNE, WY 82001","FILED","102.4"
"CANDIDATE COMMITTEE","BITEMAN FOR WYOMING","BO BITEMAN","TRAVEL (HOTEL, GAS, ETC.)","5/15/2026","WY ","FILED","1841.67"
"CANDIDATE COMMITTEE","BRENT BIEN FOR GOVERNOR","FACEBOOK","ADVERTISING - DIGITAL","5/15/2026","WY ","FILED","30"
"CANDIDATE COMMITTEE","BRENT BIEN FOR GOVERNOR","LAMAR","ADVERTISING - MISC.","5/15/2026","WY ","FILED","9160"
"CANDIDATE COMMITTEE","BRENT BIEN FOR GOVERNOR","LEE ADVERTISING","ADVERTISING - MISC.","5/15/2026","WY ","FILED","4750"
"CANDIDATE COMMITTEE","BRENT BIEN FOR GOVERNOR","SQUARE","ADMINISTRATIVE COSTS","5/15/2026","WY ","FILED","2403.6"
"CANDIDATE COMMITTEE","CHAD AUER FOR WYOMING","WY SEC OF STATE","ADMINISTRATIVE COSTS","5/15/2026","CHEYENNE, WY 82001","FILED","307.2"
"CANDIDATE COMMITTEE","CHESTEK FOR HD 13","WYOMING SECRETARY OF STATE","OTHER: FILING FEE","5/15/2026","WY ","FILED","102.4"
"CANDIDATE COMMITTEE","COMMITTEE TO ELECT BRITNEY TENNANT","PBR PRINTING","PRINTING","5/15/2026","CHEYENNE, WY 82001","FILED","209.29"
"CANDIDATE COMMITTEE","COMMITTEE TO ELECT DWAYNE DILLINGER","SQUARE ","BANKING ","5/15/2026","WY ","FILED","1.28"
"CANDIDATE COMMITTEE","COMMITTEE TO ELECT GARY BROWN ","OFFICE DEPOT","OFFICE SUPPLIES","5/15/2026","WY ","FILED","123.13"
"CANDIDATE COMMITTEE","COMMITTEE TO ELECT JD WILLIAMS ","WYOMING SECRETARY OF STATE","ADMINISTRATIVE COSTS","5/15/2026","CHEYENNE, WY 82001","FILED","102.4"
"CANDIDATE COMMITTEE","COMMITTEE TO ELECT KRISTI RACINES","VENMO","BANKING ","5/15/2026","WY ","FILED","2.47"
"CANDIDATE COMMITTEE","COMMITTEE TO ELECT TROY CLAYCOMB","WYOMING SEC OF STATE","TAXES","5/15/2026","CHEYENNE, WY 82020","FILED","102.4"
"CANDIDATE COMMITTEE","DAVID HILL FOR HOUSE DISTRICT 50","WALMART","OFFICE SUPPLIES","5/15/2026","WY ","FILED","26.85"
"CANDIDATE","EXIE R BROWN JR","STATE OF WYOMING SECRETARY OF STATE","ADMINISTRATIVE COSTS","5/15/2026","CHEYENNE, WY 82001","FILED","102.4"
"CANDIDATE COMMITTEE","GERINGER FOR WYOMING","SECRETARY OF STATE","ADMINISTRATIVE COSTS","5/15/2026","WY ","FILED","102.4"
"CANDIDATE COMMITTEE","KEVIN HELLING FOR WYOMING","WYOMING SECRETARY OF STATE-CANDIDATE FILING","ADMINISTRATIVE COSTS","5/15/2026","CHEYENNE, WY 82002","FILED","102.4"
"CANDIDATE","LEVI ASAY ","WALMART","ADVERTISING - MISC.","5/15/2026","CODY, WY ","FILED","3.94"
"CANDIDATE","LEVI ASAY ","WALMART","ADVERTISING - MISC.","5/15/2026","CODY, WY 82414","FILED","29"
"CANDIDATE COMMITTEE","LYTTLE FOR HOUSE","WY SECRETARY OF STATE","ADMINISTRATIVE COSTS","5/15/2026","CHEYENNE, WY 82001","FILED","100"
"CANDIDATE","MATTHEW LEGLER ","SQUARE","ADMINISTRATIVE COSTS","5/15/2026","WY ","FILED","16.8"
"CANDIDATE COMMITTEE","MEGAN FOR GOVERNOR","ALLIANCE FORGE ELECTION TECHNOLOGY","ADVERTISING - DIGITAL","5/15/2026","SPARKS, NV 89436","FILED","58.31"
"CANDIDATE COMMITTEE","MEGAN FOR GOVERNOR","ALLIANCE FORGE ELECTION TECHNOLOGY","ADVERTISING - DIGITAL","5/15/2026","SPARKS, NV 89436","FILED","13.9"
"CANDIDATE COMMITTEE","MEGAN FOR GOVERNOR","DANIELS SPAULDING CONSULTING LLC","CONSULTING","5/15/2026","CARMEL, IN 46082","FILED","2525"
"CANDIDATE COMMITTEE","MEGAN FOR GOVERNOR","META PLATFORMS (FACEBOOK)","ADVERTISING - DIGITAL","5/15/2026","MENLO PARK, CA 94025","FILED","225"
"CANDIDATE","OCEAN ANDREW ","STICKER MULE","CAMPAIGN YARD SIGNS, BUTTONS, PENS, ETC.","5/15/2026","","FILED","81.62"
"CANDIDATE","PEPPER L OTTMAN ","SECRETARY OF STATE","ADMINISTRATIVE COSTS","5/15/2026","CHEYENNE, WY 82002","FILED","100"
"CANDIDATE","PETER BOYER ","WY SOS","ADMINISTRATIVE COSTS","5/15/2026","CHEYENNE, WY 82002","FILED","102.4"
"CANDIDATE","R. J. KOST ","SECRETARY OF STATE","OTHER: FILING FEE","5/15/2026","CHEYENNE, WY 82001","FILED","102.4"
"CANDIDATE COMMITTEE","REINER FOR WYOMING","PBR","CAMPAIGN YARD SIGNS, BUTTONS, PENS, ETC.","5/15/2026","CHEYENNE, WY 82009","FILED","93.59"
"CANDIDATE COMMITTEE","REINER FOR WYOMING","PBR","CAMPAIGN YARD SIGNS, BUTTONS, PENS, ETC.","5/15/2026","CHEYENNE, WY 82009","FILED","1389.36"
"CANDIDATE COMMITTEE","REINER FOR WYOMING","STATE OF WYOMING - SEC OF STATE","ADMINISTRATIVE COSTS","5/15/2026","CHEYENNE, WY 82009","FILED","100"
"CANDIDATE COMMITTEE","SHORT FOR STATE","ELIZABETH DILLOW LLC","CONSULTING","5/15/2026","WY ","FILED","244.45"
"CANDIDATE COMMITTEE","SHORT FOR STATE","ENTERPRISE RENT A CAR","TRAVEL (HOTEL, GAS, ETC.)","5/15/2026","WY ","FILED","198.36"
"CANDIDATE COMMITTEE","SHORT FOR STATE","HAT SIX TRAVEL CENTER","TRAVEL (HOTEL, GAS, ETC.)","5/15/2026","WY ","FILED","4.42"
"CANDIDATE COMMITTEE","SHORT FOR STATE","LOAF N JUG","TRAVEL (HOTEL, GAS, ETC.)","5/15/2026","WY ","FILED","67.4"
"CANDIDATE COMMITTEE","SHORT FOR STATE","LOAF N JUG","TRAVEL (HOTEL, GAS, ETC.)","5/15/2026","WY ","FILED","99"
"CANDIDATE COMMITTEE","SHORT FOR STATE","OT CHEAP","CAMPAIGN YARD SIGNS, BUTTONS, PENS, ETC.","5/15/2026","WY ","FILED","5256.72"
"CANDIDATE COMMITTEE","SHORT FOR STATE","VISTA PRINT","CAMPAIGN YARD SIGNS, BUTTONS, PENS, ETC.","5/15/2026","WY ","FILED","157.5"
"CANDIDATE","STEPHEN D LATHAM ","WYOMING SEC. OF STATE","ADMINISTRATIVE COSTS","5/15/2026","CHEYENNE, WY 82001","FILED","100"
"CANDIDATE COMMITTEE","THE FRIENDS TO ELECT MARK JONES","USPS","POSTAGE","5/15/2026","BUFFALO, WY 82834","FILED","78"
"CANDIDATE COMMITTEE","VOTE BOLLER HD52 ","SIR SPEEDY","CAMPAIGN YARD SIGNS, BUTTONS, PENS, ETC.","5/15/2026","GILLETTE, WY 82716","FILED","69.98"
"CANDIDATE COMMITTEE","VOTE BOLLER HD52 ","WYOMING SECRETARY OF STATE","ADMINISTRATIVE COSTS","5/15/2026","GILLETTE, WY 82716","FILED","102.4"
"CANDIDATE COMMITTEE","WILLOX FOR WYOMING","DOUGLAS BUSINESS CENTER","PRINTING","5/15/2026","DOUGLAS, WY 82633","FILED","91.88"
"CANDIDATE COMMITTEE","ANN LUCAS 4 WYOMING","WYOMING SECRETARY OF STATE","TAXES","5/14/2026","CHEYENNE, WY 82001","FILED","100"
"CANDIDATE COMMITTEE","BARLOW FOR WYOMING","AMBI","PRINTING","5/14/2026","CASPER, WY 82602","FILED","1001.7"
"CANDIDATE COMMITTEE","BARLOW FOR WYOMING","FIRST NATIONAL BANK OF GILLETTE","BANKING ","5/14/2026","GILLETTE, WY 82718","FILED","28.3"
"CANDIDATE COMMITTEE","BARLOW FOR WYOMING","UNIVERSITY OF WYOMING SPORTS PROPERTIES LLC","ADVERTISING - MISC.","5/14/2026","KANSAS CITY, MO 64184","FILED","1500"
"CANDIDATE COMMITTEE","BINGHAM FOR WYOMING","WYOMING SECRETARY OF STATE","OTHER: FILING FEE","5/14/2026","WY ","FILED","102.4"
"CANDIDATE COMMITTEE","BRENT BIEN FOR GOVERNOR","FACEBOOK","ADVERTISING - DIGITAL","5/14/2026","WY ","FILED","38.45"
"CANDIDATE COMMITTEE","BUTCHER FOR WYOMING","ALPHAGRAPHICS","CAMPAIGN YARD SIGNS, BUTTONS, PENS, ETC.","5/14/2026","WY ","FILED","798.98"
"CANDIDATE COMMITTEE","BUTCHER FOR WYOMING","DOWNTOWN SHERIDAN ASSOCIATION","FACILITY FEE","5/14/2026","WY ","FILED","150"
"CANDIDATE COMMITTEE","COMMITTEE TO ELECT BRITNEY TENNANT","PBR PRINTING","PRINTING","5/14/2026","CHEYENNE, WY 82001","FILED","209.29"
"CANDIDATE COMMITTEE","COMMITTEE TO ELECT BRITNEY TENNANT","PRARIE SAGE CREATIVE","GRAPHICS/WEBSITE FEES","5/14/2026","WELLINGTON, CO 80549","FILED","58"
"CANDIDATE COMMITTEE","COMMITTEE TO ELECT BRITNEY TENNANT","WYOMING SECRETARY OF STATE","ADMINISTRATIVE COSTS","5/14/2026","CHEYENNE, WY 82001","FILED","100"
"CANDIDATE COMMITTEE","COMMITTEE TO ELECT CURT MEIER","BOB BONNAR","CONSULTING","5/14/2026","DURANGO, CO 81301","FILED","5000"
"CANDIDATE COMMITTEE","COMMITTEE TO ELECT EARL COLLIER FOR HOUSE DISTRICT 3","GO DADDY","GRAPHICS/WEBSITE FEES","5/14/2026","WY ","FILED","38.06"
"CANDIDATE COMMITTEE","COMMITTEE TO ELECT JIM VANDYKE","UIMOSO TOOLS SUPPLY - BUTTON MAKING SUPPLIES","CAMPAIGN YARD SIGNS, BUTTONS, PENS, ETC.","5/14/2026","PERTH AMBOY, NJ 08861","FILED","110.24"
"CANDIDATE COMMITTEE","COMMITTEE TO ELECT JIM VANDYKE","UNIMOSO TOOLS SUPPLY - BUTTON MAKING SUPPLIES","CAMPAIGN YARD SIGNS, BUTTONS, PENS, ETC.","5/14/2026","PERTH AMBOY, NJ 08861","FILED","94.49"
"CANDIDATE COMMITTEE","COMMITTEE TO ELECT JIM VANDYKE","WY DEMOCRATIC PARTY","GRAPHICS/WEBSITE FEES","5/14/2026","CHEYENNE, WY 82001","FILED","100"
"CANDIDATE COMMITTEE","COMMITTEE TO ELECT JIM VANDYKE","WY SECRETARY OF STATE","ADMINISTRATIVE COSTS","5/14/2026","CHEYENNE, WY 82002","FILED","100"
"CANDIDATE COMMITTEE","COMMITTEE TO ELECT KRISTI RACINES","WYOMING SECRETARY OF STATE","OTHER: FILING FEE","5/14/2026","WY ","FILED","300"
"CANDIDATE COMMITTEE","COMMITTEE TO ELECT MARK RINNE","SECRETARY OF STATE","ADMINISTRATIVE COSTS","5/14/2026","82001, WY ","FILED","100"
"CANDIDATE COMMITTEE","DAVID HILL FOR HOUSE DISTRICT 50","WYOMING SECRETARY OF STATE","ADMINISTRATIVE COSTS","5/14/2026","WY ","FILED","102.4"
"CANDIDATE COMMITTEE","ERICKSON FOR HD 37","WYOMING SECRETARY OF STATE ","OTHER: FILING FEE","5/14/2026","WY ","FILED","102.4"
"CANDIDATE COMMITTEE","GERINGER FOR WYOMING","ZIGGI'S","FOOD AND BEVERAGES","5/14/2026","WY ","FILED","12.28"
"CANDIDATE COMMITTEE","IDE FOR SENATE","WYOMING SECRETARY OF STATE","ADMINISTRATIVE COSTS","5/14/2026","CASPER, WY 82601","FILED","102.4"
"CANDIDATE","JAYME LIEN ","QR CODE GENERATOR","ADVERTISING - DIGITAL","5/14/2026","WY ","FILED","105"
"CANDIDATE","JAYME LIEN ","SECRETARY OF STATE","ADMINISTRATIVE COSTS","5/14/2026","WY ","FILED","103.96"
"CANDIDATE","JAYME LIEN ","WIX ","GRAPHICS/WEBSITE FEES","5/14/2026","WY ","FILED","280.87"
"CANDIDATE COMMITTEE","JEANETTE WARD FOR WYOMING","M13 GRAPHICS","ADVERTISING - MISC.","5/14/2026","SCHAUMBURG, IL 60173","FILED","152.27"
"CANDIDATE","JOHN F WETZEL ","WHITE INK","PRINTING","5/14/2026","POWELL, WY 82435","FILED","156"
"CANDIDATE COMMITTEE","MEGAN FOR GOVERNOR","BATTLEFIELD LLC","CONSULTING","5/14/2026","MOUNT VERNON, NY 10550","FILED","2.25"
"CANDIDATE COMMITTEE","MEGAN FOR GOVERNOR","GUSTO","TAXES","5/14/2026","SAN FRANCISCO, CA 94107","FILED","271.79"
"CANDIDATE COMMITTEE","MEGAN FOR GOVERNOR","HANNAH HARRINGTON","PAYROLL","5/14/2026","CHEYNNE, WY 82009","FILED","1095.21"
"CANDIDATE COMMITTEE","MEGAN FOR GOVERNOR","META PLATFORMS (FACEBOOK)","ADVERTISING - DIGITAL","5/14/2026","MENLO PARK, CA 94025","FILED","150"
"CANDIDATE COMMITTEE","MEGAN FOR GOVERNOR","TOWN OF GLENROCK","FACILITY FEE","5/14/2026","GLENROCK, WY 82637","FILED","125"
"CANDIDATE COMMITTEE","MEGAN FOR GOVERNOR","TOWN OF GLENROCK","FACILITY FEE","5/14/2026","GLENROCK, WY 82637","FILED","25"
"CANDIDATE COMMITTEE","MEGAN FOR GOVERNOR","VIBE","ADVERTISING - DIGITAL","5/14/2026","CHICAGO, IL 60613","FILED","100"
"CANDIDATE COMMITTEE","MEGAN FOR GOVERNOR","WINRED TECHNICAL SERVICES","BANKING ","5/14/2026","CHEYENNE, WY 82001","FILED","10.71"
"CANDIDATE COMMITTEE","MYCA FOR SHERIDAN","EPIPHANY","PRINTING","5/14/2026","WY ","FILED","251.28"
"CANDIDATE","NEIL JESKE ","AMAZON.COM","OFFICE SUPPLIES","5/14/2026","WY ","FILED","38.84"
"CANDIDATE","NEIL JESKE ","SIGNSONTHECHEAP.COM","CAMPAIGN YARD SIGNS, BUTTONS, PENS, ETC.","5/14/2026","WY ","FILED","325.42"
"CANDIDATE","NEIL JESKE ","STATE OF WYOMING","OTHER: FILING FEE","5/14/2026","CHEYENNE, WY ","FILED","102.4"
"CANDIDATE","OCEAN ANDREW ","WYOMING SOS","OTHER: FILING FEE","5/14/2026","","FILED","102.4"
"CANDIDATE COMMITTEE","RAH FOR HD17","WYOMING SEC OF STATE","OTHER: GOOD STANDING","5/14/2026","CHEYENNE, WY 82002","FILED","51.2"
"CANDIDATE COMMITTEE","SHORT FOR STATE","BIG D","TRAVEL (HOTEL, GAS, ETC.)","5/14/2026","WY ","FILED","34.51"
"CANDIDATE COMMITTEE","SHORT FOR STATE","COMFORT INN","TRAVEL (HOTEL, GAS, ETC.)","5/14/2026","WY ","FILED","140.8"
"CANDIDATE COMMITTEE","SHORT FOR STATE","MAVERICK","TRAVEL (HOTEL, GAS, ETC.)","5/14/2026","WY ","FILED","25.22"
"CANDIDATE COMMITTEE","SPECKNER FOR HOUSE DISTRICT 5","M PRINTS 91","CAMPAIGN YARD SIGNS, BUTTONS, PENS, ETC.","5/14/2026","TORRINGTON, WY 82240","FILED","3194.78"
"CANDIDATE COMMITTEE","THE FRIENDS TO ELECT MARK JONES","PAYPAL","GRAPHICS/WEBSITE FEES","5/14/2026","SAN JOSE, CA 95131","FILED","0.78"
"CANDIDATE","TONY LOCKE ","CAMPAIGN PARTNER","GRAPHICS/WEBSITE FEES","5/14/2026","","FILED","29"
"CANDIDATE COMMITTEE","TONY NIEMIEC FOR WYOMING","WYOMING SECRETARY OF STATE","ADMINISTRATIVE COSTS","5/14/2026","CHEYENNE, WY 82002","FILED","102.4"
"CANDIDATE COMMITTEE","WILLOX FOR WYOMING","WYO SEC OF STATE","ADMINISTRATIVE COSTS","5/14/2026","CHEYENNE, WY 82002","FILED","101"
"CANDIDATE COMMITTEE","BARLOW FOR WYOMING","4ALLPROMOS","CAMPAIGN YARD SIGNS, BUTTONS, PENS, ETC.","5/13/2026","ESSEX, CT 06426","FILED","4866.4"
"CANDIDATE COMMITTEE","BARLOW FOR WYOMING","KLAVIYO","IT SERVICES","5/13/2026","BOSTON, MA 02111","FILED","60"
"CANDIDATE COMMITTEE","BIGELOW FOR HD51","ALPHAGRAPHICS","CAMPAIGN YARD SIGNS, BUTTONS, PENS, ETC.","5/13/2026","SHERIDAN, WY 82801","FILED","972"
"CANDIDATE COMMITTEE","BIGELOW FOR HD51","UNITED STATES POSTAL SERVICE","POSTAGE","5/13/2026","SHERIDAN, WY 82801","FILED","326.99"
"CANDIDATE COMMITTEE","BRENT BIEN FOR GOVERNOR","BLUE COLLAR CATERING","FOOD AND BEVERAGES","5/13/2026","WY ","FILED","1374.48"
"CANDIDATE COMMITTEE","BRENT BIEN FOR GOVERNOR","LEE ADVERTISING","ADVERTISING - MISC.","5/13/2026","WY ","FILED","39"
"CANDIDATE COMMITTEE","COMMITTEE TO ELECT BRITNEY TENNANT","PRINTPPS","PRINTING","5/13/2026","ALBUQUERQUE, NM 87113","FILED","159.19"
"CANDIDATE COMMITTEE","COMMITTEE TO ELECT BRITNEY TENNANT","STICKER MULE","CAMPAIGN YARD SIGNS, BUTTONS, PENS, ETC.","5/13/2026","AMSTERDAM, NY 12010","FILED","145"
"CANDIDATE COMMITTEE","COMMITTEE TO ELECT GARY BROWN ","LOWES","CAMPAIGN YARD SIGNS, BUTTONS, PENS, ETC.","5/13/2026","WY ","FILED","52.88"
"CANDIDATE COMMITTEE","COMMITTEE TO ELECT KRISTI RACINES","ELIZABETH DILLOW LLC","CAMPAIGN YARD SIGNS, BUTTONS, PENS, ETC.","5/13/2026","WY ","FILED","907.24"
"CANDIDATE COMMITTEE","COMMITTEE TO ELECT MIKE YIN","TETON MEDIA WORKS INC","ADVERTISING - NEWSPAPER","5/13/2026","JACKSON, WY 83001","FILED","570.94"
"CANDIDATE COMMITTEE","DAVID HILL FOR HOUSE DISTRICT 50","MAJORITY STRATEGIES","ADVERTISING - MISC.","5/13/2026","","FILED","1550"
"CANDIDATE","EXIE R BROWN JR","KING SOOPERS","FOOD AND BEVERAGES","5/13/2026","CHEYENNE, WY 82009","FILED","27.96"
"CANDIDATE","JAMES TEMPLE ","BANKING MONEY ORDER FEE (FOR SOS FILING)","ADMINISTRATIVE COSTS","5/13/2026","WY ","FILED","2"
"CANDIDATE","JAMES TEMPLE ","SECRETARY OF STATE","ADMINISTRATIVE COSTS","5/13/2026","WY ","FILED","100"
"CANDIDATE COMMITTEE","MEGAN FOR GOVERNOR","META PLATFORMS (FACEBOOK)","ADVERTISING - DIGITAL","5/13/2026","MENLO PARK, CA 94025","FILED","225"
"CANDIDATE COMMITTEE","MEGAN FOR GOVERNOR","WINRED TECHNICAL SERVICES","BANKING ","5/13/2026","CHEYENNE, WY 82001","FILED","13.79"
"CANDIDATE","PAUL L WING ","ATLAS REPRODUCTIONS","CAMPAIGN YARD SIGNS, BUTTONS, PENS, ETC.","5/13/2026","CASPER, WY 82602","FILED","152.25"
"CANDIDATE COMMITTEE","REINER FOR WYOMING","PBR","PRINTING","5/13/2026","CHEYENNE, WY 82009","FILED","83.44"
"CANDIDATE","RYAN MICHAEL SHOLLENBERGER ","SPACESHIP","IT SERVICES","5/13/2026","PHOENIX, AZ 85034","FILED","26.4"
"CANDIDATE COMMITTEE","SHORT FOR STATE","STINKER","TRAVEL (HOTEL, GAS, ETC.)","5/13/2026","WY ","FILED","27"
"CANDIDATE COMMITTEE","STORER FOR STATE HOUSE","PAPERLESSPOST","POSTAGE","5/13/2026","NEW YORK, NY 10006","FILED","306.48"
"CANDIDATE COMMITTEE","THE FRIENDS TO ELECT MARK JONES","SIGNS ON THE CHEAP","CAMPAIGN YARD SIGNS, BUTTONS, PENS, ETC.","5/13/2026","AUSTIN, TX 78758","FILED","130.99"
"CANDIDATE COMMITTEE","WILLOX FOR WYOMING","DOUGLAS BUSINESS CENTER","PRINTING","5/13/2026","DOUGLAS, WY 82633","FILED","262.98"
"CANDIDATE COMMITTEE","WRIGHT4WYOMING","ZAZZLE","CAMPAIGN YARD SIGNS, BUTTONS, PENS, ETC.","5/13/2026","","FILED","42.28"
"CANDIDATE","ALBERT SOMMERS ","RADIANT MANUFACTURING","CAMPAIGN YARD SIGNS, BUTTONS, PENS, ETC.","5/12/2026","ROCK SPRINGS, WY 82902","FILED","2706.71"
"CANDIDATE","ALBERT SOMMERS ","RADIANT MANUFACTURING","CAMPAIGN YARD SIGNS, BUTTONS, PENS, ETC.","5/12/2026","ROCK SPRINGS, WY 82902","FILED","269.24"
"CANDIDATE","ALBERT SOMMERS ","RADIANT MANUFACTURING","CAMPAIGN YARD SIGNS, BUTTONS, PENS, ETC.","5/12/2026","ROCK SPRINGS, WY 82902","FILED","1000.24"
"CANDIDATE","ALBERT SOMMERS ","WIND RIVER BROADCASTING","ADVERTISING - RADIO","5/12/2026","PINEDALE, WY 82941","FILED","250"
"CANDIDATE COMMITTEE","BARLOW FOR WYOMING","UNITED STATES POSTAL SERVICE","POSTAGE","5/12/2026","GREEN RIVER, WY 82935","FILED","31.2"
"CANDIDATE COMMITTEE","COMMITTEE TO ELECT BRITNEY TENNANT","PBR PRINTING","CAMPAIGN YARD SIGNS, BUTTONS, PENS, ETC.","5/12/2026","CHEYENNE, WY 82001","FILED","406.89"
"CANDIDATE COMMITTEE","COMMITTEE TO ELECT BRITNEY TENNANT","SIGNS ON THE CHEAP","CAMPAIGN YARD SIGNS, BUTTONS, PENS, ETC.","5/12/2026","AUSTIN, TX 78758","FILED","519.12"
"CANDIDATE COMMITTEE","COMMITTEE TO ELECT CURT MEIER","NEWS LETTERS JOURNAL","ADVERTISING - MISC.","5/12/2026","NEWCASTLE, WY 82701","FILED","7952.1"
"CANDIDATE COMMITTEE","COMMITTEE TO ELECT TROY CLAYCOMB","TROY CLAYCOMB","TRAVEL (HOTEL, GAS, ETC.)","5/12/2026","UPTON, WY 82730","FILED","566"
"CANDIDATE","EXIE R BROWN JR","SAMS CLUB","FOOD AND BEVERAGES","5/12/2026","CHEYENNE, WY 82009","FILED","163.38"
"CANDIDATE","KAREN WEBER ","POINTS WEST BANK","BANKING ","5/12/2026","LINGLE, WY 82223","FILED","100"
"CANDIDATE","KAREN WEBER ","WYOMING SECRETARY OF STATE OFFICE/WALK LIST","CAMPAIGN YARD SIGNS, BUTTONS, PENS, ETC.","5/12/2026","CHEYENNE, WY ","FILED","25"
"CANDIDATE COMMITTEE","MARK JENNINGS FOR HOUSE DISTRICT 30","USPS","POSTAGE","5/12/2026","SHERIDAN, WY 82801","FILED","1060.12"
"CANDIDATE COMMITTEE","MEGAN FOR GOVERNOR","FEDEX","POSTAGE","5/12/2026","MEMPHIS, TN 38120","FILED","12.75"
"CANDIDATE COMMITTEE","MEGAN FOR GOVERNOR","META PLATFORMS (FACEBOOK)","ADVERTISING - DIGITAL","5/12/2026","MENLO PARK, CA 94025","FILED","150"
"CANDIDATE COMMITTEE","MEGAN FOR GOVERNOR","WINRED TECHNICAL SERVICES","BANKING ","5/12/2026","CHEYENNE, WY 82001","FILED","1.18"
"CANDIDATE","PAUL L WING ","ATLAS REPRODUCTIONS","CAMPAIGN YARD SIGNS, BUTTONS, PENS, ETC.","5/12/2026","CASPER, WY 82602","FILED","152.25"
"CANDIDATE COMMITTEE","REINER FOR WYOMING","OFFICE DEPOT","ADMINISTRATIVE COSTS","5/12/2026","CHEYENNE, WY 82009","FILED","74.11"
"CANDIDATE COMMITTEE","REINER FOR WYOMING","PBR","CAMPAIGN YARD SIGNS, BUTTONS, PENS, ETC.","5/12/2026","CHEYENNE, WY 82009","FILED","98.32"
"CANDIDATE COMMITTEE","REINER FOR WYOMING","PBR","CAMPAIGN YARD SIGNS, BUTTONS, PENS, ETC.","5/12/2026","CHEYENNE, WY 82009","FILED","1294.65"
"CANDIDATE COMMITTEE","REINER FOR WYOMING","PBR","PRINTING","5/12/2026","CHEYENNE, WY 82009","FILED","75.6"
"CANDIDATE","RYAN MICHAEL SHOLLENBERGER ","ADVANCING LIBERTY MEDIA","IT SERVICES","5/12/2026","GILBERT, AZ 85296","FILED","250"
"CANDIDATE","SCOTT SMITH JR","ELISHA OESCH PRODUCTIONS","ADVERTISING - DIGITAL","5/12/2026","CASPER, WY ","FILED","5000"
"CANDIDATE","TAFT CARROLL LOVE ","DELUXE CHECK","BANKING ","5/12/2026","CHEYENNE, WY 82009","FILED","36.5"
"CANDIDATE COMMITTEE","WRIGHT4WYOMING","FACEBOOK","ADVERTISING - DIGITAL","5/12/2026","","FILED","500"
"CANDIDATE COMMITTEE","BARLOW FOR WYOMING","AXIOM STRATEGIES","CONSULTING","5/11/2026","KANSAS CITY, MO 64112","FILED","5000"
"CANDIDATE COMMITTEE","BARLOW FOR WYOMING","RADIANT MANUFACTURING","CAMPAIGN YARD SIGNS, BUTTONS, PENS, ETC.","5/11/2026","ROCK SPRINGS, WY 82901","FILED","7433.02"
"CANDIDATE COMMITTEE","BIGELOW FOR HD51","ANEDOT","BANKING ","5/11/2026","DALLAS, TX 75206","FILED","5.6"
"CANDIDATE COMMITTEE","BINGHAM FOR WYOMING","RADIANT MANUFACTURING ","PRINTING","5/11/2026","WY ","FILED","124.23"
"CANDIDATE COMMITTEE","BINGHAM FOR WYOMING","ROCK SPRINGS INTERNATIONAL DAY","FACILITY FEE","5/11/2026"," , WY ","FILED","100"
"CANDIDATE COMMITTEE","BINGHAM FOR WYOMING","SWEETWATER EVENTS COMPLEX","FACILITY FEE","5/11/2026"," , WY ","FILED","200"
"CANDIDATE COMMITTEE","BRENT BIEN FOR GOVERNOR","FACEBOOK","ADVERTISING - DIGITAL","5/11/2026","WY ","FILED","30"
"CANDIDATE COMMITTEE","BRENT BIEN FOR GOVERNOR","MAILCHIMP","ADVERTISING - DIGITAL","5/11/2026","WY ","FILED","25"
"CANDIDATE COMMITTEE","BRENT BIEN FOR GOVERNOR","TETON MEDIA","ADVERTISING - NEWSPAPER","5/11/2026","WY ","FILED","500"
"CANDIDATE COMMITTEE","COMMITTEE TO ELECT BRITNEY TENNANT","WYOPRINT","CAMPAIGN YARD SIGNS, BUTTONS, PENS, ETC.","5/11/2026","CHEYENNE, WY 82001","FILED","410.4"
"CANDIDATE COMMITTEE","COMMITTEE TO ELECT ELISSA CAMPBELL","CWFR","CAMPAIGN YARD SIGNS, BUTTONS, PENS, ETC.","5/11/2026","CASPER, WY 82601","FILED","30"
"CANDIDATE COMMITTEE","COMMITTEE TO ELECT ELISSA CAMPBELL","USPS","POSTAGE","5/11/2026","CASPER, WY 82602","FILED","196"
"CANDIDATE COMMITTEE","COMMITTEE TO ELECT JD WILLIAMS ","ELECTION HIVE","CONSULTING","5/11/2026","SALT LAKE CITY, UT 84101","FILED","1500"
"CANDIDATE COMMITTEE","COMMITTEE TO ELECT TROY CLAYCOMB","SQUARE SPACE","ADVERTISING - DIGITAL","5/11/2026","NEW YORK, NY 10014","FILED","24.99"
"CANDIDATE COMMITTEE","FRIENDS OF JULIE JARVIS","ADOBE","OFFICE SUPPLIES","5/11/2026","SAN JOSE, CA 95110","FILED","44.38"
"CANDIDATE COMMITTEE","FRIENDS OF MARK GORDON","BULLHORN COMMUNICATIONS","GRAPHICS/WEBSITE FEES","5/11/2026","CARMEL, IN 46032","FILED","39"
"CANDIDATE","JAMES TEMPLE ","GEAR VET","CAMPAIGN YARD SIGNS, BUTTONS, PENS, ETC.","5/11/2026","WY ","FILED","63.98"
"CANDIDATE","KAREN WEBER ","ETSY.COM CELLOS AND MORE","CAMPAIGN YARD SIGNS, BUTTONS, PENS, ETC.","5/11/2026","NY ","FILED","94.2"
"CANDIDATE","KAREN WEBER ","OFFICE DEPOT","CAMPAIGN YARD SIGNS, BUTTONS, PENS, ETC.","5/11/2026","CHEYENNE, WY ","FILED","170.87"
"CANDIDATE","KAREN WEBER ","OFFICE DEPOT","OFFICE SUPPLIES","5/11/2026","CHEYENNE, WY ","FILED","49"
"CANDIDATE COMMITTEE","MEGAN FOR GOVERNOR","ALLIANCE FORGE ELECTION TECHNOLOGY","ADVERTISING - DIGITAL","5/11/2026","SPARKS, NV 89436","FILED","355.57"
"CANDIDATE COMMITTEE","MEGAN FOR GOVERNOR","ALLIANCE FORGE ELECTION TECHNOLOGY","ADVERTISING - DIGITAL","5/11/2026","SPARKS, NV 89436","FILED","220.57"
"CANDIDATE COMMITTEE","MEGAN FOR GOVERNOR","ALLIANCE FORGE ELECTION TECHNOLOGY","ADVERTISING - DIGITAL","5/11/2026","SPARKS, NV 89436","FILED","137.13"
"CANDIDATE COMMITTEE","MEGAN FOR GOVERNOR","ALLIANCE FORGE ELECTION TECHNOLOGY","ADVERTISING - DIGITAL","5/11/2026","SPARKS, NV 89436","FILED","11.13"
"CANDIDATE COMMITTEE","MEGAN FOR GOVERNOR","ALLIANCE FORGE ELECTION TECHNOLOGY","ADVERTISING - DIGITAL","5/11/2026","SPARKS, NV 89436","FILED","11.8"
"CANDIDATE COMMITTEE","MEGAN FOR GOVERNOR","FOXHOLE STRATEGIES (BATTLEFIELD LLC)","CONSULTING","5/11/2026","DURHAM, CT 06422","FILED","20130.94"
"CANDIDATE COMMITTEE","MEGAN FOR GOVERNOR","META PLATFORMS (FACEBOOK)","ADVERTISING - DIGITAL","5/11/2026","MENLO PARK, CA 94025","FILED","450"
"CANDIDATE COMMITTEE","MEGAN FOR GOVERNOR","WINRED TECHNICAL SERVICES","BANKING ","5/11/2026","CHEYENNE, WY 82001","FILED","33.49"
"CANDIDATE COMMITTEE","SHORT FOR STATE","COWBOY STATE DAILY","ADVERTISING - DIGITAL","5/11/2026","WY ","FILED","4000"
"CANDIDATE COMMITTEE","SHORT FOR STATE","TCL/YFJ","FACILITY FEE","5/11/2026","WY ","FILED","50"
"CANDIDATE COMMITTEE","THE FRIENDS TO ELECT MARK JONES","WORDPRESS.COM","GRAPHICS/WEBSITE FEES","5/11/2026","SAN FRANCISCO, CA 94110","FILED","287"
"CANDIDATE COMMITTEE","THE FRIENDS TO ELECT MARK JONES","WORDPRESS.COM","GRAPHICS/WEBSITE FEES","5/11/2026","SAN FRANCISCO, CA 94110","FILED","35"
"CANDIDATE COMMITTEE","VOTE BOLLER HD52 ","SIR SPEEDY","CAMPAIGN YARD SIGNS, BUTTONS, PENS, ETC.","5/11/2026","GILLETTE, WY 82716","FILED","784.22"
"CANDIDATE COMMITTEE","WILLIAMS 4 WYOMING","RMC","GRAPHICS/WEBSITE FEES","5/11/2026","LAS VEGAS, NV 89117","FILED","5000"
"CANDIDATE COMMITTEE","WILLIAMS 4 WYOMING","WALSH SIGNS","CAMPAIGN YARD SIGNS, BUTTONS, PENS, ETC.","5/11/2026","POWELL, WY 82435","FILED","374.4"
"CANDIDATE COMMITTEE","WILLOX FOR WYOMING","DOUGLAS ACE HARDWARE","CAMPAIGN YARD SIGNS, BUTTONS, PENS, ETC.","5/11/2026","DOUGLAS, WY 82633","FILED","42.73"
"CANDIDATE COMMITTEE","WILLOX FOR WYOMING","USPS","POSTAGE","5/11/2026","DOUGLAS, WY 82633","FILED","452.85"
"CANDIDATE","CALE CASE ","WYOMING SECRETARY OF STATE","OTHER: FILING FEE","5/10/2026","CHEYENNE, WY ","FILED","100"
"CANDIDATE COMMITTEE","COMMITTEE TO ELECT TOM KELLY","SUPER CHEAP SIGNS","CAMPAIGN YARD SIGNS, BUTTONS, PENS, ETC.","5/10/2026"," , TX ","FILED","1835.26"
"CANDIDATE","SCOTT SMITH JR","REPUBLICANSIGNS.COM","CAMPAIGN YARD SIGNS, BUTTONS, PENS, ETC.","5/10/2026","WY ","FILED","7780"
"CANDIDATE COMMITTEE","SHORT FOR STATE","SAM'S CLUB FUEL","TRAVEL (HOTEL, GAS, ETC.)","5/10/2026","WY ","FILED","49.23"
"CANDIDATE COMMITTEE","BRENNAN FOR SENATE","WIX.COM","GRAPHICS/WEBSITE FEES","5/9/2026","","PUBLISHED","31.25"
"CANDIDATE COMMITTEE","REINER FOR WYOMING","LARAMIE COUNTY CLERK","ADMINISTRATIVE COSTS","5/9/2026","CHEYENNE, WY 82009","FILED","92.3"
"CANDIDATE COMMITTEE","REINER FOR WYOMING","LOWES","CAMPAIGN YARD SIGNS, BUTTONS, PENS, ETC.","5/9/2026","CHEYENNE, WY 82009","FILED","45.23"
"CANDIDATE COMMITTEE","TONY NIEMIEC FOR WYOMING","STAPLES","OFFICE SUPPLIES","5/9/2026","ROCK SPRINGS, WY 82901","FILED","145.69"
"CANDIDATE COMMITTEE","BRENT BIEN FOR GOVERNOR","COWBOY STATE DAILY","ADVERTISING - DIGITAL","5/8/2026","WY ","FILED","3520"
"CANDIDATE COMMITTEE","BRENT BIEN FOR GOVERNOR","SVI MEDIA","ADVERTISING - NEWSPAPER","5/8/2026","WY ","FILED","335"
"CANDIDATE COMMITTEE","BUTCHER FOR WYOMING","MAVERIK","TRAVEL (HOTEL, GAS, ETC.)","5/8/2026","WY ","FILED","14.37"
"CANDIDATE COMMITTEE","BUTCHER FOR WYOMING","MAVERIK","TRAVEL (HOTEL, GAS, ETC.)","5/8/2026","WY ","FILED","48.82"
"CANDIDATE COMMITTEE","BUTCHER FOR WYOMING","MILLERS TRAVEL CENTER","TRAVEL (HOTEL, GAS, ETC.)","5/8/2026","WY ","FILED","76.91"
"CANDIDATE COMMITTEE","COMMITTEE TO ELECT JESSICA CROWDER","PBR PRINTING","PRINTING","5/8/2026","CHEYENNE, WY 82009","FILED","159.93"
"CANDIDATE COMMITTEE","DAVID HILL FOR HOUSE DISTRICT 50","WALMART","OFFICE SUPPLIES","5/8/2026","WY ","FILED","15.58"
"CANDIDATE COMMITTEE","IDE FOR SENATE","RED MOUNTAIN DIRECT LLC","ADVERTISING - MISC.","5/8/2026","CASPER, WY 82601","FILED","7647.36"
"CANDIDATE COMMITTEE","MARK JENNINGS FOR HOUSE DISTRICT 30","307 PRINT","ADVERTISING - DIGITAL","5/8/2026","GRANBURY, TX 76049","FILED","1000"
"CANDIDATE COMMITTEE","MARK JENNINGS FOR HOUSE DISTRICT 30","USPS","POSTAGE","5/8/2026","SHERIDAN, WY 82801","FILED","200"
"CANDIDATE COMMITTEE","MARK JENNINGS FOR HOUSE DISTRICT 30","USPS","POSTAGE","5/8/2026","SHERIDAN, WY 82801","FILED","370"
"CANDIDATE COMMITTEE","MARK JENNINGS FOR HOUSE DISTRICT 30","USPS","POSTAGE","5/8/2026","SHERIDAN, WY 82801","FILED","370"
"CANDIDATE COMMITTEE","MEGAN FOR GOVERNOR","META PLATFORMS (FACEBOOK)","ADVERTISING - DIGITAL","5/8/2026","MENLO PARK, CA 94025","FILED","75"
"CANDIDATE COMMITTEE","MEGAN FOR GOVERNOR","THE METROPOLITAN DOWNTOWN","FACILITY FEE","5/8/2026","CHEYENNE, WY 82001","FILED","2099.73"
"CANDIDATE COMMITTEE","MEGAN FOR GOVERNOR","WINRED TECHNICAL SERVICES","BANKING ","5/8/2026","CHEYENNE, WY 82001","FILED","374.62"
"CANDIDATE","PAUL L WING ","SQUARE","ADMINISTRATIVE COSTS","5/8/2026","OAKLAND, CA 94612","FILED","0.18"
"CANDIDATE COMMITTEE","REINER FOR WYOMING","PBR","CAMPAIGN YARD SIGNS, BUTTONS, PENS, ETC.","5/8/2026","CHEYENNE, WY 82009","FILED","315"
"CANDIDATE COMMITTEE","SERVER FOR WY","CANVA","CAMPAIGN YARD SIGNS, BUTTONS, PENS, ETC.","5/8/2026","WY ","FILED","27.4"
"CANDIDATE COMMITTEE","SHORT FOR STATE","BIG D","TRAVEL (HOTEL, GAS, ETC.)","5/8/2026","WY ","FILED","66.7"
"CANDIDATE COMMITTEE","SHORT FOR STATE","CHUGWATER FUEL","TRAVEL (HOTEL, GAS, ETC.)","5/8/2026","WY ","FILED","21.19"
"CANDIDATE COMMITTEE","SHORT FOR STATE","LAMAR","ADVERTISING - MISC.","5/8/2026","WY ","FILED","52000"
"CANDIDATE COMMITTEE","VOTE BOLLER HD52 ","SIR SPEEDY","CAMPAIGN YARD SIGNS, BUTTONS, PENS, ETC.","5/8/2026","GILLETTE, WY 82716","FILED","382.36"
"CANDIDATE COMMITTEE","BIGELOW FOR HD51","MAILCHIMP","IT SERVICES","5/7/2026","ATLANTA, GA 30308","FILED","20"
"CANDIDATE","BILL JAMES ALLEMAND ","LAMAR","ADVERTISING - DIGITAL","5/7/2026","CASPER, WY 82601","FILED","5004"
"CANDIDATE COMMITTEE","BINGHAM FOR WYOMING","HILTON HOTELS ","TRAVEL (HOTEL, GAS, ETC.)","5/7/2026","WY ","FILED","198.23"
"CANDIDATE COMMITTEE","BUTCHER FOR WYOMING","FLYING J","TRAVEL (HOTEL, GAS, ETC.)","5/7/2026","WY ","FILED","17.41"
"CANDIDATE COMMITTEE","BUTCHER FOR WYOMING","JAVA MOON","FOOD AND BEVERAGES","5/7/2026","WY ","FILED","12.52"
"CANDIDATE COMMITTEE","COMMITTEE TO ELECT GARY BROWN ","HOBBY LOBBY","CAMPAIGN YARD SIGNS, BUTTONS, PENS, ETC.","5/7/2026","WY ","FILED","54.34"
"CANDIDATE COMMITTEE","COMMITTEE TO ELECT GARY BROWN ","LOWES","CAMPAIGN YARD SIGNS, BUTTONS, PENS, ETC.","5/7/2026","WY ","FILED","214.81"
"CANDIDATE COMMITTEE","COSTELLO FOR CASPER","ELECTION HIVE","CONSULTING","5/7/2026","WY ","FILED","1500"
"CANDIDATE COMMITTEE","ERICKSON FOR HD 37","USPS","POSTAGE","5/7/2026","WY ","FILED","15.6"
"CANDIDATE","EXIE R BROWN JR","LOWES","CAMPAIGN YARD SIGNS, BUTTONS, PENS, ETC.","5/7/2026","CHEYENNE, WY 82009","FILED","25.11"
"CANDIDATE COMMITTEE","MARK JENNINGS FOR HOUSE DISTRICT 30","AMAZON","PRINTING","5/7/2026","SEATTLE, WA 98109","FILED","345.88"
"CANDIDATE COMMITTEE","MEGAN FOR GOVERNOR","ALLIANCE FORGE ELECTION TECHNOLOGY","ADVERTISING - DIGITAL","5/7/2026","SPARKS, NV 89436","FILED","76.9"
"CANDIDATE COMMITTEE","MEGAN FOR GOVERNOR","ALLIANCE FORGE ELECTION TECHNOLOGY","ADVERTISING - DIGITAL","5/7/2026","SPARKS, NV 89436","FILED","137.13"
"CANDIDATE COMMITTEE","MEGAN FOR GOVERNOR","ALLIANCE FORGE ELECTION TECHNOLOGY","ADVERTISING - DIGITAL","5/7/2026","SPARKS, NV 89436","FILED","33.32"
"CANDIDATE COMMITTEE","MEGAN FOR GOVERNOR","ALLIANCE FORGE ELECTION TECHNOLOGY","ADVERTISING - DIGITAL","5/7/2026","SPARKS, NV 89436","FILED","82.95"
"CANDIDATE COMMITTEE","MEGAN FOR GOVERNOR","ALLIANCE FORGE ELECTION TECHNOLOGY","ADVERTISING - DIGITAL","5/7/2026","SPARKS, NV 89436","FILED","65.8"
"CANDIDATE COMMITTEE","MEGAN FOR GOVERNOR","BW CREATIVE AGENCY, LLC","ADVERTISING - MISC.","5/7/2026","PHOENIX, AZ 85023","FILED","4000"
"CANDIDATE COMMITTEE","MEGAN FOR GOVERNOR","META PLATFORMS (FACEBOOK)","ADVERTISING - DIGITAL","5/7/2026","MENLO PARK, CA 94025","FILED","75"
"CANDIDATE COMMITTEE","MEGAN FOR GOVERNOR","META PLATFORMS (FACEBOOK)","ADVERTISING - DIGITAL","5/7/2026","MENLO PARK, CA 94025","FILED","75"
"CANDIDATE COMMITTEE","MEGAN FOR GOVERNOR","RED CURVE SOLUTIONS","CONSULTING","5/7/2026","BEVERLY, MA 01915","FILED","40.47"
"CANDIDATE COMMITTEE","MEGAN FOR GOVERNOR","WINRED TECHNICAL SERVICES","BANKING ","5/7/2026","CHEYENNE, WY 82001","FILED","98.5"
"CANDIDATE","NEIL JESKE ","UPSLOPE MEDIA","ADVERTISING - NEWSPAPER","5/7/2026","CASPER, WY ","FILED","400"
"CANDIDATE","NEIL JESKE ","VISTAPRINT.COM","CAMPAIGN YARD SIGNS, BUTTONS, PENS, ETC.","5/7/2026","WY ","FILED","609.49"
"CANDIDATE","PAUL V HOEFT ","SIGNS ON THE CHEAP","CAMPAIGN YARD SIGNS, BUTTONS, PENS, ETC.","5/7/2026","AUSTIN, TX 78758","FILED","122"
"CANDIDATE COMMITTEE","REINER FOR WYOMING","SAMS","TRAVEL (HOTEL, GAS, ETC.)","5/7/2026","CHEYENNE, WY 82009","FILED","67"
"CANDIDATE","RYAN MICHAEL SHOLLENBERGER ","MICHELLE LARSEN PHOTOGRAPHY","OTHER: PHOTOGRAPHY TIP","5/7/2026","CHEYENNE, WY 82009","FILED","60"
"CANDIDATE COMMITTEE","SERVER FOR WY","OFFICE DEPOT","CAMPAIGN YARD SIGNS, BUTTONS, PENS, ETC.","5/7/2026","WY ","FILED","126.4"
"CANDIDATE COMMITTEE","SHORT FOR STATE","OT CHEAP","CAMPAIGN YARD SIGNS, BUTTONS, PENS, ETC.","5/7/2026","WY ","FILED","2133.81"
"CANDIDATE COMMITTEE","SYMONS FOR SHERIDAN","MYCA FOR SHERIDAN","CANDIDATE/COMMITTEE CONTRIBUTION","5/7/2026","SHERIDAN, WY 82801","FILED","1500"
"CANDIDATE COMMITTEE","ALLEN HOGG FOR WYOMING","AMAZON","CAMPAIGN YARD SIGNS, BUTTONS, PENS, ETC.","5/6/2026","WY ","FILED","176.79"
"CANDIDATE COMMITTEE","ALLEN HOGG FOR WYOMING","HILTON GARDEN INN","TRAVEL (HOTEL, GAS, ETC.)","5/6/2026","CASPER, WY 82601","FILED","160.18"
"CANDIDATE COMMITTEE","ALLEN HOGG FOR WYOMING","UPS STORE","CAMPAIGN YARD SIGNS, BUTTONS, PENS, ETC.","5/6/2026","CODY, WY 82414","FILED","334.88"
"CANDIDATE COMMITTEE","BEN HORNOK FOR WYOMING","PATRIOT MOBILE","PHONE","5/6/2026","GRAPEVINE, TX 76051","FILED","30.18"
"CANDIDATE COMMITTEE","BRENT BIEN FOR GOVERNOR","LEGEEND COMMUNICATIONS","ADVERTISING - MISC.","5/6/2026","WY ","FILED","250"
"CANDIDATE COMMITTEE","COMMITTEE TO ELECT DWAYNE DILLINGER","SIR SPEEDY","CAMPAIGN YARD SIGNS, BUTTONS, PENS, ETC.","5/6/2026","WY ","FILED","6645.41"
"CANDIDATE","DARIN M MCCANN ","SWEETWATER COUNTY CLERK","ADMINISTRATIVE COSTS","5/6/2026","ROCK SPRINGS, WY 82901","FILED","36.55"
"CANDIDATE COMMITTEE","DAVID HILL FOR HOUSE DISTRICT 50","FLAGS BY THE DOZEN","ADVERTISING - MISC.","5/6/2026","","FILED","152.28"
"CANDIDATE COMMITTEE","IDE FOR SENATE","CONSTANT CONTACT","ADVERTISING - DIGITAL","5/6/2026","CASPER, WY 82601","FILED","162"
"CANDIDATE","JOHN F WETZEL ","SIGNS ON THE CHEAP","CAMPAIGN YARD SIGNS, BUTTONS, PENS, ETC.","5/6/2026","AUSTIN, TX 78758","FILED","1404.25"
"CANDIDATE COMMITTEE","MEGAN FOR GOVERNOR","CONSTANT CONTACT","ADVERTISING - MISC.","5/6/2026","WALTHAM, MA 02451","FILED","210"
"CANDIDATE COMMITTEE","MEGAN FOR GOVERNOR","META PLATFORMS (FACEBOOK)","ADVERTISING - DIGITAL","5/6/2026","MENLO PARK, CA 94025","FILED","150"
"CANDIDATE COMMITTEE","MEGAN FOR GOVERNOR","VISTAPRINT","PRINTING","5/6/2026","LEXINGTON, MA 02421","FILED","62.98"
"CANDIDATE COMMITTEE","MEGAN FOR GOVERNOR","WAL-MART","OFFICE SUPPLIES","5/6/2026","BENTONVILLE, AR 72712","FILED","59.7"
"CANDIDATE COMMITTEE","MEGAN FOR GOVERNOR","WINRED TECHNICAL SERVICES","BANKING ","5/6/2026","CHEYENNE, WY 82001","FILED","79.79"
"CANDIDATE","NEIL JESKE ","SCOTT EHRISMAN","GRAPHICS/WEBSITE FEES","5/6/2026","SIOUX FALLS, SD ","FILED","100"
"CANDIDATE","NEIL JESKE ","SIGNSONTHECHEAP.COM","CAMPAIGN YARD SIGNS, BUTTONS, PENS, ETC.","5/6/2026","WY ","FILED","89.67"
"CANDIDATE","PEPPER L OTTMAN ","USPS","OFFICE SUPPLIES","5/6/2026","RIVERTON, WY 82501","FILED","78"
"CANDIDATE COMMITTEE","REINER FOR WYOMING","ELECTION HIVE","CONSULTING","5/6/2026","UT ","FILED","1500"
"CANDIDATE COMMITTEE","REINER FOR WYOMING","OFFICE DEPOT","OFFICE SUPPLIES","5/6/2026","CHEYENNE, WY 82009","FILED","40.1"
"CANDIDATE COMMITTEE","SHORT FOR STATE","LOAF N JUG","TRAVEL (HOTEL, GAS, ETC.)","5/6/2026","WY ","FILED","57.84"
"CANDIDATE COMMITTEE","ALLEN HOGG FOR WYOMING","AMAZON","CAMPAIGN YARD SIGNS, BUTTONS, PENS, ETC.","5/5/2026"," , WY ","FILED","16.59"
"CANDIDATE COMMITTEE","ALLEN HOGG FOR WYOMING","MAVERIK","OTHER: FUEL","5/5/2026","THERMOPOLIS, WY 82443","FILED","80.54"
"CANDIDATE COMMITTEE","ALLEN HOGG FOR WYOMING","VISTAPRINT","CAMPAIGN YARD SIGNS, BUTTONS, PENS, ETC.","5/5/2026","WY ","FILED","517.4"
"CANDIDATE COMMITTEE","BINGHAM FOR WYOMING","WINRED TECHNICAL SERVICES LLC","BANKING ","5/5/2026","","FILED","0.99"
"CANDIDATE COMMITTEE","BRENT BIEN FOR GOVERNOR","GREEN RIVER RECREATION","FACILITY FEE","5/5/2026","WY ","FILED","40"
"CANDIDATE COMMITTEE","CHAD AUER FOR WYOMING","USPS","POSTAGE","5/5/2026","CHEYENNE, WY ","FILED","188"
"CANDIDATE COMMITTEE","COMMITTEE TO ELECT BRITNEY TENNANT","CHEYENNE PRIDE","FACILITY FEE","5/5/2026","CHEYENNE, WY 82001","FILED","75"
"CANDIDATE COMMITTEE","CONNOLLY FOR STATE HOUSE","ANB","BANKING ","5/5/2026","BUFFALO, WY 82834","FILED","26.54"
"CANDIDATE COMMITTEE","FRIENDS OF JULIE JARVIS","FLYWHEEL","GRAPHICS/WEBSITE FEES","5/5/2026","OMAHA, NE 68102","FILED","15"
"CANDIDATE COMMITTEE","FRIENDS OF JULIE JARVIS","GOOGLE GSUITE","GRAPHICS/WEBSITE FEES","5/5/2026","MOUNTAIN VIEW, CA 94043","FILED","26.4"
"CANDIDATE","MARLENE BRADY ","VISTA PRINT","PRINTING","5/5/2026","WALTHAM, MA 02451","FILED","508.79"
"CANDIDATE COMMITTEE","MEGAN FOR GOVERNOR","CODY YOUTH FOR JUSTICE","OTHER: EVENT TICKETS","5/5/2026","CODY, WY 82414","FILED","50"
"CANDIDATE COMMITTEE","MEGAN FOR GOVERNOR","META PLATFORMS (FACEBOOK)","ADVERTISING - DIGITAL","5/5/2026","MENLO PARK, CA 94025","FILED","75"
"CANDIDATE COMMITTEE","MEGAN FOR GOVERNOR","WINRED TECHNICAL SERVICES","BANKING ","5/5/2026","CHEYENNE, WY 82001","FILED","1.97"
"CANDIDATE COMMITTEE","REINER FOR WYOMING","YARD SIGN PLUS","CAMPAIGN YARD SIGNS, BUTTONS, PENS, ETC.","5/5/2026","TX ","FILED","42.2"
"CANDIDATE COMMITTEE","SHORT FOR STATE","4 ALL PROMOS","ADVERTISING - MISC.","5/5/2026","WY ","FILED","1604.23"
"CANDIDATE COMMITTEE","SHORT FOR STATE","LOAF N JUG","TRAVEL (HOTEL, GAS, ETC.)","5/5/2026","WY ","FILED","41.39"
"CANDIDATE COMMITTEE","SHORT FOR STATE","PURE BUTTONS","CAMPAIGN YARD SIGNS, BUTTONS, PENS, ETC.","5/5/2026","WY ","FILED","100.06"
"CANDIDATE COMMITTEE","SHORT FOR STATE","STICKER MULE","ADVERTISING - MISC.","5/5/2026","WY ","FILED","285"
"CANDIDATE COMMITTEE","WILLOX FOR WYOMING","CONVERSE COUNTY BANK","ADMINISTRATIVE COSTS","5/5/2026","DOUGLAS, WY 82633","FILED","3"
"CANDIDATE COMMITTEE","ALLEN HOGG FOR WYOMING","BIGHORN FEDERAL","OFFICE SUPPLIES","5/4/2026","CODY, WY 82141","FILED","2"
"CANDIDATE","ANDREW BYRON ","VISTAPRINT","PRINTING","5/4/2026","LEXINGTON, MA 02421","FILED","75.95"
"CANDIDATE COMMITTEE","BIGELOW FOR HD51","ALPHAGRAPHICS","CAMPAIGN YARD SIGNS, BUTTONS, PENS, ETC.","5/4/2026","SHERIDAN, WY 82801","FILED","871.89"
"CANDIDATE COMMITTEE","BIGELOW FOR HD51","ANEDOT","BANKING ","5/4/2026","DALLAS, TX 75206","FILED","18.9"
"CANDIDATE COMMITTEE","BRENT BIEN FOR GOVERNOR","GILLETTE NEWS RECORD","ADVERTISING - NEWSPAPER","5/4/2026","WY ","FILED","332.4"
"CANDIDATE COMMITTEE","BRENT BIEN FOR GOVERNOR","MAILCHIMP","ADVERTISING - DIGITAL","5/4/2026","WY ","FILED","33"
"CANDIDATE COMMITTEE","BRENT BIEN FOR GOVERNOR","VISTAPRINT","CAMPAIGN YARD SIGNS, BUTTONS, PENS, ETC.","5/4/2026","WY ","FILED","308.13"
"CANDIDATE COMMITTEE","BUTCHER FOR WYOMING","SMASHBALLOON.COM","GRAPHICS/WEBSITE FEES","5/4/2026","","FILED","49"
"CANDIDATE COMMITTEE","COMMITTEE TO ELECT DWAYNE DILLINGER","PRIORITY PROPERTY MANAGEMENT","RENT","5/4/2026","WY ","FILED","500"
"CANDIDATE COMMITTEE","COMMITTEE TO ELECT JD WILLIAMS ","APPLE.COM","ADMINISTRATIVE COSTS","5/4/2026","CUPERTINO, CA 95014","FILED","12.71"
"CANDIDATE COMMITTEE","ERICKSON FOR HD 37","SHRINE CLUB","FACILITY FEE","5/4/2026","CASPER, WY 82604","FILED","325"
"CANDIDATE COMMITTEE","FRIENDS OF MARK GORDON","DROPBOX.COM","ADMINISTRATIVE COSTS","5/4/2026","SAN FRANSISCO, CA 94107","FILED","119.88"
"CANDIDATE COMMITTEE","KEVIN HELLING FOR WYOMING","WIX.COM","GRAPHICS/WEBSITE FEES","5/4/2026","SAN FRANCISCO, CA 94158","FILED","36"
"CANDIDATE COMMITTEE","MEGAN FOR GOVERNOR","GUSTO","TAXES","5/4/2026","SAN FRANCISCO, CA 94107","FILED","58.44"
"CANDIDATE COMMITTEE","MEGAN FOR GOVERNOR","META PLATFORMS (FACEBOOK)","ADVERTISING - DIGITAL","5/4/2026","MENLO PARK, CA 94025","FILED","300"
"CANDIDATE COMMITTEE","MEGAN FOR GOVERNOR","WINRED TECHNICAL SERVICES","BANKING ","5/4/2026","CHEYENNE, WY 82001","FILED","19.7"
"CANDIDATE","NEIL JESKE ","ACE HARDWARE","OTHER: CAMPAIGN SUPPLIES","5/4/2026","CASPER, WY 82604","FILED","14.83"
"CANDIDATE","NEIL JESKE ","HOME DEPOT","OTHER: CAMPAIGN SUPPLIES","5/4/2026","CASPER, WY 82609","FILED","33.79"
"CANDIDATE","NEIL JESKE ","SIGNSONTHECHEAP.COM","CAMPAIGN YARD SIGNS, BUTTONS, PENS, ETC.","5/4/2026","WY ","FILED","108.44"
"CANDIDATE","NEIL JESKE ","SUPERCHEAPSIGNS.COM","CAMPAIGN YARD SIGNS, BUTTONS, PENS, ETC.","5/4/2026","WY ","FILED","149.58"
"CANDIDATE COMMITTEE","REINER FOR WYOMING","LOWES","CAMPAIGN YARD SIGNS, BUTTONS, PENS, ETC.","5/4/2026","CHEYENNE, WY 82009","FILED","104.79"
"CANDIDATE COMMITTEE","REINER FOR WYOMING","OFFICE DEPOT","ADMINISTRATIVE COSTS","5/4/2026","CHEYENNE, WY 82009","FILED","207.47"
"CANDIDATE COMMITTEE","REINER FOR WYOMING","YARD SIGN PLUS","CAMPAIGN YARD SIGNS, BUTTONS, PENS, ETC.","5/4/2026"," , TX ","FILED","1110.8"
"CANDIDATE COMMITTEE","SHORT FOR STATE","GASAMAT","TRAVEL (HOTEL, GAS, ETC.)","5/4/2026","WY ","FILED","38.41"
"CANDIDATE COMMITTEE","STACY JONES FOR SENATE DISTRICT 13","WAL MART","CAMPAIGN YARD SIGNS, BUTTONS, PENS, ETC.","5/4/2026","ROCK SPRINGS, WY 82901","FILED","32.8"
"CANDIDATE COMMITTEE","STACY JONES FOR SENATE DISTRICT 13","WAL MART","CAMPAIGN YARD SIGNS, BUTTONS, PENS, ETC.","5/4/2026","ROCK SPRINGS, WY 82901","FILED","77.2"
"CANDIDATE COMMITTEE","WILLIAMS 4 WYOMING","RMC","CONSULTING","5/4/2026","LAS VEGAS, WY 89117","FILED","150"
"CANDIDATE COMMITTEE","BINGHAM FOR WYOMING","AMAZON ","CAMPAIGN YARD SIGNS, BUTTONS, PENS, ETC.","5/3/2026","","FILED","148.39"
"CANDIDATE COMMITTEE","BINGHAM FOR WYOMING","WINRED TECHNICAL SERVICES LLC","BANKING ","5/3/2026","","FILED","41.02"
"CANDIDATE COMMITTEE","COMMITTEE TO ELECT KRISTI RACINES","GATEWAY TRAVEL CENTER","TRAVEL (HOTEL, GAS, ETC.)","5/3/2026","WY ","FILED","39.75"
"CANDIDATE COMMITTEE","ERICKSON FOR HD 37","BREVO","IT SERVICES","5/3/2026","WY ","FILED","97"
"CANDIDATE","MARLENE BRADY ","AMAZON","OFFICE SUPPLIES","5/3/2026","GREEN RIVER, WY 82935","FILED","57.22"
"CANDIDATE","MARLENE BRADY ","AMAZON","OFFICE SUPPLIES","5/3/2026","GREEN RIVER, WY 82935","FILED","74.08"
"CANDIDATE COMMITTEE","ROTHFUSS FOR SENATE","ACTBLUE","ADMINISTRATIVE COSTS","5/3/2026","BOSTON, MA 02196","FILED","0.4"
"CANDIDATE","SCOTT HEINER ","AMAZON","CAMPAIGN YARD SIGNS, BUTTONS, PENS, ETC.","5/3/2026","SEATTLE, WA 98109","FILED","51.87"
"CANDIDATE COMMITTEE","SHORT FOR STATE","SAM'S CLUB FUEL","TRAVEL (HOTEL, GAS, ETC.)","5/3/2026","WY ","FILED","20.59"
"CANDIDATE","DARIN M MCCANN ","CG","GRAPHICS/WEBSITE FEES","5/2/2026","ROCK SPRINGS, WY 82901","FILED","300"
"CANDIDATE COMMITTEE","REINER FOR WYOMING","SAM'S CLUB","TRAVEL (HOTEL, GAS, ETC.)","5/2/2026","CHEYENNE, WY 82009","FILED","48.28"
"CANDIDATE COMMITTEE","SERVER FOR WY","CANVA","CAMPAIGN YARD SIGNS, BUTTONS, PENS, ETC.","5/2/2026","WY ","FILED","102.06"
"CANDIDATE COMMITTEE","TONY NIEMIEC FOR WYOMING","META","ADVERTISING - DIGITAL","5/2/2026","WY ","FILED","75"
"CANDIDATE COMMITTEE","WILLIAMS 4 WYOMING","RMC","CAMPAIGN YARD SIGNS, BUTTONS, PENS, ETC.","5/2/2026","LAS VEGAS, NV 89117","FILED","625"
"CANDIDATE COMMITTEE","BARLOW FOR WYOMING","GNARLY RAM LLC","CONSULTING","5/1/2026","SHERIDAN, WY 82801","FILED","2500"
"CANDIDATE COMMITTEE","BARLOW FOR WYOMING","GOOGLE","IT SERVICES","5/1/2026","MOUNTAIN VIEW, CA 94043","FILED","250.81"
"CANDIDATE COMMITTEE","BARLOW FOR WYOMING","HIGH PLAINS CONSULTANTS","CONSULTING","5/1/2026","CARPENTER, WY 82054","FILED","2793.75"
"CANDIDATE COMMITTEE","BARLOW FOR WYOMING","LILY CRAGO","CONSULTING","5/1/2026","LARAMIE, WY 82070","FILED","398.02"
"CANDIDATE COMMITTEE","BARLOW FOR WYOMING","TAILORED CFO SOLUTIONS LLC","CONSULTING","5/1/2026","GREEN RIVER, WY 82935","FILED","6550"
"CANDIDATE COMMITTEE","BEN HORNOK FOR WYOMING","AMERICAN POSTAL SERVICE","OTHER: MAILBOX","5/1/2026","CHEYENNE, WY 82007","FILED","17"
"CANDIDATE COMMITTEE","BRENNAN FOR SENATE","WIX.COM","ADMINISTRATIVE COSTS","5/1/2026","","PUBLISHED","42.95"
"CANDIDATE COMMITTEE","BRENT BIEN FOR GOVERNOR","STICKER MULE","CAMPAIGN YARD SIGNS, BUTTONS, PENS, ETC.","5/1/2026","WY ","FILED","121.9"
"CANDIDATE COMMITTEE","BRENT BIEN FOR GOVERNOR","STICKER MULE","CAMPAIGN YARD SIGNS, BUTTONS, PENS, ETC.","5/1/2026","WY ","FILED","153.17"
"CANDIDATE COMMITTEE","BRENT BIEN FOR GOVERNOR","STICKER MULE","CAMPAIGN YARD SIGNS, BUTTONS, PENS, ETC.","5/1/2026","WY ","FILED","242.03"
"CANDIDATE COMMITTEE","BRENT BIEN FOR GOVERNOR","STICKER MULE","CAMPAIGN YARD SIGNS, BUTTONS, PENS, ETC.","5/1/2026","WY ","FILED","255.2"
"CANDIDATE COMMITTEE","BRENT BIEN FOR GOVERNOR","VISTAPRINT","CAMPAIGN YARD SIGNS, BUTTONS, PENS, ETC.","5/1/2026","WY ","FILED","245.89"
"CANDIDATE COMMITTEE","BRENT BIEN FOR GOVERNOR","VISTAPRINT","CAMPAIGN YARD SIGNS, BUTTONS, PENS, ETC.","5/1/2026","WY ","FILED","376.41"
"CANDIDATE COMMITTEE","BRENT BIEN FOR GOVERNOR","VISTAPRINT","CAMPAIGN YARD SIGNS, BUTTONS, PENS, ETC.","5/1/2026","WY ","FILED","410.23"
"CANDIDATE COMMITTEE","COMMITTEE TO ELECT BRITNEY TENNANT","COURTNEY TITUS","GRAPHICS/WEBSITE FEES","5/1/2026","LARAMIE, WY 82070","FILED","2000"
"CANDIDATE COMMITTEE","COMMITTEE TO ELECT GARY BROWN ","SUPER CHEAP SIGNS","CAMPAIGN YARD SIGNS, BUTTONS, PENS, ETC.","5/1/2026","WY ","FILED","229.15"
"CANDIDATE COMMITTEE","COMMITTEE TO ELECT JD WILLIAMS ","AMBI","PRINTING","5/1/2026","CASPER, WY 82602","FILED","2549.27"
"CANDIDATE COMMITTEE","COMMITTEE TO ELECT KRISTI RACINES","CITY OF CHEYENNE","OTHER: SUPERDAY SPONSORSHIP","5/1/2026","WY ","FILED","1000"
"CANDIDATE COMMITTEE","COMMITTEE TO ELECT KRISTI RACINES","GOOGLE","GRAPHICS/WEBSITE FEES","5/1/2026","","FILED","8.4"
"CANDIDATE COMMITTEE","COMMITTEE TO ELECT LAURIE BRATTEN","307 PRINT","ADVERTISING - MISC.","5/1/2026","SHERIDAN, WY 82801","FILED","1908"
"CANDIDATE COMMITTEE","COMMITTEE TO ELECT OGDEN DRISKILL","BRADFORD EXCHANGE","ADMINISTRATIVE COSTS","5/1/2026","MILES, IL 60714","FILED","14.94"
"CANDIDATE COMMITTEE","COMMITTEE TO ELECT OGDEN DRISKILL","OFFICE DEPOT","CAMPAIGN YARD SIGNS, BUTTONS, PENS, ETC.","5/1/2026","GILLETTE, WY 82718","FILED","119.05"
"CANDIDATE COMMITTEE","FORNSTROM FOR HD10","MAJORITY STRATEGIES","ADVERTISING - MISC.","5/1/2026","DALLAS, TX 75267","FILED","2460.92"
"CANDIDATE COMMITTEE","FRIENDS OF MARK GORDON","GOOGLE APPS","GRAPHICS/WEBSITE FEES","5/1/2026","MOUNTAIN VIEW, CA 94043","FILED","58.8"
"CANDIDATE COMMITTEE","IDE FOR SENATE","LAMAR COMPANIES","ADVERTISING - MISC.","5/1/2026","CASPER, WY 82601","FILED","1550"
"CANDIDATE","JAMES TEMPLE ","VISTA PRINT","CAMPAIGN YARD SIGNS, BUTTONS, PENS, ETC.","5/1/2026","WY ","FILED","548"
"CANDIDATE COMMITTEE","KEVIN HELLING FOR WYOMING","GOOGLE WORKSPACE","IT SERVICES","5/1/2026","MOUNTAIN VIEW, CA 94043","FILED","19.8"
"CANDIDATE COMMITTEE","MEGAN FOR GOVERNOR","GOOGLE WORKSPACE","ADVERTISING - DIGITAL","5/1/2026","MOUNTAIN VIEW, CA 94043","FILED","135.36"
"CANDIDATE COMMITTEE","MEGAN FOR GOVERNOR","META PLATFORMS (FACEBOOK)","ADVERTISING - DIGITAL","5/1/2026","MENLO PARK, CA 94025","FILED","75"
"CANDIDATE COMMITTEE","MEGAN FOR GOVERNOR","VISTAPRINT","PRINTING","5/1/2026","LEXINGTON, MA 02421","FILED","103.92"
"CANDIDATE","R. J. KOST ","CROFT MARKETING GROUP LLC","ADVERTISING - DIGITAL","5/1/2026","POWELL, WY 82435","FILED","99"
"CANDIDATE COMMITTEE","RAH FOR HD17","PORKBUN","GRAPHICS/WEBSITE FEES","5/1/2026","SHERWOOD, OR 97140","FILED","17.96"
"CANDIDATE COMMITTEE","RAH FOR HD17","RUN! WEBSITE BUILDER","GRAPHICS/WEBSITE FEES","5/1/2026","MIDDLETOWN, DE 19709","FILED","50"
"CANDIDATE COMMITTEE","RAH FOR HD17","USPS","OTHER: MAILBOX","5/1/2026","ROCK SPRINGS, WY 82901","FILED","188"
"CANDIDATE COMMITTEE","REINER FOR WYOMING","AFPF WYOMING","TRAINING MATERIALS","5/1/2026","CHEYENNE, WY 82009","FILED","40"
"CANDIDATE COMMITTEE","REINER FOR WYOMING","GOOGLE WORKSPACE","IT SERVICES","5/1/2026","MOUNTAIN VIEW, CA 94035","FILED","14.08"
"CANDIDATE COMMITTEE","SCHRIFTMAN FOR STATE HOUSE","POSTMASTER","POSTAGE","5/1/2026","WY ","FILED","343.2"
"CANDIDATE COMMITTEE","SHORT FOR STATE","SAM'S CLUB FUEL","TRAVEL (HOTEL, GAS, ETC.)","5/1/2026","WY ","FILED","39.68"
"CANDIDATE COMMITTEE","STACY JONES FOR SENATE DISTRICT 13","STACY JONES","ADVERTISING - MISC.","5/1/2026","WY ","FILED","175"
"CANDIDATE COMMITTEE","VOTE BOLLER HD52 ","CAMPBELL COUNTY CLERK","TRAINING MATERIALS","5/1/2026","GILLETTE, WY 82716","FILED","25"
"CANDIDATE COMMITTEE","WILLOX FOR WYOMING","DOUGLAS SIGN COMPANY","ADVERTISING - MISC.","5/1/2026","DOUGLAS, WY 82633","FILED","58.8"
"CANDIDATE COMMITTEE","WRIGHT4WYOMING","FACEBOOK","ADVERTISING - DIGITAL","5/1/2026","","FILED","250"
"CANDIDATE COMMITTEE","ALLEN HOGG FOR WYOMING","BIGHORN FEDERAL","OFFICE SUPPLIES","4/30/2026","CODY, WY 82414","FILED","3"
"CANDIDATE","ANTHONY L ALLEN JR","AMBI","ADVERTISING - MISC.","4/30/2026","CASPER, WY 82601","FILED","450.36"
"CANDIDATE COMMITTEE","BARLOW FOR WYOMING","FACEBOOK","ADVERTISING - DIGITAL","4/30/2026","MENLO PARK, CA 94025","FILED","136.49"
"CANDIDATE COMMITTEE","BARLOW FOR WYOMING","WINRED","BANKING ","4/30/2026","ALEXANDRIA, VA 22314","FILED","1920.7"
"CANDIDATE COMMITTEE","BEN HORNOK FOR WYOMING","JONAH BANK","BANKING ","4/30/2026","CHEYENNE, WY 82001","FILED","4.29"
"CANDIDATE COMMITTEE","BIGELOW FOR HD51","HOME DEPOT","CAMPAIGN YARD SIGNS, BUTTONS, PENS, ETC.","4/30/2026","SHERIDAN, WY 82801","FILED","22.16"
"CANDIDATE COMMITTEE","BINGHAM FOR WYOMING","WINRED TECHNICAL SERVICES LLC","BANKING ","4/30/2026","","FILED","20.51"
"CANDIDATE COMMITTEE","BINGHAM FOR WYOMING","WIX","GRAPHICS/WEBSITE FEES","4/30/2026","","FILED","16.8"
"CANDIDATE COMMITTEE","BITEMAN FOR WYOMING","ADOBE","ADMINISTRATIVE COSTS","4/30/2026","WY ","FILED","31.79"
"CANDIDATE COMMITTEE","BRENT BIEN FOR GOVERNOR","COWBOY STATE DAILY","ADVERTISING - DIGITAL","4/30/2026","WY ","FILED","3520"
"CANDIDATE COMMITTEE","COMMITTEE TO ELECT MIKE YIN","ACTBLUE TECHNICAL SERVICES","BANKING ","4/30/2026","SOMERVILLE, MA 02144","FILED","158.6"
"CANDIDATE COMMITTEE","COMMITTEE TO ELECT TOM KELLY","SHERIDAN COUNTY FEDERAL CREDIT UNION","BANKING ","4/30/2026","WY ","FILED","10"
"CANDIDATE COMMITTEE","CONNOLLY FOR STATE HOUSE","ANB","BANKING ","4/30/2026","BUFFALO, WY 82834","FILED","5"
"CANDIDATE COMMITTEE","COSTELLO FOR CASPER","GODADDY","GRAPHICS/WEBSITE FEES","4/30/2026","WY ","FILED","83.88"
"CANDIDATE COMMITTEE","CRAGO FOR WYOMING","BUFFALO BULLETIN","ADVERTISING - NEWSPAPER","4/30/2026","BUFFALO, WY 82834","FILED","405"
"CANDIDATE COMMITTEE","DEGENFELDER FOR WYOMING","JONAH BANK","BANKING ","4/30/2026","WY ","FILED","3.17"
"CANDIDATE COMMITTEE","KELLER FOR WYO","GOOGLE.COM","ADVERTISING - DIGITAL","4/30/2026","WY ","FILED","8.4"
"CANDIDATE COMMITTEE","MEGAN FOR GOVERNOR","META PLATFORMS (FACEBOOK)","ADVERTISING - DIGITAL","4/30/2026","MENLO PARK, CA 94025","FILED","150"
"CANDIDATE COMMITTEE","MEGAN FOR GOVERNOR","WINRED TECHNICAL SERVICES","BANKING ","4/30/2026","CHEYENNE, WY 82001","FILED","98.5"
"CANDIDATE COMMITTEE","SHORT FOR STATE","DOUGLAS BUDGET","ADVERTISING - DIGITAL","4/30/2026","WY ","FILED","13080"
"CANDIDATE COMMITTEE","SHORT FOR STATE","GASAMAT","TRAVEL (HOTEL, GAS, ETC.)","4/30/2026","WY ","FILED","53.73"
"CANDIDATE COMMITTEE","SHORT FOR STATE","THE METROPOLITAN DOWNTOWN","FOOD AND BEVERAGES","4/30/2026","WY ","FILED","46"
"CANDIDATE COMMITTEE","VOTE BOLLER HD52 ","FIRST NORTHERN BANK","BANKING ","4/30/2026","GILLETTE, WY 82716","FILED","5"
"CANDIDATE COMMITTEE","WILLIAMS 4 WYOMING","RMC","CONSULTING","4/30/2026","LAS VEGAS, NV 89117","FILED","2500"
"CANDIDATE COMMITTEE","WRIGHT4WYOMING","NEXT DAY FLYERS","ADVERTISING - MISC.","4/30/2026","","FILED","309.36"
"CANDIDATE COMMITTEE","WRIGHT4WYOMING","USPS","POSTAGE","4/30/2026","","FILED","156"
"CANDIDATE COMMITTEE","WRIGHT4WYOMING","YARD SIGNS PLUS","CAMPAIGN YARD SIGNS, BUTTONS, PENS, ETC.","4/30/2026","","FILED","1153"
"CANDIDATE COMMITTEE","BARLOW FOR WYOMING","BACKSTAGE SCREEN PRINTING","CAMPAIGN YARD SIGNS, BUTTONS, PENS, ETC.","4/29/2026","ROCK SPRINGS, WY 82901","FILED","1951.67"
"CANDIDATE COMMITTEE","BIGELOW FOR HD51","FIRST INTERSTATE BANK","BANKING ","4/29/2026","SHERIDAN, WY 82801","FILED","2"
"CANDIDATE COMMITTEE","BIGELOW FOR HD51","KILPATRICK CREATIONS","CAMPAIGN YARD SIGNS, BUTTONS, PENS, ETC.","4/29/2026","SHERIDAN, WY 82801","FILED","210.68"
"CANDIDATE COMMITTEE","BRENT BIEN FOR GOVERNOR","COWBOY STATE DAILY","ADVERTISING - MISC.","4/29/2026","JACKSON, WY 83002","FILED","3520"
"CANDIDATE COMMITTEE","COMMITTEE TO ELECT BRITNEY TENNANT","PAYPAL","BANKING ","4/29/2026","SAN JOSE, CA 95131","FILED","1"
"CANDIDATE COMMITTEE","COMMITTEE TO ELECT CURT MEIER","WYOMING REPUBLICAN PARTY","FACILITY FEE","4/29/2026","BIG HORN, WY 82833","FILED","600"
"CANDIDATE COMMITTEE","COMMITTEE TO ELECT GARY BROWN ","HOME DEPOT","CAMPAIGN YARD SIGNS, BUTTONS, PENS, ETC.","4/29/2026","WY ","FILED","17.79"
"CANDIDATE COMMITTEE","COMMITTEE TO ELECT GARY BROWN ","OFFICE DEPOT","OFFICE SUPPLIES","4/29/2026","WY ","FILED","15.1"
"CANDIDATE COMMITTEE","COMMITTEE TO ELECT GARY BROWN ","SUPER CHEAP SIGNS","CAMPAIGN YARD SIGNS, BUTTONS, PENS, ETC.","4/29/2026","WY ","FILED","229.15"
"CANDIDATE COMMITTEE","COMMITTEE TO ELECT JD WILLIAMS ","UBER","TRAVEL (HOTEL, GAS, ETC.)","4/29/2026","SAN FRANSISCO, CA 94158","FILED","40.93"
"CANDIDATE COMMITTEE","COMMITTEE TO ELECT KEN CLOUSTON","COMMITTEE TO ELECT TROY CLAYCOMB","CANDIDATE/COMMITTEE CONTRIBUTION","4/29/2026","UPTON, WY 82730","FILED","1000"
"CANDIDATE COMMITTEE","COMMITTEE TO ELECT KRISTI RACINES","PBR PRINTING","PRINTING","4/29/2026","WY ","FILED","152.95"
"CANDIDATE COMMITTEE","COMMITTEE TO ELECT KRISTI RACINES","WIX PAYMENTS","BANKING ","4/29/2026","","FILED","1.03"
"CANDIDATE COMMITTEE","COMMITTEE TO ELECT OGDEN DRISKILL","DOLLAR GENERAL","FOOD AND BEVERAGES","4/29/2026","SUNDANCE, WY 82729","FILED","123.64"
"CANDIDATE","JOHN F WETZEL ","US POST OFFICE","POSTAGE","4/29/2026","POWELL, WY 82435","FILED","207.4"
"CANDIDATE COMMITTEE","MEGAN FOR GOVERNOR","FEDEX","POSTAGE","4/29/2026","MEMPHIS, TN 38120","FILED","12.75"
"CANDIDATE COMMITTEE","MEGAN FOR GOVERNOR","GUSTO","TAXES","4/29/2026","SAN FRANCISCO, CA 94107","FILED","274.81"
"CANDIDATE COMMITTEE","MEGAN FOR GOVERNOR","HANNAH HARRINGTON","PAYROLL","4/29/2026","CHEYNNE, WY 82009","FILED","1095.2"
"CANDIDATE COMMITTEE","MEGAN FOR GOVERNOR","META PLATFORMS (FACEBOOK)","ADVERTISING - DIGITAL","4/29/2026","MENLO PARK, CA 94025","FILED","75"
"CANDIDATE COMMITTEE","MEGAN FOR GOVERNOR","THE UPS STORE","POSTAGE","4/29/2026","SAN DIEGO, CA 92121","FILED","44.52"
"CANDIDATE COMMITTEE","MEGAN FOR GOVERNOR","Y.LO EPICURE CATERING","FOOD AND BEVERAGES","4/29/2026","DENVER, CO 80223","FILED","815.84"
"CANDIDATE","NEIL JESKE ","GODADDY.COM","CAMPAIGN YARD SIGNS, BUTTONS, PENS, ETC.","4/29/2026","WY ","FILED","21.99"
"CANDIDATE","PAUL V HOEFT ","RS WAREHOUSE","OFFICE SUPPLIES","4/29/2026","WATERLOO, NE 68069","FILED","49.84"
"CANDIDATE COMMITTEE","SERVER FOR WY","CANVA","GRAPHICS/WEBSITE FEES","4/29/2026"," , WY ","FILED","19"
"CANDIDATE COMMITTEE","SHORT FOR STATE","LAMAR","ADVERTISING - MISC.","4/29/2026","LA ","FILED","7292.4"
"CANDIDATE COMMITTEE","TONY NIEMIEC FOR WYOMING","SQUARE SPACE","GRAPHICS/WEBSITE FEES","4/29/2026","NEW YORK, NY 10014","FILED","192"
"CANDIDATE COMMITTEE","WRIGHT4WYOMING","ELECTION HIVE","CONSULTING","4/29/2026","","FILED","1717.97"
"CANDIDATE COMMITTEE","BIGELOW FOR HD51","ALPHAGRAPHICS","CAMPAIGN YARD SIGNS, BUTTONS, PENS, ETC.","4/28/2026","SHERIDAN, WY 82801","FILED","655.14"
"CANDIDATE COMMITTEE","COMMITTEE TO ELECT JD WILLIAMS ","SQUARESPACE","GRAPHICS/WEBSITE FEES","4/28/2026","NEW YORK, NY 10014","FILED","276"
"CANDIDATE COMMITTEE","COSTELLO FOR CASPER","AFPF WYOMING","TRAINING MATERIALS","4/28/2026","WY ","FILED","20"
"CANDIDATE","EXIE R BROWN JR","CITY OF CHEYENNE","FACILITY FEE","4/28/2026","CHEYENNE, WY 82001","FILED","154.23"
"CANDIDATE COMMITTEE","IDE FOR SENATE","STEVE GAINER","ADMINISTRATIVE COSTS","4/28/2026","CASPER, WY 82601","FILED","2000"
"CANDIDATE","JOHN F WETZEL ","WHITE INK","PRINTING","4/28/2026","POWELL, WY 82435","FILED","130.23"
"CANDIDATE COMMITTEE","JRFORHOUSE59","LAMAR","ADVERTISING - MISC.","4/28/2026","CASPER, WY 82604","FILED","6175"
"CANDIDATE","KAREN WEBER ","STAPLES","PRINTING","4/28/2026","SCOTTSBLUFF, NE 69361","FILED","59.91"
"CANDIDATE COMMITTEE","KEVIN HELLING FOR WYOMING","VISTAPRINT","CAMPAIGN YARD SIGNS, BUTTONS, PENS, ETC.","4/28/2026","WALTHAM, MA 02451","FILED","898.3"
"CANDIDATE COMMITTEE","MEGAN FOR GOVERNOR","META PLATFORMS (FACEBOOK)","ADVERTISING - DIGITAL","4/28/2026","MENLO PARK, CA 94025","FILED","150"
"CANDIDATE COMMITTEE","MEGAN FOR GOVERNOR","WINRED TECHNICAL SERVICES","BANKING ","4/28/2026","CHEYENNE, WY 82001","FILED","197"
"CANDIDATE","PAUL V HOEFT ","PRINT PLACE","CAMPAIGN YARD SIGNS, BUTTONS, PENS, ETC.","4/28/2026","ARLINGTON, TX 76011","FILED","68.74"
"CANDIDATE","PAUL V HOEFT ","SIGNS ON THE CHEAP","CAMPAIGN YARD SIGNS, BUTTONS, PENS, ETC.","4/28/2026","AUSTIN, TX 78758","FILED","955"
"CANDIDATE COMMITTEE","REINER FOR WYOMING","PBR","CAMPAIGN YARD SIGNS, BUTTONS, PENS, ETC.","4/28/2026","CHEYENNE, WY 82001","FILED","259.88"
"CANDIDATE COMMITTEE","SCHRIFTMAN FOR STATE HOUSE","POSTMASTER","POSTAGE","4/28/2026","WY ","FILED","781.95"
"CANDIDATE COMMITTEE","SCHRIFTMAN FOR STATE HOUSE","VISTA PRINT","PRINTING","4/28/2026","MA ","FILED","185.48"
"CANDIDATE COMMITTEE","ALLEN HOGG FOR WYOMING","WEA MARKET","TRAVEL (HOTEL, GAS, ETC.)","4/27/2026","MEETEETSE, WY 82433","FILED","63.54"
"CANDIDATE COMMITTEE","BRENT BIEN FOR GOVERNOR","FACEBOOK","ADVERTISING - DIGITAL","4/27/2026","WY ","FILED","14.48"
"CANDIDATE COMMITTEE","COMMITTEE TO ELECT BRITNEY TENNANT","ELIZABETH DILLOW","ADMINISTRATIVE COSTS","4/27/2026","CHEYENNE, WY 82001","FILED","444.9"
"CANDIDATE COMMITTEE","COMMITTEE TO ELECT BRITNEY TENNANT","ELIZABETH DILLOW","CONSULTING","4/27/2026","CHEYENNE, WY 82001","FILED","1680"
"CANDIDATE COMMITTEE","COMMITTEE TO ELECT JD WILLIAMS ","UBER","TRAVEL (HOTEL, GAS, ETC.)","4/27/2026","SAN FRANSISCO, CA 94158","FILED","13"
"CANDIDATE COMMITTEE","COMMITTEE TO ELECT JD WILLIAMS ","UBER","TRAVEL (HOTEL, GAS, ETC.)","4/27/2026","SAN FRANSISCO, CA 94158","FILED","49.95"
"CANDIDATE COMMITTEE","COMMITTEE TO ELECT KEN PENDERGRAFT","IONOS","GRAPHICS/WEBSITE FEES","4/27/2026","WY ","FILED","4"
"CANDIDATE COMMITTEE","COMMITTEE TO ELECT KRISTI RACINES","EXPEDIA","TRAVEL (HOTEL, GAS, ETC.)","4/27/2026","","FILED","183.85"
"CANDIDATE COMMITTEE","COMMITTEE TO ELECT KRISTI RACINES","EXPEDIA","TRAVEL (HOTEL, GAS, ETC.)","4/27/2026","","FILED","104.28"
"CANDIDATE COMMITTEE","COMMITTEE TO ELECT KRISTI RACINES","WIX PAYMENTS","BANKING ","4/27/2026","","FILED","7.55"
"CANDIDATE COMMITTEE","COSTELLO FOR CASPER","GODADDY","GRAPHICS/WEBSITE FEES","4/27/2026","AZ ","FILED","38.26"
"CANDIDATE COMMITTEE","GERINGER FOR WYOMING","TUMBLEWEED","TRAVEL (HOTEL, GAS, ETC.)","4/27/2026","WY ","FILED","43.59"
"CANDIDATE COMMITTEE","GERINGER FOR WYOMING","WOLF HOTEL","FOOD AND BEVERAGES","4/27/2026","WY ","FILED","62.36"
"CANDIDATE","KAREN WEBER ","STAPLES","CAMPAIGN YARD SIGNS, BUTTONS, PENS, ETC.","4/27/2026","SCOTTSBLUFF, WY 69361","FILED","25.66"
"CANDIDATE","KAREN WEBER ","VIERO WIRELESS","PHONE","4/27/2026","SCOTTSBLUFF, NE 69361","FILED","27.24"
"CANDIDATE","KAREN WEBER ","WALMART","PHONE","4/27/2026","SCOTTSBLUFF, NE 69361","FILED","45.99"
"CANDIDATE COMMITTEE","KEVIN HELLING FOR WYOMING","UNITED STATES POSTAL SERVICE","POSTAGE","4/27/2026","CASPER, WY 82605","FILED","78"
"CANDIDATE","LLOYD CHARLES LARSEN ","NS GROUP","CONSULTING","4/27/2026","MERIDIAN, ID 83646","FILED","500"
"CANDIDATE COMMITTEE","MEGAN FOR GOVERNOR","META PLATFORMS (FACEBOOK)","ADVERTISING - DIGITAL","4/27/2026","MENLO PARK, CA 94025","FILED","600"
"CANDIDATE COMMITTEE","MEGAN FOR GOVERNOR","SUPER 8 MOTELS","TRAVEL (HOTEL, GAS, ETC.)","4/27/2026","DOUGLAS, WY 82633","FILED","966.72"
"CANDIDATE COMMITTEE","SERVER FOR WY","CANVA","ADMINISTRATIVE COSTS","4/27/2026","WY ","FILED","20"
"CANDIDATE COMMITTEE","SHORT FOR STATE","SAM'S CLUB FUEL","TRAVEL (HOTEL, GAS, ETC.)","4/27/2026","WY ","FILED","35.03"
"CANDIDATE COMMITTEE","STACY JONES FOR SENATE DISTRICT 13","SMITHS","FOOD AND BEVERAGES","4/27/2026","ROCK SPRINGS, WY 82901","FILED","19.52"
"CANDIDATE COMMITTEE","STACY JONES FOR SENATE DISTRICT 13","SMITHS FUEL","TRAVEL (HOTEL, GAS, ETC.)","4/27/2026","ROCK SPRINGS, WY 82901","FILED","54.46"
"CANDIDATE COMMITTEE","STORER FOR STATE HOUSE","SNOWDAY AGENCY","GRAPHICS/WEBSITE FEES","4/27/2026","JACKSON, WY 83002","FILED","1200"
"CANDIDATE COMMITTEE","ERICKSON FOR HD 37","AMBI","CAMPAIGN YARD SIGNS, BUTTONS, PENS, ETC.","4/26/2026","WY ","FILED","238.5"
"CANDIDATE","NEIL JESKE ","SIGNSONTHECHEAP.COM","CAMPAIGN YARD SIGNS, BUTTONS, PENS, ETC.","4/26/2026","WY ","FILED","35.45"
"CANDIDATE","BILL JAMES ALLEMAND ","LIBERTY CONCIERGE SERVICES","CONSULTING","4/25/2026","CASPER, WY 82601","FILED","380"
"CANDIDATE COMMITTEE","BRENT BIEN FOR GOVERNOR","SLEEP INN","TRAVEL (HOTEL, GAS, ETC.)","4/25/2026","WY ","FILED","281.89"
"CANDIDATE COMMITTEE","BUTCHER FOR WYOMING","NATION BUILDER","ADMINISTRATIVE COSTS","4/25/2026","","FILED","179"
"CANDIDATE COMMITTEE","COMMITTEE TO ELECT KRISTI RACINES","STINKER STORES","TRAVEL (HOTEL, GAS, ETC.)","4/25/2026","WY ","FILED","45.5"
"CANDIDATE","EXIE R BROWN JR","DLS","CAMPAIGN YARD SIGNS, BUTTONS, PENS, ETC.","4/25/2026","CHEYENNE, WY 82009","FILED","417"
"CANDIDATE","EXIE R BROWN JR","DLS","PRINTING","4/25/2026","CHEYENNE, WY 82009","FILED","116.68"
"CANDIDATE","EXIE R BROWN JR","VISTA PRINT","PRINTING","4/25/2026","WALTHAM, MA 02451","FILED","27.28"
"CANDIDATE COMMITTEE","COMMITTEE TO ELECT KEN PENDERGRAFT","IONOS","GRAPHICS/WEBSITE FEES","4/24/2026","WY ","FILED","2.5"
"CANDIDATE COMMITTEE","COMMITTEE TO ELECT KRISTI RACINES","CRUMBL","FOOD AND BEVERAGES","4/24/2026","WY ","FILED","96.98"
"CANDIDATE COMMITTEE","COMMITTEE TO ELECT KRISTI RACINES","WIX PAYMENTS","BANKING ","4/24/2026","","FILED","9.55"
"CANDIDATE COMMITTEE","MEGAN FOR GOVERNOR","META PLATFORMS (FACEBOOK)","ADVERTISING - DIGITAL","4/24/2026","MENLO PARK, CA 94025","FILED","225"
"CANDIDATE COMMITTEE","MEGAN FOR GOVERNOR","THE UPS STORE","POSTAGE","4/24/2026","SAN DIEGO, CA 92121","FILED","79.5"
"CANDIDATE COMMITTEE","SHORT FOR STATE","CBH COOP","TRAVEL (HOTEL, GAS, ETC.)","4/24/2026","WY ","FILED","60.02"
"CANDIDATE COMMITTEE","SHORT FOR STATE","WYOMING GOP","CANDIDATE/COMMITTEE CONTRIBUTION","4/24/2026","WY ","FILED","300"
"CANDIDATE COMMITTEE","SYMONS FOR SHERIDAN","BITEMAN FOR CONGRESS","CANDIDATE/COMMITTEE CONTRIBUTION","4/24/2026","SHERIDAN, WY 82801","FILED","500"
"CANDIDATE COMMITTEE","BRENT BIEN FOR GOVERNOR","AQUECS, INC","ADVERTISING - MISC.","4/23/2026","WY ","FILED","5468.83"
"CANDIDATE COMMITTEE","COMMITTEE TO ELECT GARY BROWN ","HARBOR FREIGHT ","CAMPAIGN YARD SIGNS, BUTTONS, PENS, ETC.","4/23/2026","CHEYENNE, WY 82009","FILED","7.72"
"CANDIDATE COMMITTEE","FRIENDS OF JULIE JARVIS","USPS","POSTAGE","4/23/2026","CASPER, WY 82602","FILED","4992"
"CANDIDATE COMMITTEE","MEGAN FOR GOVERNOR","META PLATFORMS (FACEBOOK)","ADVERTISING - DIGITAL","4/23/2026","MENLO PARK, CA 94025","FILED","159.34"
"CANDIDATE COMMITTEE","MEGAN FOR GOVERNOR","WAL-MART","OFFICE SUPPLIES","4/23/2026","BENTONVILLE, AR 72712","FILED","152.96"
"CANDIDATE COMMITTEE","MEGAN FOR GOVERNOR","WINRED TECHNICAL SERVICES","BANKING ","4/23/2026","CHEYENNE, WY 82001","FILED","19.7"
"CANDIDATE COMMITTEE","WRIGHT4WYOMING","USPS","POSTAGE","4/23/2026","","FILED","43.8"
"CANDIDATE COMMITTEE","ALLEN HOGG FOR WYOMING","SUPER CHEAP SIGNS","ADVERTISING - MISC.","4/22/2026","CEDAR PARK, TX 78613","FILED","4719.57"
"CANDIDATE COMMITTEE","BARLOW FOR WYOMING","CHECKED IN MEDIA LLC","ADVERTISING - DIGITAL","4/22/2026","CASPER, WY 82601","FILED","1100"
"CANDIDATE COMMITTEE","BARLOW FOR WYOMING","OFFICE DEPOT","PRINTING","4/22/2026","CHEYENNE, WY 82009","FILED","14.7"
"CANDIDATE COMMITTEE","BRENT BIEN FOR GOVERNOR","FACEBOOK","ADVERTISING - DIGITAL","4/22/2026","WY ","FILED","7.5"
"CANDIDATE COMMITTEE","BRENT BIEN FOR GOVERNOR","FACEBOOK","ADVERTISING - DIGITAL","4/22/2026","WY ","FILED","15"
"CANDIDATE COMMITTEE","BRENT BIEN FOR GOVERNOR","FACEBOOK","ADVERTISING - DIGITAL","4/22/2026","WY ","FILED","3.8"
"CANDIDATE COMMITTEE","BRENT BIEN FOR GOVERNOR","FACEBOOK","ADVERTISING - DIGITAL","4/22/2026","WY ","FILED","3.75"
"CANDIDATE COMMITTEE","FRIENDS OF JULIE JARVIS","STAPLES","OFFICE SUPPLIES","4/22/2026","CASPER, WY 82609","FILED","1490.04"
"CANDIDATE COMMITTEE","KEVIN HELLING FOR WYOMING","VERIZON WIRELESS","PHONE","4/22/2026","DALLAS, TX 75266","FILED","15.56"
"CANDIDATE","MATT MCGINNIS ","SIGNS ON THE CHEAP","CAMPAIGN YARD SIGNS, BUTTONS, PENS, ETC.","4/22/2026","WY ","FILED","513.07"
"CANDIDATE","MATTHEW LEGLER ","SKYE FINE ART PHOTOGRAPHICS","GRAPHICS/WEBSITE FEES","4/22/2026","WY ","FILED","100"
"CANDIDATE COMMITTEE","MEGAN FOR GOVERNOR","ALLIANCE FORGE ELECTION TECHNOLOGY","ADVERTISING - DIGITAL","4/22/2026","SPARKS, NV 89436","FILED","124.32"
"CANDIDATE COMMITTEE","MEGAN FOR GOVERNOR","CHARLOTTE JONES","CONSULTING","4/22/2026","LARAMIE, WY 82070","FILED","693.09"
"CANDIDATE COMMITTEE","MEGAN FOR GOVERNOR","META PLATFORMS (FACEBOOK)","ADVERTISING - DIGITAL","4/22/2026","MENLO PARK, CA 94025","FILED","150"
"CANDIDATE COMMITTEE","MEGAN FOR GOVERNOR","RED CURVE SOLUTIONS","CONSULTING","4/22/2026","BEVERLY, MA 01915","FILED","4000"
"CANDIDATE COMMITTEE","MEGAN FOR GOVERNOR","WINRED TECHNICAL SERVICES","BANKING ","4/22/2026","CHEYENNE, WY 82001","FILED","0.39"
"CANDIDATE COMMITTEE","MEGAN FOR GOVERNOR","WYOMING REPUBLICAN PARTY","OTHER: EVENT TICKETS","4/22/2026","CHEYENNE, WA 82003","FILED","180"
"CANDIDATE","PAUL V HOEFT ","POWELL TRIBUNE","ADVERTISING - NEWSPAPER","4/22/2026","POWELL, WY 82435","FILED","45"
"CANDIDATE COMMITTEE","WRIGHT4WYOMING","USPS","POSTAGE","4/22/2026","","FILED","31.35"
"CANDIDATE COMMITTEE","ALLEN HOGG FOR WYOMING","VISTA PRINT","CAMPAIGN YARD SIGNS, BUTTONS, PENS, ETC.","4/21/2026","MEETEETSE, WY 82433","FILED","155.99"
"CANDIDATE COMMITTEE","BIGELOW FOR HD51","HOME DEPOT","CAMPAIGN YARD SIGNS, BUTTONS, PENS, ETC.","4/21/2026","SHERIDAN, WY 82801","FILED","87.63"
"CANDIDATE COMMITTEE","BRENT BIEN FOR GOVERNOR","X CORP","ADVERTISING - DIGITAL","4/21/2026","WY ","FILED","5.66"
"CANDIDATE COMMITTEE","BUTCHER FOR WYOMING","SHERIDAN WYO RODEO PARADE","ADVERTISING - MISC.","4/21/2026","","FILED","181"
"CANDIDATE COMMITTEE","COALITION TO ELECT JOHN BEAR","ZOOM.COM","IT SERVICES","4/21/2026","","FILED","178.4"
"CANDIDATE COMMITTEE","COMMITTEE TO ELECT GARY BROWN ","HOBBY LOBBY","CAMPAIGN YARD SIGNS, BUTTONS, PENS, ETC.","4/21/2026","CHEYENNE, WY 82009","FILED","81.15"
"CANDIDATE COMMITTEE","COMMITTEE TO ELECT GARY BROWN ","LOWES","CAMPAIGN YARD SIGNS, BUTTONS, PENS, ETC.","4/21/2026","CHEYENNE, WY 82009","FILED","28.8"
"CANDIDATE COMMITTEE","COMMITTEE TO ELECT KEN PENDERGRAFT","IONOS","GRAPHICS/WEBSITE FEES","4/21/2026","WY ","FILED","60"
"CANDIDATE COMMITTEE","COMMITTEE TO ELECT KRISTI RACINES","WYOMING REPUBLICAN PARTY","FACILITY FEE","4/21/2026","WY ","FILED","700"
"CANDIDATE","DARIN M MCCANN ","SWEETWATER EVENTS COMPLEX","FACILITY FEE","4/21/2026","ROCK SPRINGS, WY 82901","FILED","200"
"CANDIDATE COMMITTEE","FRIENDS OF JULIE JARVIS","STAPLES","OFFICE SUPPLIES","4/21/2026","CASPER, WY 82609","FILED","164.66"
"CANDIDATE","JOE WEBB ","GODADDY","GRAPHICS/WEBSITE FEES","4/21/2026","TEMPE, AZ 85284","FILED","38.18"
"CANDIDATE COMMITTEE","MEGAN FOR GOVERNOR","FEDEX","POSTAGE","4/21/2026","MEMPHIS, TN 38120","FILED","12.75"
"CANDIDATE COMMITTEE","MEGAN FOR GOVERNOR","META PLATFORMS (FACEBOOK)","ADVERTISING - DIGITAL","4/21/2026","MENLO PARK, CA 94025","FILED","150"
"CANDIDATE COMMITTEE","MEGAN FOR GOVERNOR","WINRED TECHNICAL SERVICES","BANKING ","4/21/2026","CHEYENNE, WY 82001","FILED","98.5"
"CANDIDATE","NEIL JESKE ","BAR-D SIGNS","CAMPAIGN YARD SIGNS, BUTTONS, PENS, ETC.","4/21/2026","CASPER, WY 82609","FILED","829.77"
"CANDIDATE","NEIL JESKE ","SIGNSONTHECHEAP.COM","CAMPAIGN YARD SIGNS, BUTTONS, PENS, ETC.","4/21/2026","WY ","FILED","895.59"
"CANDIDATE","NEIL JESKE ","VISTAPRINT.COM","CAMPAIGN YARD SIGNS, BUTTONS, PENS, ETC.","4/21/2026","WY ","FILED","33.1"
"CANDIDATE COMMITTEE","SHORT FOR STATE","SAM'S CLUB FUEL","TRAVEL (HOTEL, GAS, ETC.)","4/21/2026","WY ","FILED","46.83"
"CANDIDATE COMMITTEE","VOTE BOLLER HD52 ","SIR SPEEDY","GRAPHICS/WEBSITE FEES","4/21/2026","GILLETTE, WY 82716","FILED","182.83"
"CANDIDATE COMMITTEE","WILLIAMS 4 WYOMING","RMC","GRAPHICS/WEBSITE FEES","4/21/2026","LAS VEGAS, NV 89117","FILED","300"
"CANDIDATE COMMITTEE","BIGELOW FOR HD51","ANEDOT","BANKING ","4/20/2026","DALLAS, TX 75206","FILED","6.6"
"CANDIDATE COMMITTEE","BRENT BIEN FOR GOVERNOR","FACEBOOK","ADVERTISING - DIGITAL","4/20/2026","WY ","FILED","30"
"CANDIDATE COMMITTEE","BRENT BIEN FOR GOVERNOR","POWELL TRIBUNE","ADVERTISING - NEWSPAPER","4/20/2026","WY ","FILED","257.5"
"CANDIDATE COMMITTEE","BRENT BIEN FOR GOVERNOR","STICKER MULE","CAMPAIGN YARD SIGNS, BUTTONS, PENS, ETC.","4/20/2026","WY ","FILED","120.75"
"CANDIDATE COMMITTEE","BRENT BIEN FOR GOVERNOR","STICKER MULE","CAMPAIGN YARD SIGNS, BUTTONS, PENS, ETC.","4/20/2026","WY ","FILED","131.38"
"CANDIDATE COMMITTEE","BRENT BIEN FOR GOVERNOR","STICKER MULE","CAMPAIGN YARD SIGNS, BUTTONS, PENS, ETC.","4/20/2026","WY ","FILED","158.47"
"CANDIDATE COMMITTEE","BRENT BIEN FOR GOVERNOR","STICKER MULE","CAMPAIGN YARD SIGNS, BUTTONS, PENS, ETC.","4/20/2026","WY ","FILED","177.32"
"CANDIDATE COMMITTEE","BRENT BIEN FOR GOVERNOR","STICKER MULE","CAMPAIGN YARD SIGNS, BUTTONS, PENS, ETC.","4/20/2026","WY ","FILED","98.8"
"CANDIDATE COMMITTEE","BRENT BIEN FOR GOVERNOR","STICKER MULE","CAMPAIGN YARD SIGNS, BUTTONS, PENS, ETC.","4/20/2026","WY ","FILED","120.75"
"CANDIDATE COMMITTEE","BRENT BIEN FOR GOVERNOR","STICKERMULE","CAMPAIGN YARD SIGNS, BUTTONS, PENS, ETC.","4/20/2026","WY ","FILED","120.75"
"CANDIDATE COMMITTEE","BRENT BIEN FOR GOVERNOR","STICKERMULE","CAMPAIGN YARD SIGNS, BUTTONS, PENS, ETC.","4/20/2026","WY ","FILED","42"
"CANDIDATE COMMITTEE","BRENT BIEN FOR GOVERNOR","STICKERMULE","CAMPAIGN YARD SIGNS, BUTTONS, PENS, ETC.","4/20/2026","WY ","FILED","58.8"
"CANDIDATE COMMITTEE","BRENT BIEN FOR GOVERNOR","SURF WYOMING","CAMPAIGN YARD SIGNS, BUTTONS, PENS, ETC.","4/20/2026","WY ","FILED","255.63"
"CANDIDATE COMMITTEE","BRENT BIEN FOR GOVERNOR","VISTAPRINT","CAMPAIGN YARD SIGNS, BUTTONS, PENS, ETC.","4/20/2026","WY ","FILED","232.94"
"CANDIDATE COMMITTEE","BRENT BIEN FOR GOVERNOR","VISTAPRINT","CAMPAIGN YARD SIGNS, BUTTONS, PENS, ETC.","4/20/2026","WY ","FILED","207.88"
"CANDIDATE COMMITTEE","BRENT BIEN FOR GOVERNOR","VISTAPRINT","CAMPAIGN YARD SIGNS, BUTTONS, PENS, ETC.","4/20/2026","WY ","FILED","222.29"
"CANDIDATE COMMITTEE","BRENT BIEN FOR GOVERNOR","VISTAPRINT","CAMPAIGN YARD SIGNS, BUTTONS, PENS, ETC.","4/20/2026","WY ","FILED","282.43"
"CANDIDATE COMMITTEE","BRENT BIEN FOR GOVERNOR","VISTAPRINT","CAMPAIGN YARD SIGNS, BUTTONS, PENS, ETC.","4/20/2026","WY ","FILED","397.46"
"CANDIDATE COMMITTEE","BRENT BIEN FOR GOVERNOR","VISTAPRINT","CAMPAIGN YARD SIGNS, BUTTONS, PENS, ETC.","4/20/2026","WY ","FILED","508.96"
"CANDIDATE COMMITTEE","COMMITTEE TO ELECT GARY BROWN ","LOWES","CAMPAIGN YARD SIGNS, BUTTONS, PENS, ETC.","4/20/2026","CHEYENNE, WY 82009","FILED","176.84"
"CANDIDATE COMMITTEE","COMMITTEE TO ELECT KRISTI RACINES","WYOMING REPUBLICAN PARTY","OTHER: CONVENTION DINNER TICKET","4/20/2026","WY ","FILED","61.5"
"CANDIDATE COMMITTEE","COMMITTEE TO ELECT ZETA","SUPER CHEAP SIGNS ","CAMPAIGN YARD SIGNS, BUTTONS, PENS, ETC.","4/20/2026","","FILED","1229.67"
"CANDIDATE COMMITTEE","ERICKSON FOR HD 37","WIX","GRAPHICS/WEBSITE FEES","4/20/2026","WY ","FILED","84"
"CANDIDATE","JOHN F WETZEL ","WYOMING SECRETARY OF STATE","ADVERTISING - MISC.","4/20/2026","CHEYENNE, WY 82002","FILED","25"
"CANDIDATE","JUSTIN WILLIAM WINNEY JR","RIGHT STRATEGIES","ADVERTISING - DIGITAL","4/20/2026","ANKENNY, IA 50023","FILED","250"
"CANDIDATE","JUSTIN WILLIAM WINNEY JR","RIGHT STRATEGIES ","ADVERTISING - MISC.","4/20/2026","ANKENNY, IA 50023","FILED","223.75"
"CANDIDATE COMMITTEE","MEGAN FOR GOVERNOR","AMAZON","OFFICE SUPPLIES","4/20/2026","SEATTLE, WA 98109","FILED","29.3"
"CANDIDATE COMMITTEE","MEGAN FOR GOVERNOR","BATTLEFIELD LLC","CONSULTING","4/20/2026","MOUNT VERNON, NY 10550","FILED","15.62"
"CANDIDATE COMMITTEE","MEGAN FOR GOVERNOR","META PLATFORMS (FACEBOOK)","ADVERTISING - DIGITAL","4/20/2026","MENLO PARK, CA 94025","FILED","375"
"CANDIDATE COMMITTEE","MEGAN FOR GOVERNOR","THE UPS STORE","POSTAGE","4/20/2026","SAN DIEGO, CA 92121","FILED","226.84"
"CANDIDATE COMMITTEE","MEGAN FOR GOVERNOR","VISTAPRINT","PRINTING","4/20/2026","LEXINGTON, MA 02421","FILED","301.21"
"CANDIDATE COMMITTEE","MEGAN FOR GOVERNOR","WINRED TECHNICAL SERVICES","BANKING ","4/20/2026","CHEYENNE, WY 82001","FILED","13.2"
"CANDIDATE COMMITTEE","MEGAN FOR GOVERNOR","WRISTBAND BROS","CAMPAIGN YARD SIGNS, BUTTONS, PENS, ETC.","4/20/2026","PAWTUCKET, RI 02860","FILED","512"
"CANDIDATE COMMITTEE","SCHRIFTMAN FOR STATE HOUSE","STAPLES","OFFICE SUPPLIES","4/20/2026","WY ","FILED","112.35"
"CANDIDATE COMMITTEE","SCHRIFTMAN FOR STATE HOUSE","STAPLES","OFFICE SUPPLIES","4/20/2026","WY ","FILED","41.33"
"CANDIDATE COMMITTEE","SCHRIFTMAN FOR STATE HOUSE","STAPLES","PRINTING","4/20/2026","WY ","FILED","4.86"
"CANDIDATE COMMITTEE","SHORT FOR STATE","SOCIETY OF PETROLEUM ENGINEERS CRAWFISH BOIL","FOOD AND BEVERAGES","4/20/2026","WY ","FILED","35"
"CANDIDATE COMMITTEE","WRIGHT4WYOMING","ETSY","CAMPAIGN YARD SIGNS, BUTTONS, PENS, ETC.","4/20/2026","","FILED","18.4"
"CANDIDATE COMMITTEE","COMMITTEE TO ELECT KRISTI RACINES","KING SOOPERS","TRAVEL (HOTEL, GAS, ETC.)","4/19/2026"," , WY ","FILED","56.83"
"CANDIDATE COMMITTEE","ROTHFUSS FOR SENATE","ACTBLUE","ADMINISTRATIVE COSTS","4/19/2026","BOSTON, MA 02196","FILED","9.88"
"CANDIDATE COMMITTEE","SHORT FOR STATE","BIG D","TRAVEL (HOTEL, GAS, ETC.)","4/19/2026","WY ","FILED","135.01"
"CANDIDATE COMMITTEE","SHORT FOR STATE","PUSHROOT BREWING","FOOD AND BEVERAGES","4/19/2026","WY ","FILED","15.34"
"CANDIDATE COMMITTEE","ALLEN HOGG FOR WYOMING","ELKHORN BAR","FOOD AND BEVERAGES","4/18/2026","MEETEETSE, WY 82433","FILED","1000"
"CANDIDATE COMMITTEE","BEN HORNOK FOR WYOMING","CAMPAIGNPARTNER.COM","GRAPHICS/WEBSITE FEES","4/18/2026","STILL RIVER, MA 01467","FILED","32"
"CANDIDATE","LLOYD CHARLES LARSEN ","FREMONT COUNT REPUBLICAN WOMEN","FOOD AND BEVERAGES","4/18/2026","LANDER, WY 82520","FILED","355"
"CANDIDATE COMMITTEE","SHORT FOR STATE","TEN TEMPURA","FOOD AND BEVERAGES","4/18/2026","WY ","FILED","12.86"
"CANDIDATE COMMITTEE","BIGELOW FOR HD51","COOPERPHOTO","GRAPHICS/WEBSITE FEES","4/17/2026","SHERIDAN, WY 82801","FILED","50"
"CANDIDATE COMMITTEE","BRENT BIEN FOR GOVERNOR","LOVELL CHRONICLE","ADVERTISING - NEWSPAPER","4/17/2026","WY ","FILED","284"
"CANDIDATE COMMITTEE","BUTCHER FOR WYOMING","GODADDY","GRAPHICS/WEBSITE FEES","4/17/2026","","FILED","107.88"
"CANDIDATE COMMITTEE","COMMITTEE TO ELECT GARY BROWN ","HOBBY LOBBY","CAMPAIGN YARD SIGNS, BUTTONS, PENS, ETC.","4/17/2026","CHEYENNE, WY 82009","FILED","37.71"
"CANDIDATE COMMITTEE","COMMITTEE TO ELECT GARY BROWN ","LOWES","CAMPAIGN YARD SIGNS, BUTTONS, PENS, ETC.","4/17/2026","CHEYENNE, WY 82009","FILED","15.73"
"CANDIDATE COMMITTEE","ERICKSON FOR HD 37","STICKERGIANT","CAMPAIGN YARD SIGNS, BUTTONS, PENS, ETC.","4/17/2026","WY ","FILED","168"
"CANDIDATE COMMITTEE","ERICKSON FOR HD 37","VISTA PRINT","CAMPAIGN YARD SIGNS, BUTTONS, PENS, ETC.","4/17/2026","WY ","FILED","66.76"
"CANDIDATE COMMITTEE","JIM ANDERSON FOR STATE SENATE","BARLOW FOR GOVERNOR","CONSULTING","4/17/2026","GILLETTE, WY ","FILED","500"
"CANDIDATE","JUSTIN WILLIAM WINNEY JR","RIGHT STRATEGIES","CONSULTING","4/17/2026","ANKENNY, IA 50023","FILED","2500"
"CANDIDATE COMMITTEE","KELLER FOR WYO","RADIANT MANUFACTURING","CAMPAIGN YARD SIGNS, BUTTONS, PENS, ETC.","4/17/2026","","FILED","1417.75"
"CANDIDATE COMMITTEE","MEGAN FOR GOVERNOR","BATTLEFIELD LLC","CONSULTING","4/17/2026","MOUNT VERNON, NY 10550","FILED","6.25"
"CANDIDATE COMMITTEE","MEGAN FOR GOVERNOR","WINRED TECHNICAL SERVICES","BANKING ","4/17/2026","CHEYENNE, WY 82001","FILED","41.37"
"CANDIDATE","R. J. KOST ","CROFT MARKETING GROUP LLC","ADVERTISING - DIGITAL","4/17/2026","POWELL, WY 82435","FILED","99"
"CANDIDATE","R. J. KOST ","POWELL TRIBUNE","ADVERTISING - NEWSPAPER","4/17/2026","POWELL, WY 82435","FILED","218.75"
"CANDIDATE COMMITTEE","SHORT FOR STATE","LAMAR","ADVERTISING - MISC.","4/17/2026","LA ","FILED","2925.2"
"CANDIDATE COMMITTEE","SHORT FOR STATE","LOAF N JUG","TRAVEL (HOTEL, GAS, ETC.)","4/17/2026","WY ","FILED","99"
"CANDIDATE COMMITTEE","SHORT FOR STATE","LOAF N JUG","TRAVEL (HOTEL, GAS, ETC.)","4/17/2026","WY ","FILED","42"
"CANDIDATE COMMITTEE","COMMITTEE TO ELECT BRITNEY TENNANT","USPS","POSTAGE","4/16/2026","CHEYENNE, WY 82001","FILED","31.2"
"CANDIDATE COMMITTEE","COMMITTEE TO ELECT KEN CLOUSTON","STRIPE","BANKING ","4/16/2026","SAN FRANCISCO, CA 94080","FILED","13.65"
"CANDIDATE COMMITTEE","COMMITTEE TO ELECT KEN PENDERGRAFT","IONOS","GRAPHICS/WEBSITE FEES","4/16/2026","WY ","FILED","217.45"
"CANDIDATE COMMITTEE","COMMITTEE TO ELECT KRISTI RACINES","USPS","POSTAGE","4/16/2026","WY ","FILED","94"
"CANDIDATE COMMITTEE","COMMITTEE TO ELECT TOM KELLY","SUPER CHEAP SIGNS","CAMPAIGN YARD SIGNS, BUTTONS, PENS, ETC.","4/16/2026"," , TX ","FILED","1257.08"
"CANDIDATE","EXIE R BROWN JR","DLS","CAMPAIGN YARD SIGNS, BUTTONS, PENS, ETC.","4/16/2026","CHEYENNE, WY 82009","FILED","744.4"
"CANDIDATE","EXIE R BROWN JR","SIGNS ON THE CHEAP","CAMPAIGN YARD SIGNS, BUTTONS, PENS, ETC.","4/16/2026","AUSTIN, TX 78758","FILED","832.61"
"CANDIDATE COMMITTEE","KEVIN HELLING FOR WYOMING","STAPLES","OFFICE SUPPLIES","4/16/2026","CASPER, WY 82609","FILED","67.48"
"CANDIDATE COMMITTEE","KEVIN HELLING FOR WYOMING","VISTAPRINT","CAMPAIGN YARD SIGNS, BUTTONS, PENS, ETC.","4/16/2026","WALTHAM, MA 02451","FILED","125.8"
"CANDIDATE COMMITTEE","MEGAN FOR GOVERNOR","123DECAL L.L.C.","CAMPAIGN YARD SIGNS, BUTTONS, PENS, ETC.","4/16/2026","STAR, ID 83669","FILED","9379.77"
"CANDIDATE COMMITTEE","MEGAN FOR GOVERNOR","ALLIANCE FORGE ELECTION TECHNOLOGY","ADVERTISING - DIGITAL","4/16/2026","SPARKS, NV 89436","FILED","3055.64"
"CANDIDATE COMMITTEE","MEGAN FOR GOVERNOR","ALLIANCE FORGE ELECTION TECHNOLOGY","ADVERTISING - DIGITAL","4/16/2026","SPARKS, NV 89436","FILED","72.35"
"CANDIDATE COMMITTEE","MEGAN FOR GOVERNOR","ALLIANCE FORGE ELECTION TECHNOLOGY","ADVERTISING - DIGITAL","4/16/2026","SPARKS, NV 89436","FILED","278.21"
"CANDIDATE COMMITTEE","MEGAN FOR GOVERNOR","ALLIANCE FORGE ELECTION TECHNOLOGY","ADVERTISING - DIGITAL","4/16/2026","SPARKS, NV 89436","FILED","204.68"
"CANDIDATE COMMITTEE","MEGAN FOR GOVERNOR","CHARLOTTE JONES","CONSULTING","4/16/2026","LARAMIE, WY 82070","FILED","6000"
"CANDIDATE COMMITTEE","MEGAN FOR GOVERNOR","WYOMING REPUBLICAN PARTY","OTHER: EVENT TICKETS","4/16/2026","CHEYENNE, WA 82003","FILED","620"
"CANDIDATE","RYAN MICHAEL SHOLLENBERGER ","VEA PHOTOGRAPHY","OTHER: PHOTOGRAPHY","4/16/2026","CHEYENNE, WY 82009","FILED","418.95"
"CANDIDATE COMMITTEE","SHORT FOR STATE","SAM'S CLUB FUEL","TRAVEL (HOTEL, GAS, ETC.)","4/16/2026","WY ","FILED","50.01"
"CANDIDATE COMMITTEE","SINGH FOR WYOMING","MENARDS","CAMPAIGN YARD SIGNS, BUTTONS, PENS, ETC.","4/16/2026","WY ","FILED","35.66"
"CANDIDATE COMMITTEE","SINGH FOR WYOMING","MENARDS","CAMPAIGN YARD SIGNS, BUTTONS, PENS, ETC.","4/16/2026","WY ","FILED","34.86"
"CANDIDATE","ANTHONY L ALLEN JR","PRECISION AUTO ","ADMINISTRATIVE COSTS","4/15/2026","CASPE82601R, WY 82601","FILED","300"
"CANDIDATE COMMITTEE","BARLOW FOR WYOMING","AXIOM STRATEGIES","CONSULTING","4/15/2026","KANSAS CITY, MO 64112","FILED","5000"
"CANDIDATE COMMITTEE","BARLOW FOR WYOMING","COWBOY STATE DAILY","ADVERTISING - DIGITAL","4/15/2026","JACKSON, WY 83002","FILED","18375"
"CANDIDATE COMMITTEE","BARLOW FOR WYOMING","GNARLY RAM LLC","CONSULTING","4/15/2026","SHERIDAN, WY 82801","FILED","2500"
"CANDIDATE COMMITTEE","BIGELOW FOR HD51","ALPHAGRAPHICS","CAMPAIGN YARD SIGNS, BUTTONS, PENS, ETC.","4/15/2026","SHERIDAN, WY 82801","FILED","655.14"
"CANDIDATE COMMITTEE","BRENT BIEN FOR GOVERNOR","LEE ADVERTISING","ADVERTISING - MISC.","4/15/2026","WY ","FILED","2750"
"CANDIDATE COMMITTEE","BRENT BIEN FOR GOVERNOR","LINKTREE","ADVERTISING - DIGITAL","4/15/2026","WY ","FILED","15"
"CANDIDATE COMMITTEE","COMMITTEE TO ELECT CURT MEIER","BOB BONNAR","CONSULTING","4/15/2026","DURANGO, CO 81301","FILED","5000"
"CANDIDATE COMMITTEE","COMMITTEE TO ELECT JESSICA CROWDER","ELECTION HIVE","CONSULTING","4/15/2026","SALT LAKE CITY, UT 84102","FILED","1350"
"CANDIDATE COMMITTEE","COMMITTEE TO ELECT KEN PENDERGRAFT","JESSIE RUBINO","ADVERTISING - DIGITAL","4/15/2026","WY ","FILED","100"
"CANDIDATE COMMITTEE","COMMITTEE TO ELECT ZETA","HOLLY JENNINGS","TRAVEL (HOTEL, GAS, ETC.)","4/15/2026","WY ","FILED","75"
"CANDIDATE COMMITTEE","ERICKSON FOR HD 37","AMBI","CAMPAIGN YARD SIGNS, BUTTONS, PENS, ETC.","4/15/2026","CASPER, WY ","FILED","776.54"
"CANDIDATE COMMITTEE","MEGAN FOR GOVERNOR","META PLATFORMS (FACEBOOK)","ADVERTISING - DIGITAL","4/15/2026","MENLO PARK, CA 94025","FILED","75"
"CANDIDATE COMMITTEE","MEGAN FOR GOVERNOR","VISTAPRINT","PRINTING","4/15/2026","LEXINGTON, MA 02421","FILED","312.24"
"CANDIDATE COMMITTEE","VOTE BOLLER HD52 ","SELECTEL WIRELESS","PHONE","4/15/2026","GILLETTE, WY 82716","FILED","14.99"
"CANDIDATE","ALBERT SOMMERS ","PINEDALE ROUNDUP","ADVERTISING - NEWSPAPER","4/14/2026","PINEDALE, WY 82941","FILED","624"
"CANDIDATE COMMITTEE","BARLOW FOR WYOMING","LAMAR","ADVERTISING - MISC.","4/14/2026","ATLANTA, GA 30374","FILED","550"
"CANDIDATE COMMITTEE","BARLOW FOR WYOMING","WASHAKIE COUNTY REPUBLICAN COMMITTEE","FOOD AND BEVERAGES","4/14/2026","WORLAND, WY 82401","FILED","320"
"CANDIDATE COMMITTEE","BITEMAN FOR WYOMING","ADOBE","ADMINISTRATIVE COSTS","4/14/2026","WY ","FILED","826.67"
"CANDIDATE COMMITTEE","BRENT BIEN FOR GOVERNOR","ARTS IN ACTION WYOMING","CAMPAIGN YARD SIGNS, BUTTONS, PENS, ETC.","4/14/2026","WY ","FILED","65"
"CANDIDATE COMMITTEE","BRENT BIEN FOR GOVERNOR","FACEBOOK","ADVERTISING - DIGITAL","4/14/2026","WY ","FILED","30"
"CANDIDATE COMMITTEE","COMMITTEE TO ELECT ELISSA CAMPBELL","SQUARESPACE","GRAPHICS/WEBSITE FEES","4/14/2026","NYC, NY 10014","FILED","276"
"CANDIDATE COMMITTEE","COMMITTEE TO ELECT KEN PENDERGRAFT","SHERIDAN COMMERCIAL","CAMPAIGN YARD SIGNS, BUTTONS, PENS, ETC.","4/14/2026","WY ","FILED","5.3"
"CANDIDATE COMMITTEE","COMMITTEE TO ELECT OGDEN DRISKILL","GILLETTE CHAMBER","FACILITY FEE","4/14/2026","GILLETTE, WY 82716","FILED","150"
"CANDIDATE COMMITTEE","MEGAN FOR GOVERNOR","CHARLOTTE JONES","CONSULTING","4/14/2026","LARAMIE, WY 82070","FILED","228.13"
"CANDIDATE COMMITTEE","MEGAN FOR GOVERNOR","GUSTO","TAXES","4/14/2026","SAN FRANCISCO, CA 94107","FILED","274.79"
"CANDIDATE COMMITTEE","MEGAN FOR GOVERNOR","HANNAH HARRINGTON","PAYROLL","4/14/2026","CHEYNNE, WY 82009","FILED","1095.21"
"CANDIDATE COMMITTEE","SINGH FOR WYOMING","LOWE'S","CAMPAIGN YARD SIGNS, BUTTONS, PENS, ETC.","4/14/2026","WY ","FILED","66.86"
"CANDIDATE","TONY LOCKE ","CAMPAIGN PARTNER","GRAPHICS/WEBSITE FEES","4/14/2026","","FILED","29"
"CANDIDATE COMMITTEE","BARLOW FOR WYOMING","BACKSTAGE SCREEN PRINTING","CAMPAIGN YARD SIGNS, BUTTONS, PENS, ETC.","4/13/2026","ROCK SPRINGS, WY 82901","FILED","1951.67"
"CANDIDATE COMMITTEE","BARLOW FOR WYOMING","KLAVIYO","IT SERVICES","4/13/2026","BOSTON, MA 02111","FILED","45"
"CANDIDATE COMMITTEE","BARLOW FOR WYOMING","RADIANT MANUFACTURING","CAMPAIGN YARD SIGNS, BUTTONS, PENS, ETC.","4/13/2026","ROCK SPRINGS, WY 82902","FILED","6059.49"
"CANDIDATE COMMITTEE","BRENT BIEN FOR GOVERNOR","FACEBOOK","ADVERTISING - DIGITAL","4/13/2026","WY ","FILED","30"
"CANDIDATE COMMITTEE","BRENT BIEN FOR GOVERNOR","NEWS LETTER JOURNAL","ADVERTISING - NEWSPAPER","4/13/2026","WY ","FILED","231"
"CANDIDATE COMMITTEE","BRENT BIEN FOR GOVERNOR","RANGER JOURNAL WR NEWS","ADVERTISING - NEWSPAPER","4/13/2026","WY ","FILED","453.38"
"CANDIDATE COMMITTEE","BRENT BIEN FOR GOVERNOR","US POSTAL SERVICE","POSTAGE","4/13/2026","WY ","FILED","115"
"CANDIDATE COMMITTEE","COMMITTEE TO ELECT GARY BROWN ","VISTA PRINT ","PRINTING","4/13/2026","WY ","FILED","277.19"
"CANDIDATE COMMITTEE","COMMITTEE TO ELECT KEN PENDERGRAFT","IONOS","GRAPHICS/WEBSITE FEES","4/13/2026","WY ","FILED","1"
"CANDIDATE COMMITTEE","FORNSTROM FOR HD10","TURCOTT CONSULTING","CONSULTING","4/13/2026","AUGUSTA, ME 04330","FILED","2164.99"
"CANDIDATE COMMITTEE","MEGAN FOR GOVERNOR","META PLATFORMS (FACEBOOK)","ADVERTISING - DIGITAL","4/13/2026","MENLO PARK, CA 94025","FILED","75"
"CANDIDATE COMMITTEE","MEGAN FOR GOVERNOR","META PLATFORMS (FACEBOOK)","ADVERTISING - DIGITAL","4/13/2026","MENLO PARK, CA 94025","FILED","75"
"CANDIDATE COMMITTEE","MEGAN FOR GOVERNOR","THE METROPOLITAN DOWNTOWN","FACILITY FEE","4/13/2026","CHEYENNE, WY 82001","FILED","800"
"CANDIDATE COMMITTEE","SHORT FOR STATE","ENTERPRISE SIGNS","ADVERTISING - MISC.","4/13/2026","WY ","FILED","1800"
"CANDIDATE COMMITTEE","SHORT FOR STATE","LOAF N JUG","TRAVEL (HOTEL, GAS, ETC.)","4/13/2026","WY ","FILED","75.84"
"CANDIDATE COMMITTEE","WRIGHT4WYOMING","ETSY","CAMPAIGN YARD SIGNS, BUTTONS, PENS, ETC.","4/13/2026","","FILED","9.11"
"CANDIDATE COMMITTEE","VOTE BOLLER HD52 ","ICE CREAM CAFE","FOOD AND BEVERAGES","4/12/2026","GILLETTE, WY 82716","FILED","163.35"
"CANDIDATE COMMITTEE","WRIGHT4WYOMING","FACEBOOK","ADVERTISING - DIGITAL","4/12/2026","","FILED","250"
"CANDIDATE COMMITTEE","WRIGHT4WYOMING","USPS","POSTAGE","4/12/2026","","FILED","188"
"CANDIDATE COMMITTEE","COMMITTEE TO ELECT CAT URBIGKIT","ALBERT SOMMERS","CANDIDATE/COMMITTEE CONTRIBUTION","4/11/2026","PINEDALE, WY 82941","FILED","1500"
"CANDIDATE COMMITTEE","JIM ANDERSON FOR STATE SENATE","NATRONA COUNTY GOP","CONSULTING","4/11/2026","CASPER, WY ","FILED","600"
"CANDIDATE COMMITTEE","SHORT FOR STATE","CENTRAL CAFE","FOOD AND BEVERAGES","4/11/2026","WY ","FILED","7.28"
"CANDIDATE COMMITTEE","SHORT FOR STATE","SAM'S CLUB FUEL","TRAVEL (HOTEL, GAS, ETC.)","4/11/2026","WY ","FILED","41.45"
"CANDIDATE COMMITTEE","BARLOW FOR WYOMING","4IMPRINT","CAMPAIGN YARD SIGNS, BUTTONS, PENS, ETC.","4/10/2026","OSHKOSH, WI 54901","FILED","305.95"
"CANDIDATE COMMITTEE","COMMITTEE TO ELECT GARY BROWN ","HOME DEPOT","CAMPAIGN YARD SIGNS, BUTTONS, PENS, ETC.","4/10/2026","CHEYENNE, WY 82001","FILED","12.54"
"CANDIDATE COMMITTEE","COMMITTEE TO ELECT GARY BROWN ","LOWES","CAMPAIGN YARD SIGNS, BUTTONS, PENS, ETC.","4/10/2026","CHEYENNE, WY 82009","FILED","80.54"
"CANDIDATE COMMITTEE","FRIENDS OF JULIE JARVIS","ADOBE","OFFICE SUPPLIES","4/10/2026","SAN JOSE, CA 95110","FILED","44.38"
"CANDIDATE COMMITTEE","FRIENDS OF JULIE JARVIS","ESIGNS","CAMPAIGN YARD SIGNS, BUTTONS, PENS, ETC.","4/10/2026","VAN NUYS, CA 91406","FILED","786"
"CANDIDATE","JOE WEBB ","WIX","GRAPHICS/WEBSITE FEES","4/10/2026","NEW YORK, NY 10014","FILED","204"
"CANDIDATE COMMITTEE","KELLER FOR WYO","CANVA PRINTING","PRINTING","4/10/2026","AUSTIN, TX 78702","FILED","226.4"
"CANDIDATE COMMITTEE","SHORT FOR STATE","LOAF N JUG","TRAVEL (HOTEL, GAS, ETC.)","4/10/2026","WY ","FILED","62"
"CANDIDATE COMMITTEE","WILLIAMS 4 WYOMING","RMC","CONSULTING","4/10/2026","LAS VEGAS, NV 89117","FILED","3.75"
"CANDIDATE COMMITTEE","WILLIAMS 4 WYOMING","RMC","PRINTING","4/10/2026","LAS VEGAS, WY 89117","FILED","1143"
"CANDIDATE COMMITTEE","BARLOW FOR WYOMING","HIGH PLAINS CONSULTANTS","CONSULTING","4/9/2026","CARPENTER, WY 82054","FILED","2643.75"
"CANDIDATE COMMITTEE","BARLOW FOR WYOMING","LAMAR","ADVERTISING - MISC.","4/9/2026","ATLANTA, GA 30374","FILED","1608"
"CANDIDATE COMMITTEE","BRENT BIEN FOR GOVERNOR","FACEBOOK","ADVERTISING - DIGITAL","4/9/2026","WY ","FILED","30"
"CANDIDATE COMMITTEE","BRENT BIEN FOR GOVERNOR","LEE NEWSPAPER ADVERTISING","ADVERTISING - NEWSPAPER","4/9/2026","WY ","FILED","2340"
"CANDIDATE COMMITTEE","COMMITTEE TO ELECT KRISTI RACINES","BIG D","TRAVEL (HOTEL, GAS, ETC.)","4/9/2026","WY ","FILED","45.97"
"CANDIDATE COMMITTEE","GERINGER FOR WYOMING","WORDPRESS","GRAPHICS/WEBSITE FEES","4/9/2026","","FILED","96"
"CANDIDATE COMMITTEE","KELLER FOR WYO","VISTAPRINT","CAMPAIGN YARD SIGNS, BUTTONS, PENS, ETC.","4/9/2026","WALTHAM, MA 02451","FILED","160.38"
"CANDIDATE COMMITTEE","SHORT FOR STATE","PBR PRINTING","CAMPAIGN YARD SIGNS, BUTTONS, PENS, ETC.","4/9/2026","WY ","FILED","152.95"
"CANDIDATE COMMITTEE","BRENT BIEN FOR GOVERNOR","DAYS INN","TRAVEL (HOTEL, GAS, ETC.)","4/8/2026","WY ","FILED","110.88"
"CANDIDATE COMMITTEE","COMMITTEE TO ELECT GARY BROWN ","PBR PRINTING ","PRINTING","4/8/2026","CHEYENNE, WY 82009","FILED","157.5"
"CANDIDATE COMMITTEE","KELLER FOR WYO","CHECK ORDER","BANKING ","4/8/2026","THERMOPOLIS, WY 82443","FILED","21.25"
"CANDIDATE","LLOYD CHARLES LARSEN ","FREMONT COUNT REPUBLICAN WOMEN","FOOD AND BEVERAGES","4/8/2026","LANDER, WY 82520","FILED","120"
"CANDIDATE COMMITTEE","MEGAN FOR GOVERNOR","META PLATFORMS (FACEBOOK)","ADVERTISING - DIGITAL","4/8/2026","MENLO PARK, CA 94025","FILED","75"
"CANDIDATE COMMITTEE","MEGAN FOR GOVERNOR","NATRONA COUNTY REPUBLICAN PARTY","OTHER: EVENT TICKETS","4/8/2026","CASPER, WY 82602","FILED","600"
"CANDIDATE COMMITTEE","MEGAN FOR GOVERNOR","TABLE COVERS NOW","CAMPAIGN YARD SIGNS, BUTTONS, PENS, ETC.","4/8/2026","STAFFORD, TX 77477","FILED","275.4"
"CANDIDATE COMMITTEE","SHORT FOR STATE","LAMAR","ADVERTISING - MISC.","4/8/2026","LA ","FILED","2925.2"
"CANDIDATE COMMITTEE","WRIGHT4WYOMING","ZAZZLE","CAMPAIGN YARD SIGNS, BUTTONS, PENS, ETC.","4/8/2026","","FILED","285.57"
"CANDIDATE COMMITTEE","BIGELOW FOR HD51","MAILCHIMP","IT SERVICES","4/7/2026","","FILED","20"
"CANDIDATE COMMITTEE","BRENT BIEN FOR GOVERNOR","FACEBOOK","ADVERTISING - DIGITAL","4/7/2026","WY ","FILED","30"
"CANDIDATE","CHRISTOPHER DRESANG ","VISTAPRINT","ADVERTISING - MISC.","4/7/2026","WY ","FILED","408.09"
"CANDIDATE COMMITTEE","COMMITTEE TO ELECT CURT MEIER","NEWS LETTER JOURNAL","ADVERTISING - MISC.","4/7/2026","NEWCASTLE, WY 82701","FILED","250"
"CANDIDATE COMMITTEE","COMMITTEE TO ELECT ZETA","SUNDANCE STATE BANK","BANKING ","4/7/2026","WY ","FILED","24.52"
"CANDIDATE COMMITTEE","FRIENDS OF MARK GORDON","BULLHORN COMMUNICATIONS","GRAPHICS/WEBSITE FEES","4/7/2026","CARMEL, IN 46032","FILED","39"
"CANDIDATE COMMITTEE","MEGAN FOR GOVERNOR","JOE TURCOTTE","CONSULTING","4/7/2026","AUGUSTA, ME 04330","FILED","292.82"
"CANDIDATE COMMITTEE","MEGAN FOR GOVERNOR","META PLATFORMS (FACEBOOK)","ADVERTISING - DIGITAL","4/7/2026","MENLO PARK, CA 94025","FILED","150"
"CANDIDATE COMMITTEE","MEGAN FOR GOVERNOR","THE UPS STORE","POSTAGE","4/7/2026","SAN DIEGO, CA 92121","FILED","42.61"
"CANDIDATE COMMITTEE","REINER FOR WYOMING","SQUARE SPACE","IT SERVICES","4/7/2026","NEW YORK, NY 10009","FILED","192"
"CANDIDATE COMMITTEE","SCHRIFTMAN FOR STATE HOUSE","VISTA PRINTING","PRINTING","4/7/2026","MA ","FILED","981.54"
"CANDIDATE COMMITTEE","SCHRIFTMAN FOR STATE HOUSE","WY. SEC. OF STATE","ADMINISTRATIVE COSTS","4/7/2026","WY ","FILED","25"
"CANDIDATE COMMITTEE","SINGH FOR WYOMING","MENARD'S","CAMPAIGN YARD SIGNS, BUTTONS, PENS, ETC.","4/7/2026","WY ","FILED","25.68"
"CANDIDATE COMMITTEE","WRIGHT4WYOMING","IMPRINT.COM","CAMPAIGN YARD SIGNS, BUTTONS, PENS, ETC.","4/7/2026","","FILED","115.86"
"CANDIDATE COMMITTEE","WRIGHT4WYOMING","STICKER GIANT","CAMPAIGN YARD SIGNS, BUTTONS, PENS, ETC.","4/7/2026","","FILED","159"
"CANDIDATE COMMITTEE","BEN HORNOK FOR WYOMING","PATRIOT MOBILE","PHONE","4/6/2026","GRAPEVINE, TX 76051","FILED","30.36"
"CANDIDATE COMMITTEE","BIGELOW FOR HD51","ANEDOT","BANKING ","4/6/2026","DALLAS, TX 75206","FILED","30.6"
"CANDIDATE COMMITTEE","BRENT BIEN FOR GOVERNOR","AQUESCS, INC","CAMPAIGN YARD SIGNS, BUTTONS, PENS, ETC.","4/6/2026","WY ","FILED","4631.83"
"CANDIDATE COMMITTEE","BRENT BIEN FOR GOVERNOR","COMFORT INN","TRAVEL (HOTEL, GAS, ETC.)","4/6/2026","WY ","FILED","95.32"
"CANDIDATE COMMITTEE","BRENT BIEN FOR GOVERNOR","FACEBOOK","ADVERTISING - DIGITAL","4/6/2026","WY ","FILED","30"
"CANDIDATE COMMITTEE","BRENT BIEN FOR GOVERNOR","MAILCHIMP","ADVERTISING - DIGITAL","4/6/2026","WY ","FILED","20"
"CANDIDATE COMMITTEE","BRENT BIEN FOR GOVERNOR","VOTTIV CAMPAIGNS","ADMINISTRATIVE COSTS","4/6/2026","WY ","FILED","200"
"CANDIDATE COMMITTEE","BUTCHER FOR WYOMING","ALPHAGRAPHICS","CAMPAIGN YARD SIGNS, BUTTONS, PENS, ETC.","4/6/2026","WY ","FILED","291.91"
"CANDIDATE COMMITTEE","COMMITTEE TO ELECT KRISTI RACINES","FREMONT COUNTY REPUBLICAN WOMEN","OTHER: LINCOLN DAY DINNER TICKET","4/6/2026","WY ","FILED","69.16"
"CANDIDATE COMMITTEE","FRIENDS OF JULIE JARVIS","FLYWHEEL","GRAPHICS/WEBSITE FEES","4/6/2026","OMAHA, NE 68102","FILED","15"
"CANDIDATE COMMITTEE","KEVIN HELLING FOR WYOMING","WIX.COM","GRAPHICS/WEBSITE FEES","4/6/2026","SAN FRANCISCO, WY 94158","FILED","36"
"CANDIDATE COMMITTEE","MEGAN FOR GOVERNOR","CONSTANT CONTACT","ADVERTISING - MISC.","4/6/2026","WALTHAM, MA 02451","FILED","210"
"CANDIDATE COMMITTEE","MEGAN FOR GOVERNOR","META PLATFORMS (FACEBOOK)","ADVERTISING - DIGITAL","4/6/2026","MENLO PARK, CA 94025","FILED","300"
"CANDIDATE COMMITTEE","MEGAN FOR GOVERNOR","WINRED TECHNICAL SERVICES","BANKING ","4/6/2026","CHEYENNE, WY 82001","FILED","98.5"
"CANDIDATE COMMITTEE","WILLOX FOR WYOMING","DOUGLAS SIGN COMPANY","ADVERTISING - MISC.","4/6/2026","DOUGLAS, WY 82633","FILED","285.6"
"CANDIDATE","CHRISTOPHER DRESANG ","CLICK2MAIL","ADVERTISING - MISC.","4/5/2026","WY ","FILED","3219.13"
"CANDIDATE COMMITTEE","COMMITTEE TO ELECT DWAYNE DILLINGER","PRIORITY PROPERTY MANAGEMENT","RENT","4/5/2026","WY ","FILED","500"
"CANDIDATE COMMITTEE","BRENT BIEN FOR GOVERNOR","BEST WESTERN DUNMAR","TRAVEL (HOTEL, GAS, ETC.)","4/4/2026","WY ","FILED","115.9"
"CANDIDATE COMMITTEE","BRENT BIEN FOR GOVERNOR","COMFORT INN","TRAVEL (HOTEL, GAS, ETC.)","4/4/2026","WY ","FILED","99.89"
"CANDIDATE COMMITTEE","BRENT BIEN FOR GOVERNOR","SURF WYOMING","CAMPAIGN YARD SIGNS, BUTTONS, PENS, ETC.","4/4/2026","WY ","FILED","225.63"
"CANDIDATE","CHRISTOPHER DRESANG ","WIX","ADVERTISING - DIGITAL","4/4/2026","WY ","FILED","934.5"
"CANDIDATE","JOHN F WETZEL ","GO DADDY","GRAPHICS/WEBSITE FEES","4/4/2026","TEMPE, AZ 85284","FILED","85.56"
"CANDIDATE","JOHN F WETZEL ","MARK DAVIS","OTHER: PHOTOGRAPHY","4/4/2026","POWELL, WY 82435","FILED","100"
"CANDIDATE","JOHN F WETZEL ","WIX.COM","GRAPHICS/WEBSITE FEES","4/4/2026","NEW YORK, NY 10014","FILED","408"
"CANDIDATE COMMITTEE","KELLER FOR WYO","WIX- DOMAIN PURCHASE","ADVERTISING - DIGITAL","4/4/2026","NEW YORK, NY 10014","FILED","133.37"
"CANDIDATE COMMITTEE","KELLER FOR WYO","WIX- WEBSITE SUBSCRIPTION","ADVERTISING - DIGITAL","4/4/2026","NEW YORK, NY 10014","FILED","174"
"CANDIDATE COMMITTEE","SHORT FOR STATE","HIMALAYAN CUISINE","FOOD AND BEVERAGES","4/4/2026","WY ","FILED","58"
"CANDIDATE COMMITTEE","SHORT FOR STATE","SAM'S CLUB FUEL","TRAVEL (HOTEL, GAS, ETC.)","4/4/2026","CASPER, WY ","FILED","22.77"
"CANDIDATE COMMITTEE","WRIGHT4WYOMING","FACEBOOK","ADVERTISING - DIGITAL","4/4/2026","","FILED","100"
"CANDIDATE COMMITTEE","BRENT BIEN FOR GOVERNOR","BRIDGER VALLEY PIONEER","ADVERTISING - NEWSPAPER","4/3/2026","WY ","FILED","134.8"
"CANDIDATE COMMITTEE","BRENT BIEN FOR GOVERNOR","KEMMERER GAZETTE","ADVERTISING - NEWSPAPER","4/3/2026","WY ","FILED","73.2"
"CANDIDATE COMMITTEE","BRENT BIEN FOR GOVERNOR","PLATTE COUNTY RECORD","ADVERTISING - NEWSPAPER","4/3/2026","WY ","FILED","220"
"CANDIDATE COMMITTEE","BRENT BIEN FOR GOVERNOR","UINTA COUNTY HERALD","ADVERTISING - NEWSPAPER","4/3/2026","WY ","FILED","195.2"
"CANDIDATE","CHRISTOPHER DRESANG ","IWALK 360","ADMINISTRATIVE COSTS","4/3/2026","WY ","FILED","2500"
"CANDIDATE COMMITTEE","MEGAN FOR GOVERNOR","FIRST STREET","CONSULTING","4/3/2026","ALEXANDRIA, VA 22314","FILED","5000"
"CANDIDATE COMMITTEE","MEGAN FOR GOVERNOR","META PLATFORMS (FACEBOOK)","ADVERTISING - DIGITAL","4/3/2026","MENLO PARK, CA 94025","FILED","75"
"CANDIDATE COMMITTEE","MEGAN FOR GOVERNOR","RED CURVE SOLUTIONS","CONSULTING","4/3/2026","BEVERLY, MA 01915","FILED","55.93"
"CANDIDATE COMMITTEE","MEGAN FOR GOVERNOR","RED CURVE SOLUTIONS","CONSULTING","4/3/2026","BEVERLY, MA 01915","FILED","2.55"
"CANDIDATE COMMITTEE","MEGAN FOR GOVERNOR","WINRED TECHNICAL SERVICES","BANKING ","4/3/2026","CHEYENNE, WY 82001","FILED","192.83"
"CANDIDATE COMMITTEE","REINER FOR WYOMING","SQUARE SPACE","IT SERVICES","4/3/2026","NEW YORK, NY ","FILED","14"
"CANDIDATE COMMITTEE","REINER FOR WYOMING","STATE OF WYOMING","ADMINISTRATIVE COSTS","4/3/2026","CHEYENNE, WY 82001","FILED","25"
"CANDIDATE COMMITTEE","BARLOW FOR WYOMING","GOOGLE","IT SERVICES","4/2/2026","MOUNTAIN VIEW, CA 94043","FILED","210.43"
"CANDIDATE COMMITTEE","BRENT BIEN FOR GOVERNOR","BEST WESTERN","TRAVEL (HOTEL, GAS, ETC.)","4/2/2026","WY ","FILED","304.53"
"CANDIDATE COMMITTEE","BRENT BIEN FOR GOVERNOR","DOUGLAS BROADCASTING","ADVERTISING - RADIO","4/2/2026","WY ","FILED","408"
"CANDIDATE COMMITTEE","BRENT BIEN FOR GOVERNOR","FACEBOOK","ADVERTISING - DIGITAL","4/2/2026","WY ","FILED","30"
"CANDIDATE","CHRISTOPHER DRESANG ","VISTA PRINT","CAMPAIGN YARD SIGNS, BUTTONS, PENS, ETC.","4/2/2026","WY ","FILED","108.11"
"CANDIDATE COMMITTEE","COMMITTEE TO ELECT KEN PENDERGRAFT","SUPER CHEAP SIGNS","CAMPAIGN YARD SIGNS, BUTTONS, PENS, ETC.","4/2/2026","WY ","FILED","407.05"
"CANDIDATE COMMITTEE","MEGAN FOR GOVERNOR","GOOGLE WORKSPACE","ADVERTISING - DIGITAL","4/2/2026","MOUNTAIN VIEW, CA 94043","FILED","60.96"
"CANDIDATE COMMITTEE","MEGAN FOR GOVERNOR","GUSTO","TAXES","4/2/2026","SAN FRANCISCO, CA 94107","FILED","58.44"
"CANDIDATE COMMITTEE","MEGAN FOR GOVERNOR","META PLATFORMS (FACEBOOK)","ADVERTISING - DIGITAL","4/2/2026","MENLO PARK, CA 94025","FILED","75"
"CANDIDATE COMMITTEE","MEGAN FOR GOVERNOR","WAL-MART","OFFICE SUPPLIES","4/2/2026","BENTONVILLE, AR 72712","FILED","67.09"
"CANDIDATE COMMITTEE","MEGAN FOR GOVERNOR","WINRED TECHNICAL SERVICES","BANKING ","4/2/2026","CHEYENNE, WY 82001","FILED","73.98"
"CANDIDATE COMMITTEE","ALLEN HOGG FOR WYOMING","UPS STORE","CAMPAIGN YARD SIGNS, BUTTONS, PENS, ETC.","4/1/2026","CODY, WY 82141","FILED","135.2"
"CANDIDATE","ANDREW BYRON ","ELECTION HIVE","CONSULTING","4/1/2026","SALT LAKE CITY, UT 84102","FILED","54.7"
"CANDIDATE COMMITTEE","ANN LUCAS 4 WYOMING","OUT OF THE BOX","CONSULTING","4/1/2026","CHEYENNE, WY 82001","FILED","7888.63"
"CANDIDATE COMMITTEE","ANN LUCAS 4 WYOMING","PRINT SAFARI","ADVERTISING - MISC.","4/1/2026","ASHBURNHAM, MA 01430","FILED","111.28"
"CANDIDATE COMMITTEE","ANN LUCAS 4 WYOMING","USPS","POSTAGE","4/1/2026","CHEYENNE, WY 82003","FILED","281.73"
"CANDIDATE COMMITTEE","ANN LUCAS 4 WYOMING","VISTA PRINT","ADVERTISING - MISC.","4/1/2026","DALLAS, TX 75201","FILED","2185.44"
"CANDIDATE COMMITTEE","BARLOW FOR WYOMING","LILY CRAGO","CONSULTING","4/1/2026","LARAMIE, WY 82070","FILED","380.9"
"CANDIDATE COMMITTEE","BARLOW FOR WYOMING","TAILORED CFO SOLUTIONS LLC","CONSULTING","4/1/2026","GREEN RIVER, WY 82935","FILED","6800"
"CANDIDATE COMMITTEE","BARLOW FOR WYOMING","WYOMING REPUBLICAN STATE CONVENTION","OTHER: OTHER","4/1/2026","BIG HORN, WY 82833","FILED","600"
"CANDIDATE COMMITTEE","BEN HORNOK FOR WYOMING","AMERICAN POSTAL SERVICE","OTHER: MAILBOX","4/1/2026","CHEYENNE, WY 82007","FILED","17"
"CANDIDATE COMMITTEE","BIGELOW FOR HD51","ALPHAGRAPHICS","CAMPAIGN YARD SIGNS, BUTTONS, PENS, ETC.","4/1/2026","SHERIDAN, WY 82801","FILED","87.31"
"CANDIDATE COMMITTEE","BRENNAN FOR SENATE","WIX.COM","ADMINISTRATIVE COSTS","4/1/2026","","PUBLISHED","31.05"
"CANDIDATE COMMITTEE","BRENT BIEN FOR GOVERNOR","TORRINGTON TELEGRAM","ADVERTISING - NEWSPAPER","4/1/2026","WY ","FILED","224.91"
"CANDIDATE","CHRISTOPHER DRESANG ","QRCODE.COM","ADVERTISING - DIGITAL","4/1/2026","WY ","FILED","50"
"CANDIDATE","CHRISTOPHER DRESANG ","VISTA PRINT","ADVERTISING - MISC.","4/1/2026","WY ","FILED","322.21"
"CANDIDATE COMMITTEE","COMMITTEE TO ELECT KRISTI RACINES","GOOGLE","GRAPHICS/WEBSITE FEES","4/1/2026","","FILED","8.4"
"CANDIDATE COMMITTEE","FRIENDS OF JULIE JARVIS","GOOGLE GSUITE","GRAPHICS/WEBSITE FEES","4/1/2026","MOUNTAIN VIEW, CA 94043","FILED","26.4"
"CANDIDATE COMMITTEE","FRIENDS OF MARK GORDON","GOOGLE APPS","GRAPHICS/WEBSITE FEES","4/1/2026","MOUNTAIN VIEW, CA 94043","FILED","58.8"
"CANDIDATE COMMITTEE","KEVIN HELLING FOR WYOMING","GOOGLE WORKSPACE","IT SERVICES","4/1/2026","MOUNTAIN VIEW, CA 94043","FILED","19.8"
"CANDIDATE COMMITTEE","MEGAN FOR GOVERNOR","CHAIN BRIDGE BANK, N.A.","BANKING ","4/1/2026","MCLEAN, VA 22101","FILED","12"
"CANDIDATE COMMITTEE","MEGAN FOR GOVERNOR","META PLATFORMS (FACEBOOK)","ADVERTISING - DIGITAL","4/1/2026","MENLO PARK, CA 94025","FILED","75"
"CANDIDATE COMMITTEE","MEGAN FOR GOVERNOR","WINRED TECHNICAL SERVICES","BANKING ","4/1/2026","CHEYENNE, WY 82001","FILED","98.5"
"CANDIDATE COMMITTEE","WILLIAMS 4 WYOMING","RMC","CONSULTING","4/1/2026","LAS VEGAS, NV 89117","FILED","1048.39"
"CANDIDATE COMMITTEE","BARLOW FOR WYOMING","FACEBOOK","ADVERTISING - DIGITAL","3/31/2026","MENLO PARK, CA 94025","FILED","148.69"
"CANDIDATE COMMITTEE","BARLOW FOR WYOMING","WINRED","BANKING ","3/31/2026","ALEXANDRIA, VA 22314","FILED","1167.5"
"CANDIDATE COMMITTEE","BEN HORNOK FOR WYOMING","JONAH BANK","BANKING ","3/31/2026","CHEYENNE, WY 82001","FILED","4.14"
"CANDIDATE COMMITTEE","BRENT BIEN FOR GOVERNOR","FACEBOOK","ADVERTISING - DIGITAL","3/31/2026","WY ","FILED","30"
"CANDIDATE COMMITTEE","BRENT BIEN FOR GOVERNOR","YELLOWSTONE BILLBOARDS","ADVERTISING - MISC.","3/31/2026","WY ","FILED","2950"
"CANDIDATE COMMITTEE","BUTCHER FOR WYOMING","LEADERSHIP INSTITUTE","TRAINING MATERIALS","3/31/2026","","FILED","20"
"CANDIDATE COMMITTEE","COMMITTEE TO ELECT ELISSA CAMPBELL","SQUARESPACE","GRAPHICS/WEBSITE FEES","3/31/2026","NYC, NY 10014","FILED","84"
"CANDIDATE COMMITTEE","COMMITTEE TO ELECT TOM KELLY","SHERIDAN COUNTY FEDERAL CREDIT UNION","BANKING ","3/31/2026","WY ","FILED","10"
"CANDIDATE COMMITTEE","DEGENFELDER FOR WYOMING","JONAH BANK","BANKING ","3/31/2026","WY ","FILED","3.1"
"CANDIDATE COMMITTEE","ERICKSON FOR HD 37","STICKER GIANT","CAMPAIGN YARD SIGNS, BUTTONS, PENS, ETC.","3/31/2026","WY ","FILED","168"
"CANDIDATE COMMITTEE","ERICKSON FOR HD 37","USPS","POSTAGE","3/31/2026","WY ","FILED","312"
"CANDIDATE COMMITTEE","FORNSTROM FOR HD10","JONAH BANK OF WYOMING","BANKING ","3/31/2026","CASPER, WY 82601","FILED","1.95"
"CANDIDATE COMMITTEE","FRIENDS OF JULIE JARVIS","USPS","POSTAGE","3/31/2026","CASPER, WY 82602","FILED","223"
"CANDIDATE COMMITTEE","MEGAN FOR GOVERNOR","CROOK COUNTY REPUBLICAN PARTY","OTHER: EVENT TICKETS","3/31/2026","DEVILS TOWER, WY 82714","FILED","136"
"CANDIDATE COMMITTEE","MEGAN FOR GOVERNOR","META PLATFORMS (FACEBOOK)","ADVERTISING - DIGITAL","3/31/2026","MENLO PARK, CA 94025","FILED","75"
"CANDIDATE COMMITTEE","MEGAN FOR GOVERNOR","VISTAPRINT","PRINTING","3/31/2026","LEXINGTON, MA 02421","FILED","63.58"
"CANDIDATE","PAUL L WING ","SQUARE","ADMINISTRATIVE COSTS","3/31/2026","OAKLAND, CA 94612","FILED","2.1"
"CANDIDATE COMMITTEE","SYMONS FOR SHERIDAN","BIGELOW FOR HD51","CANDIDATE/COMMITTEE CONTRIBUTION","3/31/2026","SHERIDAN, WY 82801","FILED","1500"
"CANDIDATE COMMITTEE","BARLOW FOR WYOMING","THE ENTERPRISE ECONOMIC DEVELOPMENT","ADVERTISING - MISC.","3/30/2026","DOUGLAS, WY 82633","FILED","1500"
"CANDIDATE COMMITTEE","BIGELOW FOR HD51","ALPHAGRAPHICS","CAMPAIGN YARD SIGNS, BUTTONS, PENS, ETC.","3/30/2026","SHERIDAN, WY 82801","FILED","215.15"
"CANDIDATE COMMITTEE","BIGELOW FOR HD51","ANEDOT","BANKING ","3/30/2026","DALLAS, TX 75206","FILED","90.6"
"CANDIDATE COMMITTEE","BITEMAN FOR WYOMING","ADOBE","ADMINISTRATIVE COSTS","3/30/2026","WY ","FILED","31.79"
"CANDIDATE COMMITTEE","BRENT BIEN FOR GOVERNOR","DGW VIDEO PRODUCTIONS","GRAPHICS/WEBSITE FEES","3/30/2026","WY ","FILED","1000"
"CANDIDATE COMMITTEE","BRENT BIEN FOR GOVERNOR","FACEBOOK","ADVERTISING - DIGITAL","3/30/2026","WY ","FILED","6"
"CANDIDATE COMMITTEE","BRENT BIEN FOR GOVERNOR","FACEBOOK","ADVERTISING - DIGITAL","3/30/2026","WY ","FILED","6"
"CANDIDATE COMMITTEE","BRENT BIEN FOR GOVERNOR","FACEBOOK","ADVERTISING - DIGITAL","3/30/2026","WY ","FILED","9"
"CANDIDATE COMMITTEE","COMMITTEE TO ELECT DWAYNE DILLINGER","BOMGAARS","CAMPAIGN YARD SIGNS, BUTTONS, PENS, ETC.","3/30/2026","WY ","FILED","35.67"
"CANDIDATE COMMITTEE","COMMITTEE TO ELECT ELISSA CAMPBELL","SQUARESPACE","GRAPHICS/WEBSITE FEES","3/30/2026","NYC, NY 10014","FILED","40"
"CANDIDATE COMMITTEE","COMMITTEE TO ELECT ELISSA CAMPBELL","SQUARESPACE","GRAPHICS/WEBSITE FEES","3/30/2026","NYC, NY 10014","FILED","20"
"CANDIDATE COMMITTEE","COMMITTEE TO ELECT JESSICA CROWDER","LARAMIE COUNTY CLERK","PRINTING","3/30/2026","CHEYENNE, WY 82003","FILED","10"
"CANDIDATE COMMITTEE","COMMITTEE TO ELECT KRISTI RACINES","MAVERICK","TRAVEL (HOTEL, GAS, ETC.)","3/30/2026","WY ","FILED","38.93"
"CANDIDATE COMMITTEE","COMMITTEE TO ELECT TOM KELLY","VISTAPRINT","CAMPAIGN YARD SIGNS, BUTTONS, PENS, ETC.","3/30/2026"," , MA ","FILED","906.23"
"CANDIDATE COMMITTEE","FRIENDS OF MARK GORDON","1ST INTERSTATE BANK","BANKING ","3/30/2026","BUFFALO, WY 82834","FILED","17"
"CANDIDATE","JAMES TEMPLE ","PAYPAL ","ADMINISTRATIVE COSTS","3/30/2026","WY ","FILED","0.26"
"CANDIDATE","JAMES TEMPLE ","SUPER CHEAP SIGNS","CAMPAIGN YARD SIGNS, BUTTONS, PENS, ETC.","3/30/2026","WY ","FILED","980.97"
"CANDIDATE COMMITTEE","MEGAN FOR GOVERNOR","10TH STREET SOCIAL, LLC","FACILITY FEE","3/30/2026","WHEATLAND, WY 82201","FILED","200"
"CANDIDATE COMMITTEE","MEGAN FOR GOVERNOR","CAMPBELL COUNTY FIRE DEPARTMENT","FACILITY FEE","3/30/2026","GILLETTE, WY 82716","FILED","75"
"CANDIDATE COMMITTEE","MEGAN FOR GOVERNOR","CHARLOTTE JONES","CONSULTING","3/30/2026","LARAMIE, WY 82070","FILED","4500"
"CANDIDATE COMMITTEE","MEGAN FOR GOVERNOR","GUSTO","TAXES","3/30/2026","SAN FRANCISCO, CA 94107","FILED","274.81"
"CANDIDATE COMMITTEE","MEGAN FOR GOVERNOR","HANNAH HARRINGTON","PAYROLL","3/30/2026","CHEYNNE, WY 82009","FILED","1095.2"
"CANDIDATE COMMITTEE","MEGAN FOR GOVERNOR","HANNAH HARRINGTON","TRAVEL (HOTEL, GAS, ETC.)","3/30/2026","CHEYNNE, WY 82009","FILED","123.25"
"CANDIDATE COMMITTEE","MEGAN FOR GOVERNOR","MAJORITY STRATEGIES LLC","CONSULTING","3/30/2026","DALLAS, TX 75267","FILED","1953.75"
"CANDIDATE COMMITTEE","MEGAN FOR GOVERNOR","META PLATFORMS (FACEBOOK)","ADVERTISING - DIGITAL","3/30/2026","MENLO PARK, CA 94025","FILED","285.95"
"CANDIDATE COMMITTEE","MEGAN FOR GOVERNOR","RED CURVE SOLUTIONS","CONSULTING","3/30/2026","BEVERLY, MA 01915","FILED","4000"
"CANDIDATE COMMITTEE","MEGAN FOR GOVERNOR","WINRED TECHNICAL SERVICES","BANKING ","3/30/2026","CHEYENNE, WY 82001","FILED","0.39"
"CANDIDATE","R. J. KOST ","USPS","POSTAGE","3/30/2026","POWELL, WY 82435","FILED","31.2"
"CANDIDATE COMMITTEE","SYMONS FOR SHERIDAN","BUTCHER FOR WYOMING SENATE","CANDIDATE/COMMITTEE CONTRIBUTION","3/30/2026","SHERIDAN, WY 82801","FILED","1500"
"CANDIDATE COMMITTEE","SHORT FOR STATE","SAM'S CLUB FUEL","TRAVEL (HOTEL, GAS, ETC.)","3/29/2026","WY ","FILED","42.39"
"CANDIDATE COMMITTEE","COMMITTEE TO ELECT GARY BROWN ","INNOVATION HOSTING ","GRAPHICS/WEBSITE FEES","3/28/2026","WY ","FILED","41.88"
"CANDIDATE COMMITTEE","SINGH FOR WYOMING","SIGNS ON THE CHEAP","CAMPAIGN YARD SIGNS, BUTTONS, PENS, ETC.","3/28/2026","WY ","FILED","1304.14"
"CANDIDATE COMMITTEE","SINGH FOR WYOMING","SINGH FOR WYOMING SD31","CANDIDATE/COMMITTEE CONTRIBUTION","3/28/2026","CHEYENNE, WY ","FILED","545.46"
"CANDIDATE","BILL JAMES ALLEMAND ","LIBERTY CONCIERGE SERVICES","CONSULTING","3/27/2026","CASPER, WY 82601","FILED","426"
"CANDIDATE COMMITTEE","BRENT BIEN FOR GOVERNOR","FACEBOOK","ADVERTISING - DIGITAL","3/27/2026","WY ","FILED","4"
"CANDIDATE COMMITTEE","BRENT BIEN FOR GOVERNOR","FACEBOOK","ADVERTISING - DIGITAL","3/27/2026","WY ","FILED","4"
"CANDIDATE COMMITTEE","BRENT BIEN FOR GOVERNOR","GOOD NEWS PUBLICATION","ADVERTISING - MISC.","3/27/2026","WY ","FILED","139.74"
"CANDIDATE COMMITTEE","BRENT BIEN FOR GOVERNOR","GREEN RIVER STAR","ADVERTISING - NEWSPAPER","3/27/2026","WY ","FILED","100"
"CANDIDATE COMMITTEE","BUTCHER FOR WYOMING","GODADDY","GRAPHICS/WEBSITE FEES","3/27/2026","","FILED","839.88"
"CANDIDATE COMMITTEE","COMMITTEE TO ELECT DWAYNE DILLINGER","PRIORITY PROPERTY MANAGEMENT","RENT","3/27/2026","WY ","FILED","500"
"CANDIDATE COMMITTEE","MEGAN FOR GOVERNOR","META PLATFORMS (FACEBOOK)","ADVERTISING - DIGITAL","3/27/2026","MENLO PARK, CA 94025","FILED","75"
"CANDIDATE COMMITTEE","MEGAN FOR GOVERNOR","WINRED TECHNICAL SERVICES","BANKING ","3/27/2026","CHEYENNE, WY 82001","FILED","19.7"
"CANDIDATE COMMITTEE","SHORT FOR STATE","BROWN'S SHOE FIT","OTHER: CLOTHING","3/27/2026","WY ","FILED","359.55"
"CANDIDATE COMMITTEE","SHORT FOR STATE","MEN'S WEARHOUSE","OTHER: CLOTHING","3/27/2026","WY ","FILED","927.44"
"CANDIDATE COMMITTEE","BRENT BIEN FOR GOVERNOR","FACEBOOK","ADVERTISING - DIGITAL","3/26/2026","WY ","FILED","3"
"CANDIDATE COMMITTEE","BRENT BIEN FOR GOVERNOR","FACEBOOK","ADVERTISING - DIGITAL","3/26/2026","WY ","FILED","2"
"CANDIDATE COMMITTEE","BRENT BIEN FOR GOVERNOR","STICKER MULE","CAMPAIGN YARD SIGNS, BUTTONS, PENS, ETC.","3/26/2026","WY ","FILED","202.46"
"CANDIDATE COMMITTEE","BRENT BIEN FOR GOVERNOR","STICKER MULE","CAMPAIGN YARD SIGNS, BUTTONS, PENS, ETC.","3/26/2026","WY ","FILED","202.46"
"CANDIDATE COMMITTEE","COMMITTEE TO ELECT KEN PENDERGRAFT","IONOS","GRAPHICS/WEBSITE FEES","3/26/2026","WY ","FILED","4"
"CANDIDATE COMMITTEE","MEGAN FOR GOVERNOR","META PLATFORMS (FACEBOOK)","ADVERTISING - DIGITAL","3/26/2026","MENLO PARK, CA 94025","FILED","75"
"CANDIDATE COMMITTEE","MEGAN FOR GOVERNOR","WINRED TECHNICAL SERVICES","BANKING ","3/26/2026","CHEYENNE, WY 82001","FILED","143.34"
"CANDIDATE COMMITTEE","SCHRIFTMAN FOR STATE HOUSE","VISTA PRINTING","CAMPAIGN YARD SIGNS, BUTTONS, PENS, ETC.","3/26/2026","MA ","FILED","148.39"
"CANDIDATE COMMITTEE","BRENT BIEN FOR GOVERNOR","APG ROCKIES ADVERTISING","ADVERTISING - MISC.","3/25/2026","WY ","FILED","339"
"CANDIDATE COMMITTEE","COMMITTEE TO ELECT KEN CLOUSTON","KEN CLOUSTON","ADVERTISING - MISC.","3/25/2026","GILLETTE, WY 82718","FILED","80.75"
"CANDIDATE","MATT MCGINNIS ","SIGNS ON THE CHEAP","CAMPAIGN YARD SIGNS, BUTTONS, PENS, ETC.","3/25/2026","WY ","FILED","244.71"
"CANDIDATE COMMITTEE","MEGAN FOR GOVERNOR","WINRED TECHNICAL SERVICES","BANKING ","3/25/2026","CHEYENNE, WY 82001","FILED","78.8"
"CANDIDATE COMMITTEE","SHORT FOR STATE","LOU TAUBERT","OTHER: CLOTHING","3/25/2026","WY ","FILED","223.45"
"CANDIDATE COMMITTEE","STACY JONES FOR SENATE DISTRICT 13","DANA WEST","ADVERTISING - DIGITAL","3/25/2026","ROCK SPRINGS, WY 82901","FILED","350"
"CANDIDATE COMMITTEE","COMMITTEE TO ELECT KRISTI RACINES","ARTS IN ACTION","FACILITY FEE","3/24/2026","WY ","FILED","65"
"CANDIDATE COMMITTEE","COMMITTEE TO ELECT KRISTI RACINES","PBR PRINTING","PRINTING","3/24/2026","WY ","FILED","452.95"
"CANDIDATE COMMITTEE","MEGAN FOR GOVERNOR","WINRED TECHNICAL SERVICES","BANKING ","3/24/2026","CHEYENNE, WY 82001","FILED","43.73"
"CANDIDATE COMMITTEE","REINER FOR WYOMING","JONAH BANK OF WYOMING","BANKING ","3/24/2026","CHEYENNE, WY 82009","FILED","24.66"
"CANDIDATE COMMITTEE","BIGELOW FOR HD51","ANEDOT","BANKING ","3/23/2026","DALLAS, TX 75206","FILED","25.8"
"CANDIDATE COMMITTEE","BRENT BIEN FOR GOVERNOR","BUFFALO BULLETIN","ADVERTISING - NEWSPAPER","3/23/2026","WY ","FILED","420"
"CANDIDATE COMMITTEE","BRENT BIEN FOR GOVERNOR","COOK BROTHERS BROADCASTING","ADVERTISING - MISC.","3/23/2026","WY ","FILED","144"
"CANDIDATE COMMITTEE","BRENT BIEN FOR GOVERNOR","SUNDANCE TIMES","ADVERTISING - NEWSPAPER","3/23/2026","WY ","FILED","224"
"CANDIDATE COMMITTEE","BRENT BIEN FOR GOVERNOR","X CORP","ADVERTISING - DIGITAL","3/23/2026","WY ","FILED","2.69"
"CANDIDATE COMMITTEE","COMMITTEE TO ELECT CURT MEIER","BOB BONNAR","CONSULTING","3/23/2026","DURANGO, CO 81301","FILED","5000"
"CANDIDATE COMMITTEE","COMMITTEE TO ELECT DWAYNE DILLINGER","PRIORITY PROPERTY MANAGEMENT","RENT","3/23/2026","WY ","FILED","250"
"CANDIDATE COMMITTEE","COMMITTEE TO ELECT GARY BROWN ","SUPER CHEAP SIGNS","CAMPAIGN YARD SIGNS, BUTTONS, PENS, ETC.","3/23/2026","TX ","FILED","979.13"
"CANDIDATE COMMITTEE","COMMITTEE TO ELECT KEN PENDERGRAFT","SUPER CHEAP SIGNS","CAMPAIGN YARD SIGNS, BUTTONS, PENS, ETC.","3/23/2026","WY ","FILED","150.65"
"CANDIDATE COMMITTEE","COMMITTEE TO ELECT KRISTI RACINES","WIX PAYMENTS","BANKING ","3/23/2026","","FILED","14.8"
"CANDIDATE","JEREMY MICHAEL HAROLDSON ","10TH STREET SOCIAL CLUB ","FACILITY FEE","3/23/2026","WHEATLAND, WY 82201","FILED","200"
"CANDIDATE COMMITTEE","MEGAN FOR GOVERNOR","META PLATFORMS (FACEBOOK)","ADVERTISING - DIGITAL","3/23/2026","MENLO PARK, CA 94025","FILED","35.74"
"CANDIDATE COMMITTEE","MEGAN FOR GOVERNOR","META PLATFORMS (FACEBOOK)","ADVERTISING - DIGITAL","3/23/2026","MENLO PARK, CA 94025","FILED","250"
"CANDIDATE COMMITTEE","SCHRIFTMAN FOR STATE HOUSE","SUPER CHEAP SIGNS","CAMPAIGN YARD SIGNS, BUTTONS, PENS, ETC.","3/23/2026","TX ","FILED","923.47"
"CANDIDATE","TREY LYNN SHERWOOD ","THE COLLECTIVE","RENT","3/22/2026","LARAMIE, WY 82070","FILED","205.8"
"CANDIDATE COMMITTEE","COMMITTEE TO ELECT KRISTI RACINES","PAYPAL","BANKING ","3/21/2026","","FILED","7.47"
"CANDIDATE COMMITTEE","SHORT FOR STATE","SAM'S CLUB FUEL","TRAVEL (HOTEL, GAS, ETC.)","3/21/2026","WY ","FILED","27.13"
"CANDIDATE COMMITTEE","BIGELOW FOR HD51","UNITED STATES POSTAL SERVICE","POSTAGE","3/20/2026","SHERIDAN, WY 82801","FILED","78"
"CANDIDATE COMMITTEE","COMMITTEE TO ELECT TOM KELLY","WIX.COM","GRAPHICS/WEBSITE FEES","3/20/2026"," , CA ","FILED","12.9"
"CANDIDATE","JUSTIN WILLIAM WINNEY JR","RIGHT STRATEGIES","CONSULTING","3/20/2026","ANKENNY, IA 50023","FILED","2500"
"CANDIDATE","PETER BOYER ","AMBI MAIL & MARKETING","PRINTING","3/20/2026","CASPER, WY 82601","FILED","72.7"
"CANDIDATE","R. J. KOST ","GO DADDY","ADVERTISING - DIGITAL","3/20/2026","TEMPE, AZ 85281","FILED","28.38"
"CANDIDATE COMMITTEE","SHORT FOR STATE","OT CHEAP","CAMPAIGN YARD SIGNS, BUTTONS, PENS, ETC.","3/20/2026","WY ","FILED","5498.09"
"CANDIDATE COMMITTEE","BIGELOW FOR HD51","ALPHAGRAPHICS","CAMPAIGN YARD SIGNS, BUTTONS, PENS, ETC.","3/19/2026","SHERIDAN, WY 82801","FILED","257.7"
"CANDIDATE COMMITTEE","COMMITTEE TO ELECT GARY BROWN ","ETSY SIGN AUTHORITY ","CAMPAIGN YARD SIGNS, BUTTONS, PENS, ETC.","3/19/2026","WY ","FILED","593.58"
"CANDIDATE COMMITTEE","MEGAN FOR GOVERNOR","BANNER BUZZ","CAMPAIGN YARD SIGNS, BUTTONS, PENS, ETC.","3/19/2026","LAWRENCEVILLE, GA 30046","FILED","274.04"
"CANDIDATE COMMITTEE","MEGAN FOR GOVERNOR","EXPEDIA","TRAVEL (HOTEL, GAS, ETC.)","3/19/2026","BOSTON, MA 02116","FILED","104.07"
"CANDIDATE COMMITTEE","MEGAN FOR GOVERNOR","GARNER HOTEL GILLETTE SOUTH","TRAVEL (HOTEL, GAS, ETC.)","3/19/2026","GILLETTE, WY 82718","FILED","40"
"CANDIDATE COMMITTEE","MEGAN FOR GOVERNOR","META PLATFORMS (FACEBOOK)","ADVERTISING - DIGITAL","3/19/2026","MENLO PARK, CA 94025","FILED","75"
"CANDIDATE COMMITTEE","MEGAN FOR GOVERNOR","META PLATFORMS (FACEBOOK)","ADVERTISING - DIGITAL","3/19/2026","MENLO PARK, CA 94025","FILED","75"
"CANDIDATE COMMITTEE","MEGAN FOR GOVERNOR","VISTAPRINT","PRINTING","3/19/2026","LEXINGTON, MA 02421","FILED","63.58"
"CANDIDATE","PAUL V HOEFT ","POWELL TRIBUNE","ADVERTISING - NEWSPAPER","3/19/2026","POWELL, WY 82435","FILED","200"
"CANDIDATE","PETER BOYER ","ANDREA BOYER","CAMPAIGN YARD SIGNS, BUTTONS, PENS, ETC.","3/19/2026","BAR NUNN, WY 82601","FILED","1054.84"
"CANDIDATE","PETER BOYER ","ANDREA BOYER","CAMPAIGN YARD SIGNS, BUTTONS, PENS, ETC.","3/19/2026","BAR NUNN, WY 82601","AMEND - DELETE","1054.84"
"CANDIDATE","PETER BOYER ","ANDREA BOYER","CAMPAIGN YARD SIGNS, BUTTONS, PENS, ETC.","3/19/2026","BAR NUNN, WY 82601","AMEND - DELETE","1054.84"
"CANDIDATE","R. J. KOST ","ROVENNA SIGNS & DESIGN","ADVERTISING - MISC.","3/19/2026","POWELL, WY 82435","FILED","503.36"
"CANDIDATE COMMITTEE","SHORT FOR STATE","PBR PRINTING","CAMPAIGN YARD SIGNS, BUTTONS, PENS, ETC.","3/19/2026","WY ","FILED","91.85"
"CANDIDATE COMMITTEE","BEN HORNOK FOR WYOMING","CAMPAIGNPARTNER.COM","GRAPHICS/WEBSITE FEES","3/18/2026","STILL RIVER, MA 01467","FILED","32"
"CANDIDATE COMMITTEE","BIGELOW FOR HD51","HARLAND CLARKE ","BANKING ","3/18/2026","","FILED","38.41"
"CANDIDATE COMMITTEE","BIGELOW FOR HD51","HEIDI KENNEDY","GRAPHICS/WEBSITE FEES","3/18/2026","GILLETTE, WY 82718","FILED","431.02"
"CANDIDATE COMMITTEE","COMMITTEE TO ELECT KEN PENDERGRAFT","IONOS","GRAPHICS/WEBSITE FEES","3/18/2026","WY ","FILED","194"
"CANDIDATE COMMITTEE","COMMITTEE TO ELECT KRISTI RACINES","HP.COM","OFFICE SUPPLIES","3/18/2026","","FILED","688.99"
"CANDIDATE COMMITTEE","MEGAN FOR GOVERNOR","COOKIES & KISSES BAKERY","FOOD AND BEVERAGES","3/18/2026","BUFFALO, WY 82834","FILED","50"
"CANDIDATE COMMITTEE","MEGAN FOR GOVERNOR","WINRED TECHNICAL SERVICES","BANKING ","3/18/2026","CHEYENNE, WY 82001","FILED","9.85"
"CANDIDATE","R. J. KOST ","CROFT MARKETING GROUP LLC","ADVERTISING - DIGITAL","3/18/2026","POWELL, WY 82435","FILED","3647.9"
"CANDIDATE","R. J. KOST ","POWELL TRIBUNE","ADVERTISING - MISC.","3/18/2026","POWELL, WY 82435","FILED","2067.34"
"CANDIDATE COMMITTEE","BITEMAN FOR WYOMING","FLYING J","TRAVEL (HOTEL, GAS, ETC.)","3/17/2026","WY ","FILED","26.89"
"CANDIDATE COMMITTEE","COMMITTEE TO ELECT DWAYNE DILLINGER","MAIN STREET CHECKS","ADMINISTRATIVE COSTS","3/17/2026","WY ","FILED","65.46"
"CANDIDATE COMMITTEE","COMMITTEE TO ELECT KEN PENDERGRAFT","VISTA PRINT","CAMPAIGN YARD SIGNS, BUTTONS, PENS, ETC.","3/17/2026","WY ","FILED","622.46"
"CANDIDATE COMMITTEE","COMMITTEE TO ELECT KRISTI RACINES","VENMO","BANKING ","3/17/2026","","FILED","8.75"
"CANDIDATE COMMITTEE","COMMITTEE TO ELECT TOM KELLY","SUPER CHEAP SIGNS","CAMPAIGN YARD SIGNS, BUTTONS, PENS, ETC.","3/17/2026","TX ","FILED","4364.98"
"CANDIDATE COMMITTEE","COMMITTEE TO ELECT TOM KELLY","SUPER CHEAP SIGNS","CAMPAIGN YARD SIGNS, BUTTONS, PENS, ETC.","3/17/2026"," , TX ","FILED","519.48"
"CANDIDATE COMMITTEE","COMMITTEE TO ELECT TOM KELLY","WIX.COM","GRAPHICS/WEBSITE FEES","3/17/2026"," , CA ","FILED","174"
"CANDIDATE COMMITTEE","MEGAN FOR GOVERNOR","META PLATFORMS (FACEBOOK)","ADVERTISING - DIGITAL","3/17/2026","MENLO PARK, CA 94025","FILED","75"
"CANDIDATE COMMITTEE","SHORT FOR STATE","ELIZABETH DILLOW LLC","CONSULTING","3/17/2026","WY ","FILED","13854.9"
"CANDIDATE COMMITTEE","SHORT FOR STATE","STICKER GIAN","CAMPAIGN YARD SIGNS, BUTTONS, PENS, ETC.","3/17/2026","WY ","FILED","14.3"
"CANDIDATE COMMITTEE","BARLOW FOR WYOMING","AMBI","CAMPAIGN YARD SIGNS, BUTTONS, PENS, ETC.","3/16/2026","CASPER, WY 82602","FILED","709.6"
"CANDIDATE COMMITTEE","BARLOW FOR WYOMING","RADIANT MANUFACTURING","CAMPAIGN YARD SIGNS, BUTTONS, PENS, ETC.","3/16/2026","ROCK SPRINGS, WY 82902","FILED","19930.86"
"CANDIDATE COMMITTEE","BIGELOW FOR HD51","ANEDOT","BANKING ","3/16/2026","DALLAS, TX 75206","FILED","3.9"
"CANDIDATE COMMITTEE","BRENT BIEN FOR GOVERNOR","HIREJORDANSMITH","GRAPHICS/WEBSITE FEES","3/16/2026","TULSA, OK ","FILED","250"
"CANDIDATE COMMITTEE","CARLIN JONES FOR WYOMING","SUPER CHEAP SIGNS","CAMPAIGN YARD SIGNS, BUTTONS, PENS, ETC.","3/16/2026","TX ","AMEND - ADD","37"
"CANDIDATE COMMITTEE","COMMITTEE TO ELECT KEN PENDERGRAFT","IONOS","IT SERVICES","3/16/2026","WY ","FILED","39.75"
"CANDIDATE COMMITTEE","COMMITTEE TO ELECT KEN PENDERGRAFT","SUPER CHEAP SIGNS","CAMPAIGN YARD SIGNS, BUTTONS, PENS, ETC.","3/16/2026","WY ","FILED","821.17"
"CANDIDATE COMMITTEE","COMMITTEE TO ELECT KRISTI RACINES","WIX PAYMENTS","BANKING ","3/16/2026","","FILED","14.8"
"CANDIDATE COMMITTEE","MEGAN FOR GOVERNOR","BW CREATIVE AGENCY, LLC","ADVERTISING - DIGITAL","3/16/2026","PHOENIX, AZ 85023","FILED","13250"
"CANDIDATE COMMITTEE","MEGAN FOR GOVERNOR","GARNER HOTEL GILLETTE SOUTH","TRAVEL (HOTEL, GAS, ETC.)","3/16/2026","GILLETTE, WY 82718","FILED","83.6"
"CANDIDATE COMMITTEE","MEGAN FOR GOVERNOR","META PLATFORMS (FACEBOOK)","ADVERTISING - DIGITAL","3/16/2026","MENLO PARK, CA 94025","FILED","75"
"CANDIDATE COMMITTEE","MEGAN FOR GOVERNOR","META PLATFORMS (FACEBOOK)","ADVERTISING - DIGITAL","3/16/2026","MENLO PARK, CA 94025","FILED","75"
"CANDIDATE COMMITTEE","MEGAN FOR GOVERNOR","META PLATFORMS (FACEBOOK)","ADVERTISING - DIGITAL","3/16/2026","MENLO PARK, CA 94025","FILED","75"
"CANDIDATE COMMITTEE","MEGAN FOR GOVERNOR","WINRED TECHNICAL SERVICES","BANKING ","3/16/2026","CHEYENNE, WY 82001","FILED","297.9"
"CANDIDATE COMMITTEE","WILLIAMS 4 WYOMING","RMC","GRAPHICS/WEBSITE FEES","3/16/2026","LAS VEGAS, NV 89117","FILED","4000"
"CANDIDATE COMMITTEE","CARLIN JONES FOR WYOMING","SUPER CHEAP SIGNS","CAMPAIGN YARD SIGNS, BUTTONS, PENS, ETC.","3/14/2026","TX ","AMEND - ADD","3080.22"
"CANDIDATE","TONY LOCKE ","CAMPAIGN PARTNER","GRAPHICS/WEBSITE FEES","3/14/2026","","FILED","29"
"CANDIDATE COMMITTEE","COMMITTEE TO ELECT ELISSA CAMPBELL","CAPITAL ONE","TRAVEL (HOTEL, GAS, ETC.)","3/13/2026","MCLEAN, VA 22102","FILED","1750"
"CANDIDATE COMMITTEE","IDE FOR SENATE","ROSS SCHRIFTMAN","OTHER: CAMPAIGN DONATION","3/13/2026","CASPER, WY 82601","FILED","200"
"CANDIDATE COMMITTEE","MEGAN FOR GOVERNOR","META PLATFORMS (FACEBOOK)","ADVERTISING - DIGITAL","3/13/2026","MENLO PARK, CA 94025","FILED","75"
"CANDIDATE COMMITTEE","MEGAN FOR GOVERNOR","META PLATFORMS (FACEBOOK)","ADVERTISING - DIGITAL","3/13/2026","MENLO PARK, CA 94025","FILED","75"
"CANDIDATE COMMITTEE","MEGAN FOR GOVERNOR","WINRED TECHNICAL SERVICES","BANKING ","3/13/2026","CHEYENNE, WY 82001","FILED","90.67"
"CANDIDATE","PETER BOYER ","SUPER CHEAP SIGNS","CAMPAIGN YARD SIGNS, BUTTONS, PENS, ETC.","3/13/2026","","AMEND - ADD","1054.84"
"CANDIDATE COMMITTEE","BARLOW FOR WYOMING","KLAVIYO","IT SERVICES","3/12/2026","BOSTON, MA 02111","FILED","45"
"CANDIDATE COMMITTEE","BRENT BIEN FOR GOVERNOR","LOVCOM INC DBA SHERIDN","ADVERTISING - MISC.","3/12/2026","WY ","FILED","396.29"
"CANDIDATE COMMITTEE","COMMITTEE TO ELECT DWAYNE DILLINGER","SIR SPEEDY","CAMPAIGN YARD SIGNS, BUTTONS, PENS, ETC.","3/12/2026","WY ","FILED","555.15"
"CANDIDATE COMMITTEE","COMMITTEE TO ELECT DWAYNE DILLINGER","WORD PRESS","GRAPHICS/WEBSITE FEES","3/12/2026","WY ","FILED","48"
"CANDIDATE COMMITTEE","MEGAN FOR GOVERNOR","GUSTO","TAXES","3/12/2026","SAN FRANCISCO, CA 94107","FILED","274.79"
"CANDIDATE COMMITTEE","MEGAN FOR GOVERNOR","HANNAH HARRINGTON","PAYROLL","3/12/2026","CHEYNNE, WY 82009","FILED","1095.21"
"CANDIDATE COMMITTEE","MEGAN FOR GOVERNOR","META PLATFORMS (FACEBOOK)","ADVERTISING - DIGITAL","3/12/2026","MENLO PARK, CA 94025","FILED","75"
"CANDIDATE COMMITTEE","MEGAN FOR GOVERNOR","META PLATFORMS (FACEBOOK)","ADVERTISING - DIGITAL","3/12/2026","MENLO PARK, CA 94025","FILED","75"
"CANDIDATE COMMITTEE","MEGAN FOR GOVERNOR","META PLATFORMS (FACEBOOK)","ADVERTISING - DIGITAL","3/12/2026","MENLO PARK, CA 94025","FILED","75"
"CANDIDATE COMMITTEE","MEGAN FOR GOVERNOR","META PLATFORMS (FACEBOOK)","ADVERTISING - DIGITAL","3/12/2026","MENLO PARK, CA 94025","FILED","250"
"CANDIDATE COMMITTEE","MEGAN FOR GOVERNOR","WINRED TECHNICAL SERVICES","BANKING ","3/12/2026","CHEYENNE, WY 82001","FILED","197"
"CANDIDATE COMMITTEE","BITEMAN FOR WYOMING","FRONTIER CONSULTING","CONSULTING","3/11/2026","WY ","FILED","18500"
"CANDIDATE COMMITTEE","BITEMAN FOR WYOMING","JOEY CORRENTI","PAYROLL","3/11/2026","WY ","FILED","9500"
"CANDIDATE COMMITTEE","COMMITTEE TO ELECT KRISTI RACINES","WIX PAYMENTS","BANKING ","3/11/2026","","FILED","15.1"
"CANDIDATE COMMITTEE","ERICKSON FOR HD 37","VISTA PRINT","PRINTING","3/11/2026","WY ","FILED","152.14"
"CANDIDATE COMMITTEE","ERICKSON FOR HD 37","WIX","GRAPHICS/WEBSITE FEES","3/11/2026","WY ","FILED","174"
"CANDIDATE COMMITTEE","ERICKSON FOR HD 37","WIX","GRAPHICS/WEBSITE FEES","3/11/2026","WY ","FILED","12.9"
"CANDIDATE COMMITTEE","MEGAN FOR GOVERNOR","META PLATFORMS (FACEBOOK)","ADVERTISING - DIGITAL","3/11/2026","MENLO PARK, CA 94025","FILED","75"
"CANDIDATE COMMITTEE","MEGAN FOR GOVERNOR","META PLATFORMS (FACEBOOK)","ADVERTISING - DIGITAL","3/11/2026","MENLO PARK, CA 94025","FILED","75"
"CANDIDATE COMMITTEE","COMMITTEE TO ELECT KRISTI RACINES","USPS","POSTAGE","3/10/2026","WY ","FILED","46.8"
"CANDIDATE COMMITTEE","COMMITTEE TO ELECT KRISTI RACINES","VENMO","BANKING ","3/10/2026","","FILED","12.65"
"CANDIDATE COMMITTEE","FRIENDS OF JULIE JARVIS","ADOBE","OFFICE SUPPLIES","3/10/2026","SAN JOSE, CA 95110","FILED","23.18"
"CANDIDATE COMMITTEE","MEGAN FOR GOVERNOR","FEDEX","POSTAGE","3/10/2026","MEMPHIS, TN 38120","FILED","67.13"
"CANDIDATE COMMITTEE","MEGAN FOR GOVERNOR","META PLATFORMS (FACEBOOK)","ADVERTISING - DIGITAL","3/10/2026","MENLO PARK, CA 94025","FILED","75"
"CANDIDATE COMMITTEE","MEGAN FOR GOVERNOR","META PLATFORMS (FACEBOOK)","ADVERTISING - DIGITAL","3/10/2026","MENLO PARK, CA 94025","FILED","75"
"CANDIDATE COMMITTEE","MEGAN FOR GOVERNOR","META PLATFORMS (FACEBOOK)","ADVERTISING - DIGITAL","3/10/2026","MENLO PARK, CA 94025","FILED","75"
"CANDIDATE COMMITTEE","MEGAN FOR GOVERNOR","RED CURVE SOLUTIONS","CONSULTING","3/10/2026","BEVERLY, MA 01915","FILED","3000"
"CANDIDATE COMMITTEE","BARLOW FOR WYOMING","SARATOGA SUN","ADVERTISING - NEWSPAPER","3/9/2026","SARATOGA, WY 82331","FILED","288"
"CANDIDATE COMMITTEE","BRENT BIEN FOR GOVERNOR","AMAZON MARK","CAMPAIGN YARD SIGNS, BUTTONS, PENS, ETC.","3/9/2026","WY ","FILED","27.29"
"CANDIDATE COMMITTEE","BRENT BIEN FOR GOVERNOR","APG ROCKIES ADVERTISING","ADVERTISING - MISC.","3/9/2026","WY ","FILED","195"
"CANDIDATE COMMITTEE","BRENT BIEN FOR GOVERNOR","DRI PRINT PLACE","ADVERTISING - MISC.","3/9/2026","WY ","FILED","211.87"
"CANDIDATE COMMITTEE","BRENT BIEN FOR GOVERNOR","KAIROS COMMUNICATIONS LLC","ADVERTISING - MISC.","3/9/2026","RIVERTON, WY 82501","FILED","368"
"CANDIDATE COMMITTEE","BRENT BIEN FOR GOVERNOR","STICKER MULE","CAMPAIGN YARD SIGNS, BUTTONS, PENS, ETC.","3/9/2026","WY ","FILED","537.16"
"CANDIDATE COMMITTEE","ERICKSON FOR HD 37","WIX DOMAIN NAME","GRAPHICS/WEBSITE FEES","3/9/2026","WY ","FILED","22.8"
"CANDIDATE COMMITTEE","MEGAN FOR GOVERNOR","META PLATFORMS (FACEBOOK)","ADVERTISING - DIGITAL","3/9/2026","MENLO PARK, CA 94025","FILED","75"
"CANDIDATE COMMITTEE","MEGAN FOR GOVERNOR","META PLATFORMS (FACEBOOK)","ADVERTISING - DIGITAL","3/9/2026","MENLO PARK, CA 94025","FILED","75"
"CANDIDATE COMMITTEE","MEGAN FOR GOVERNOR","META PLATFORMS (FACEBOOK)","ADVERTISING - DIGITAL","3/9/2026","MENLO PARK, CA 94025","FILED","75"
"CANDIDATE COMMITTEE","MEGAN FOR GOVERNOR","META PLATFORMS (FACEBOOK)","ADVERTISING - DIGITAL","3/9/2026","MENLO PARK, CA 94025","FILED","75"
"CANDIDATE COMMITTEE","COMMITTEE TO ELECT KRISTI RACINES","BIG D","TRAVEL (HOTEL, GAS, ETC.)","3/8/2026","WY ","FILED","33.45"
"CANDIDATE COMMITTEE","MEGAN FOR GOVERNOR","META PLATFORMS (FACEBOOK)","ADVERTISING - DIGITAL","3/8/2026","MENLO PARK, CA 94025","FILED","75"
"CANDIDATE COMMITTEE","MEGAN FOR GOVERNOR","META PLATFORMS (FACEBOOK)","ADVERTISING - DIGITAL","3/8/2026","MENLO PARK, CA 94025","FILED","75"
"CANDIDATE COMMITTEE","MEGAN FOR GOVERNOR","META PLATFORMS (FACEBOOK)","ADVERTISING - DIGITAL","3/8/2026","MENLO PARK, CA 94025","FILED","75"
"CANDIDATE COMMITTEE","MEGAN FOR GOVERNOR","META PLATFORMS (FACEBOOK)","ADVERTISING - DIGITAL","3/8/2026","MENLO PARK, CA 94025","FILED","75"
"CANDIDATE COMMITTEE","MEGAN FOR GOVERNOR","META PLATFORMS (FACEBOOK)","ADVERTISING - DIGITAL","3/8/2026","MENLO PARK, CA 94025","FILED","75"
"CANDIDATE COMMITTEE","MEGAN FOR GOVERNOR","META PLATFORMS (FACEBOOK)","ADVERTISING - DIGITAL","3/7/2026","MENLO PARK, CA 94025","FILED","75"
"CANDIDATE COMMITTEE","BARLOW FOR WYOMING","STICKER GIANT","CAMPAIGN YARD SIGNS, BUTTONS, PENS, ETC.","3/6/2026","LONGMONT , CO 80501","FILED","2323.52"
"CANDIDATE COMMITTEE","BEN HORNOK FOR WYOMING","PATRIOT MOBILE","PHONE","3/6/2026","GRAPEVINE, TX 76051","FILED","30.4"
"CANDIDATE COMMITTEE","BITEMAN FOR WYOMING","JOEY CORRENTI","OTHER: GIFTS FOR STAFF","3/6/2026","WY ","FILED","150"
"CANDIDATE COMMITTEE","COMMITTEE TO ELECT KRISTI RACINES","LOAF N'JUG","TRAVEL (HOTEL, GAS, ETC.)","3/6/2026","WY ","FILED","33.1"
"CANDIDATE COMMITTEE","ERICKSON FOR HD 37","CASPER SHRINE CLUB","FACILITY FEE","3/6/2026","CASPER, WY 82604","FILED","250"
"CANDIDATE COMMITTEE","MEGAN FOR GOVERNOR","CONSTANT CONTACT","ADVERTISING - MISC.","3/6/2026","WALTHAM, MA 02451","FILED","112"
"CANDIDATE COMMITTEE","MEGAN FOR GOVERNOR","META PLATFORMS (FACEBOOK)","ADVERTISING - DIGITAL","3/6/2026","MENLO PARK, CA 94025","FILED","75"
"CANDIDATE COMMITTEE","MEGAN FOR GOVERNOR","META PLATFORMS (FACEBOOK)","ADVERTISING - DIGITAL","3/6/2026","MENLO PARK, CA 94025","FILED","75"
"CANDIDATE COMMITTEE","MEGAN FOR GOVERNOR","META PLATFORMS (FACEBOOK)","ADVERTISING - DIGITAL","3/6/2026","MENLO PARK, CA 94025","FILED","75"
"CANDIDATE COMMITTEE","MEGAN FOR GOVERNOR","WINRED TECHNICAL SERVICES","BANKING ","3/6/2026","CHEYENNE, WY 82001","FILED","2.37"
"CANDIDATE COMMITTEE","SCHRIFTMAN FOR STATE HOUSE","STAPLES","PRINTING","3/6/2026"," , WY ","FILED","27.53"
"CANDIDATE COMMITTEE","BITEMAN FOR WYOMING","SENATE COURTESY FUND","FOOD AND BEVERAGES","3/5/2026","WY ","FILED","107"
"CANDIDATE COMMITTEE","COMMITTEE TO ELECT DWAYNE DILLINGER","PRIME RIB","FOOD AND BEVERAGES","3/5/2026","WY ","FILED","1448.37"
"CANDIDATE COMMITTEE","FRIENDS OF JULIE JARVIS","FLYWHEEL","GRAPHICS/WEBSITE FEES","3/5/2026","OMAHA, NE 68102","FILED","15"
"CANDIDATE COMMITTEE","FRIENDS OF JULIE JARVIS","GOOGLE GSUITE","GRAPHICS/WEBSITE FEES","3/5/2026","MOUNTAIN VIEW, CA 94043","FILED","26.4"
"CANDIDATE COMMITTEE","KELLER FOR WYO","BROADWAY BAKERY","FOOD AND BEVERAGES","3/5/2026"," , WY ","FILED","208.32"
"CANDIDATE COMMITTEE","LANDEN FOR LEGISLATURE","SENATE COURTESY FUND","FOOD AND BEVERAGES","3/5/2026","CHEYENNE, WY ","FILED","134"
"CANDIDATE COMMITTEE","MEGAN FOR GOVERNOR","META PLATFORMS (FACEBOOK)","ADVERTISING - DIGITAL","3/5/2026","MENLO PARK, CA 94025","FILED","75"
"CANDIDATE COMMITTEE","MEGAN FOR GOVERNOR","META PLATFORMS (FACEBOOK)","ADVERTISING - DIGITAL","3/5/2026","MENLO PARK, CA 94025","FILED","75"
"CANDIDATE COMMITTEE","BRENT BIEN FOR GOVERNOR","AQUECS, INC.","CAMPAIGN YARD SIGNS, BUTTONS, PENS, ETC.","3/4/2026","WI ","FILED","4031.26"
"CANDIDATE COMMITTEE","COMMITTEE TO ELECT KRISTI RACINES","USPS","POSTAGE","3/4/2026","WY ","FILED","24.4"
"CANDIDATE COMMITTEE","COMMITTEE TO ELECT KRISTI RACINES","WIX PAYMENTS","BANKING ","3/4/2026","","FILED","39.75"
"CANDIDATE COMMITTEE","FRIENDS OF MARK GORDON","BULLHORN COMMUNICATIONS","GRAPHICS/WEBSITE FEES","3/4/2026","CARMEL, IN 46032","FILED","34"
"CANDIDATE COMMITTEE","KELLER FOR WYO","MACK'S MARKET","FOOD AND BEVERAGES","3/4/2026","WY ","FILED","24.65"
"CANDIDATE COMMITTEE","MEGAN FOR GOVERNOR","BATTLEFIELD LLC","CONSULTING","3/4/2026","MOUNT VERNON, NY 10550","FILED","12.5"
"CANDIDATE COMMITTEE","MEGAN FOR GOVERNOR","META PLATFORMS (FACEBOOK)","ADVERTISING - DIGITAL","3/4/2026","MENLO PARK, CA 94025","FILED","75"
"CANDIDATE COMMITTEE","MEGAN FOR GOVERNOR","META PLATFORMS (FACEBOOK)","ADVERTISING - DIGITAL","3/4/2026","MENLO PARK, CA 94025","FILED","75"
"CANDIDATE COMMITTEE","MEGAN FOR GOVERNOR","META PLATFORMS (FACEBOOK)","ADVERTISING - DIGITAL","3/4/2026","MENLO PARK, CA 94025","FILED","75"
"CANDIDATE COMMITTEE","MEGAN FOR GOVERNOR","WINRED TECHNICAL SERVICES","BANKING ","3/4/2026","CHEYENNE, WY 82001","FILED","3.94"
"CANDIDATE COMMITTEE","BARLOW FOR WYOMING","AXIOM STRATEGIES","CONSULTING","3/3/2026","KANSAS CITY, MO 64112","FILED","5000"
"CANDIDATE COMMITTEE","BRENT BIEN FOR GOVERNOR","FACEBOOK","ADVERTISING - DIGITAL","3/3/2026","WY ","FILED","37.46"
"CANDIDATE COMMITTEE","BRENT BIEN FOR GOVERNOR","GOOD NEWS PUBLICATION","ADVERTISING - DIGITAL","3/3/2026","WY ","FILED","139.74"
"CANDIDATE COMMITTEE","MEGAN FOR GOVERNOR","COWBOY STATE DAILY","ADVERTISING - MISC.","3/3/2026","JACKSON, WY 83002","FILED","8000"
"CANDIDATE COMMITTEE","MEGAN FOR GOVERNOR","GUSTO","TAXES","3/3/2026","SAN FRANCISCO, CA 94107","FILED","58.44"
"CANDIDATE COMMITTEE","MEGAN FOR GOVERNOR","META PLATFORMS (FACEBOOK)","ADVERTISING - DIGITAL","3/3/2026","MENLO PARK, CA 94025","FILED","75"
"CANDIDATE COMMITTEE","MEGAN FOR GOVERNOR","META PLATFORMS (FACEBOOK)","ADVERTISING - DIGITAL","3/3/2026","MENLO PARK, CA 94025","FILED","75"
"CANDIDATE COMMITTEE","MEGAN FOR GOVERNOR","RED CURVE SOLUTIONS","CONSULTING","3/3/2026","BEVERLY, MA 01915","FILED","50.28"
"CANDIDATE COMMITTEE","MEGAN FOR GOVERNOR","RED CURVE SOLUTIONS","CONSULTING","3/3/2026","BEVERLY, MA 01915","FILED","5037.09"
"CANDIDATE COMMITTEE","MEGAN FOR GOVERNOR","WINRED TECHNICAL SERVICES","BANKING ","3/3/2026","CHEYENNE, WY 82001","FILED","98.5"
"CANDIDATE COMMITTEE","BARLOW FOR WYOMING","HIGH PLAINS CONSULTANTS","CONSULTING","3/2/2026","CARPENTER, WY 82054","FILED","2056.25"
"CANDIDATE COMMITTEE","BARLOW FOR WYOMING","LILY CRAGO","CONSULTING","3/2/2026","LARAMIE, WY 82070","FILED","412.97"
"CANDIDATE COMMITTEE","BARLOW FOR WYOMING","SPECIALTY INCENTIVES","CAMPAIGN YARD SIGNS, BUTTONS, PENS, ETC.","3/2/2026","DENVER, CO 80222","FILED","1158.3"
"CANDIDATE COMMITTEE","BARLOW FOR WYOMING","TAILORED CFO SOLUTIONS LLC","CONSULTING","3/2/2026","GREEN RIVER, WY 82935","FILED","6100"
"CANDIDATE COMMITTEE","BITEMAN FOR WYOMING","ADOBE","ADMINISTRATIVE COSTS","3/2/2026","WY ","FILED","31.79"
"CANDIDATE COMMITTEE","FRIENDS OF MARK GORDON","GOOGLE APPS","GRAPHICS/WEBSITE FEES","3/2/2026","MOUNTAIN VIEW, CA 94043","FILED","58.8"
"CANDIDATE COMMITTEE","MEGAN FOR GOVERNOR","GOOGLE WORKSPACE","ADVERTISING - DIGITAL","3/2/2026","MOUNTAIN VIEW, CA 94043","FILED","52.2"
"CANDIDATE COMMITTEE","MEGAN FOR GOVERNOR","META PLATFORMS (FACEBOOK)","ADVERTISING - DIGITAL","3/2/2026","MENLO PARK, CA 94025","FILED","634.5"
"CANDIDATE COMMITTEE","MEGAN FOR GOVERNOR","WINRED TECHNICAL SERVICES","BANKING ","3/2/2026","CHEYENNE, WY 82001","FILED","0.39"
"CANDIDATE COMMITTEE","BARLOW FOR WYOMING","GOOGLE","IT SERVICES","3/1/2026","MOUNTAIN VIEW, CA 94043","FILED","191.4"
"CANDIDATE COMMITTEE","BEN HORNOK FOR WYOMING","AMERICAN POSTAL SERVICE","OTHER: MAILBOX","3/1/2026","CHEYENNE, WY 82007","FILED","17"
"CANDIDATE COMMITTEE","COMMITTEE TO ELECT KRISTI RACINES","GOOGLE","GRAPHICS/WEBSITE FEES","3/1/2026","","FILED","8.4"
"CANDIDATE COMMITTEE","BARLOW FOR WYOMING","FACEBOOK","ADVERTISING - DIGITAL","2/28/2026","MENLO PARK, CA 94025","FILED","160"
"CANDIDATE COMMITTEE","BARLOW FOR WYOMING","WINRED","BANKING ","2/28/2026","ALEXANDRIA, VA 22314","FILED","475.14"
"CANDIDATE COMMITTEE","BRENT BIEN FOR GOVERNOR","DGW VIDEO PRODUCTIONS, LLC","ADVERTISING - DIGITAL","2/28/2026","CHEYENNE, WY 82001","FILED","1525"
"CANDIDATE COMMITTEE","BRENT BIEN FOR GOVERNOR","WYOMING GOP","FACILITY FEE","2/28/2026","DOUGLAS, WY 82633","FILED","600"
"CANDIDATE COMMITTEE","BEN HORNOK FOR WYOMING","JONAH BANK","BANKING ","2/27/2026","CHEYENNE, WY 82001","FILED","4.11"
"CANDIDATE COMMITTEE","BITEMAN FOR WYOMING","HOBBY LOBBY","OTHER: LEADERSHIP GIFTS","2/27/2026","WY ","FILED","323.85"
"CANDIDATE COMMITTEE","BRENT BIEN FOR GOVERNOR","ALL PROMOS","ADVERTISING - MISC.","2/27/2026","","FILED","683"
"CANDIDATE COMMITTEE","DEGENFELDER FOR WYOMING","JONAH BANK","BANKING ","2/27/2026","WY ","FILED","0.76"
"CANDIDATE COMMITTEE","FORNSTROM FOR HD10","JONAH BANK OF WYOMING","BANKING ","2/27/2026","CASPER, WY 82601","FILED","2.78"
"CANDIDATE COMMITTEE","MEGAN FOR GOVERNOR","AMAZON","OFFICE SUPPLIES","2/27/2026","SEATTLE, WA 98109","FILED","116.59"
"CANDIDATE COMMITTEE","MEGAN FOR GOVERNOR","CHARLOTTE JONES","CONSULTING","2/27/2026","LARAMIE, WY 82070","FILED","76.5"
"CANDIDATE COMMITTEE","MEGAN FOR GOVERNOR","FOXHOLE STRATEGIES (BATTLEFIELD LLC)","CONSULTING","2/27/2026","DURHAM, CT 06422","FILED","21000"
"CANDIDATE COMMITTEE","MEGAN FOR GOVERNOR","META PLATFORMS (FACEBOOK)","ADVERTISING - DIGITAL","2/27/2026","MENLO PARK, CA 94025","FILED","75"
"CANDIDATE COMMITTEE","MEGAN FOR GOVERNOR","META PLATFORMS (FACEBOOK)","ADVERTISING - DIGITAL","2/27/2026","MENLO PARK, CA 94025","FILED","75"
"CANDIDATE COMMITTEE","MEGAN FOR GOVERNOR","WINRED TECHNICAL SERVICES","BANKING ","2/27/2026","CHEYENNE, WY 82001","FILED","11.82"
"CANDIDATE COMMITTEE","BRENT BIEN FOR GOVERNOR","TOWN OF HUDSON","ADVERTISING - NEWSPAPER","2/26/2026","","FILED","100"
"CANDIDATE COMMITTEE","MEGAN FOR GOVERNOR","GUSTO","TAXES","2/26/2026","SAN FRANCISCO, CA 94107","FILED","274.81"
"CANDIDATE COMMITTEE","MEGAN FOR GOVERNOR","HANNAH HARRINGTON","PAYROLL","2/26/2026","CHEYNNE, WY 82009","FILED","1095.2"
"CANDIDATE COMMITTEE","MEGAN FOR GOVERNOR","META PLATFORMS (FACEBOOK)","ADVERTISING - DIGITAL","2/26/2026","MENLO PARK, CA 94025","FILED","75"
"CANDIDATE COMMITTEE","BRENT BIEN FOR GOVERNOR","AQUECS INC","CAMPAIGN YARD SIGNS, BUTTONS, PENS, ETC.","2/25/2026","","FILED","4014"
"CANDIDATE COMMITTEE","BRENT BIEN FOR GOVERNOR","AQUECS INC.","CAMPAIGN YARD SIGNS, BUTTONS, PENS, ETC.","2/25/2026","","FILED","3234.64"
"CANDIDATE COMMITTEE","COMMITTEE TO ELECT ELISSA CAMPBELL","AIRBNB","TRAVEL (HOTEL, GAS, ETC.)","2/25/2026","CHEYENNE, WY 82003","FILED","1762.81"
"CANDIDATE COMMITTEE","COMMITTEE TO ELECT ELISSA CAMPBELL","AIRBNB","TRAVEL (HOTEL, GAS, ETC.)","2/25/2026","CHEYENNE, WY 82001","FILED","220.1"
"CANDIDATE COMMITTEE","COMMITTEE TO ELECT KRISTI RACINES","ELIZABETH DILLOW LLC","PRINTING","2/25/2026","WY ","FILED","263.35"
"CANDIDATE","MATTHEW HURT ","HOSTINGER","GRAPHICS/WEBSITE FEES","2/25/2026","CHEYENNE, WY 82001","FILED","70.14"
"CANDIDATE COMMITTEE","MEGAN FOR GOVERNOR","LARAMIE COUNTY REPUBLICAN PARTY","OTHER: EVENT TICKETS","2/25/2026","CHEYENNE, WY 82003","FILED","66.63"
"CANDIDATE COMMITTEE","MEGAN FOR GOVERNOR","META PLATFORMS (FACEBOOK)","ADVERTISING - DIGITAL","2/25/2026","MENLO PARK, CA 94025","FILED","75"
"CANDIDATE COMMITTEE","MEGAN FOR GOVERNOR","META PLATFORMS (FACEBOOK)","ADVERTISING - DIGITAL","2/25/2026","MENLO PARK, CA 94025","FILED","75"
"CANDIDATE COMMITTEE","MEGAN FOR GOVERNOR","WYOMING REPUBLICAN PARTY","OTHER: EVENT REGISTRATION","2/25/2026","CHEYENNE, WA 82003","FILED","5000"
"CANDIDATE COMMITTEE","MEGAN FOR GOVERNOR","24HRSTICKERS LLC","CAMPAIGN YARD SIGNS, BUTTONS, PENS, ETC.","2/24/2026","CINCINNATI, OH 45236","FILED","225"
"CANDIDATE COMMITTEE","MEGAN FOR GOVERNOR","BATTLEFIELD LLC","CONSULTING","2/24/2026","MOUNT VERNON, NY 10550","FILED","73.12"
"CANDIDATE COMMITTEE","MEGAN FOR GOVERNOR","META PLATFORMS (FACEBOOK)","ADVERTISING - DIGITAL","2/24/2026","MENLO PARK, CA 94025","FILED","75"
"CANDIDATE COMMITTEE","MEGAN FOR GOVERNOR","META PLATFORMS (FACEBOOK)","ADVERTISING - DIGITAL","2/24/2026","MENLO PARK, CA 94025","FILED","75"
"CANDIDATE COMMITTEE","MEGAN FOR GOVERNOR","TURCOTTE CONSULTING","CONSULTING","2/24/2026","AUGUSTA, ME 04330","FILED","5077.58"
"CANDIDATE COMMITTEE","MEGAN FOR GOVERNOR","WINRED TECHNICAL SERVICES","BANKING ","2/24/2026","CHEYENNE, WY 82001","FILED","23.04"
"CANDIDATE COMMITTEE","BRENT BIEN FOR GOVERNOR","X CORP","ADVERTISING - DIGITAL","2/23/2026","","FILED","2.69"
"CANDIDATE COMMITTEE","COMMITTEE TO ELECT KRISTI RACINES","WIX PAYMENTS","BANKING ","2/23/2026","","FILED","1.75"
"CANDIDATE COMMITTEE","DEGENFELDER FOR WYOMING","CAROLINE SHANOR","ADMINISTRATIVE COSTS","2/23/2026","WY ","FILED","2500"
"CANDIDATE COMMITTEE","MEGAN FOR GOVERNOR","LARAMIE COUNTY REPUBLICAN PARTY","OTHER: EVENT TICKETS","2/23/2026","CHEYENNE, WY 82003","FILED","133.26"
"CANDIDATE COMMITTEE","MEGAN FOR GOVERNOR","META PLATFORMS (FACEBOOK)","ADVERTISING - DIGITAL","2/23/2026","MENLO PARK, CA 94025","FILED","75"
"CANDIDATE COMMITTEE","MEGAN FOR GOVERNOR","META PLATFORMS (FACEBOOK)","ADVERTISING - DIGITAL","2/23/2026","MENLO PARK, CA 94025","FILED","75"
"CANDIDATE COMMITTEE","MEGAN FOR GOVERNOR","META PLATFORMS (FACEBOOK)","ADVERTISING - DIGITAL","2/23/2026","MENLO PARK, CA 94025","FILED","75"
"CANDIDATE COMMITTEE","MEGAN FOR GOVERNOR","META PLATFORMS (FACEBOOK)","ADVERTISING - DIGITAL","2/23/2026","MENLO PARK, CA 94025","FILED","75"
"CANDIDATE COMMITTEE","MEGAN FOR GOVERNOR","VISTAPRINT","PRINTING","2/23/2026","LEXINGTON, MA 02421","FILED","74.18"
"CANDIDATE COMMITTEE","MEGAN FOR GOVERNOR","WINRED TECHNICAL SERVICES","BANKING ","2/23/2026","CHEYENNE, WY 82001","FILED","0.39"
"CANDIDATE","R. J. KOST ","BASIN REPUBLICAN RUSTLER","ADVERTISING - NEWSPAPER","2/22/2026","BASIN, WY 82410","FILED","62"
"CANDIDATE","R. J. KOST ","GREYBULL STANDARD","ADVERTISING - NEWSPAPER","2/22/2026","GREYBULL, WY 82426","FILED","62"
"CANDIDATE","R. J. KOST ","LOVELL CHRONICLE","ADVERTISING - NEWSPAPER","2/22/2026","LOVELL, WY 82431","FILED","62"
"CANDIDATE COMMITTEE","MEGAN FOR GOVERNOR","META PLATFORMS (FACEBOOK)","ADVERTISING - DIGITAL","2/20/2026","MENLO PARK, CA 94025","FILED","75"
"CANDIDATE COMMITTEE","MEGAN FOR GOVERNOR","WINRED TECHNICAL SERVICES","BANKING ","2/20/2026","CHEYENNE, WY 82001","FILED","147.75"
"CANDIDATE COMMITTEE","BARLOW FOR WYOMING","RANGE LEATHER","CAMPAIGN YARD SIGNS, BUTTONS, PENS, ETC.","2/19/2026","LARAMIE, WY 82070","FILED","432.48"
"CANDIDATE COMMITTEE","MEGAN FOR GOVERNOR","CHARLOTTE JONES","CONSULTING","2/19/2026","LARAMIE, WY 82070","FILED","4500"
"CANDIDATE COMMITTEE","MEGAN FOR GOVERNOR","CYGNAL","CONSULTING","2/19/2026","ARLINGTON, VA 22203","FILED","3386"
"CANDIDATE COMMITTEE","MEGAN FOR GOVERNOR","META PLATFORMS (FACEBOOK)","ADVERTISING - DIGITAL","2/19/2026","MENLO PARK, CA 94025","FILED","75"
"CANDIDATE COMMITTEE","MEGAN FOR GOVERNOR","STAPLES","OFFICE SUPPLIES","2/19/2026","FRAMINGHAM, MA 01702","FILED","32.3"
"CANDIDATE","SCOTT SMITH JR","GODADDY.COM","ADVERTISING - DIGITAL","2/19/2026","","FILED","26.18"
"CANDIDATE","SCOTT SMITH JR","GODADDY.COM","ADVERTISING - DIGITAL","2/19/2026","WY ","FILED","83.88"
"CANDIDATE COMMITTEE","BARLOW FOR WYOMING","4IMPRINT","CAMPAIGN YARD SIGNS, BUTTONS, PENS, ETC.","2/18/2026","OSHKOSH, WI 54901","FILED","1647.8"
"CANDIDATE COMMITTEE","BARLOW FOR WYOMING","AXIOM STRATEGIES","GRAPHICS/WEBSITE FEES","2/18/2026","KANSAS CITY, MO 64112","FILED","150"
"CANDIDATE COMMITTEE","BARLOW FOR WYOMING","THE POLITICAL FIRM","ADVERTISING - DIGITAL","2/18/2026","BATON ROUGE, LA 70808","FILED","6660"
"CANDIDATE COMMITTEE","BEN HORNOK FOR WYOMING","CAMPAIGNPARTNER.COM","GRAPHICS/WEBSITE FEES","2/18/2026","STILL RIVER, MA 01467","FILED","32"
"CANDIDATE COMMITTEE","COMMITTEE TO ELECT KRISTI RACINES","USPS","POSTAGE","2/18/2026","WY ","FILED","156"
"CANDIDATE COMMITTEE","ERICKSON FOR HD 37","DELUXE","BANKING ","2/18/2026","WY ","FILED","22"
"CANDIDATE COMMITTEE","MEGAN FOR GOVERNOR","META PLATFORMS (FACEBOOK)","ADVERTISING - DIGITAL","2/18/2026","MENLO PARK, CA 94025","FILED","75"
"CANDIDATE COMMITTEE","MEGAN FOR GOVERNOR","UNITED AIRLINES","TRAVEL (HOTEL, GAS, ETC.)","2/18/2026","ELK GROVE VILLAGE, IL 60007","FILED","29.01"
"CANDIDATE COMMITTEE","MEGAN FOR GOVERNOR","UNITED AIRLINES","TRAVEL (HOTEL, GAS, ETC.)","2/18/2026","ELK GROVE VILLAGE, IL 60007","FILED","485.4"
"CANDIDATE COMMITTEE","BRENT BIEN FOR GOVERNOR","VISTA PRINT","ADVERTISING - MISC.","2/17/2026","","FILED","371.9"
"CANDIDATE COMMITTEE","BRENT BIEN FOR GOVERNOR","VISTA PRINT","PRINTING","2/17/2026","","FILED","147.22"
"CANDIDATE COMMITTEE","BRENT BIEN FOR GOVERNOR","VISTA PRINT","PRINTING","2/17/2026","","FILED","375.48"
"CANDIDATE COMMITTEE","BRENT BIEN FOR GOVERNOR","VISTA PRINT","PRINTING","2/17/2026","","FILED","111.29"
"CANDIDATE COMMITTEE","BRENT BIEN FOR GOVERNOR","VISTA PRINT","PRINTING","2/17/2026","","FILED","141.43"
"CANDIDATE COMMITTEE","COMMITTEE TO ELECT MIKE YIN","ACTBLUE TECHNICAL SERVICES","BANKING ","2/17/2026","SOMERVILLE, MA 02144","FILED","0.97"
"CANDIDATE COMMITTEE","KEVIN HELLING FOR WYOMING","USPS","POSTAGE","2/17/2026","CASPER, WY 82605","FILED","115"
"CANDIDATE COMMITTEE","MEGAN FOR GOVERNOR","BATTLEFIELD LLC","CONSULTING","2/17/2026","MOUNT VERNON, NY 10550","FILED","1.25"
"CANDIDATE COMMITTEE","MEGAN FOR GOVERNOR","META PLATFORMS (FACEBOOK)","ADVERTISING - DIGITAL","2/17/2026","MENLO PARK, CA 94025","FILED","225"
"CANDIDATE COMMITTEE","MEGAN FOR GOVERNOR","WINRED TECHNICAL SERVICES","BANKING ","2/17/2026","CHEYENNE, WY 82001","FILED","0.39"
"CANDIDATE COMMITTEE","BRENT BIEN FOR GOVERNOR","SUPER 8","TRAVEL (HOTEL, GAS, ETC.)","2/16/2026","WY ","FILED","118.12"
"CANDIDATE COMMITTEE","KEVIN HELLING FOR WYOMING","NAME-CHEAP.COM","IT SERVICES","2/16/2026","PHOENIX, AZ 85034","FILED","22.36"
"CANDIDATE","SCOTT SMITH JR","DYNAMIC DIGITAL SOLUTIONS- BEN SMITH","ADVERTISING - DIGITAL","2/16/2026","WY ","FILED","3000"
"CANDIDATE","TONY LOCKE ","CAMPAIGN PARTNER","GRAPHICS/WEBSITE FEES","2/14/2026","","FILED","29"
"CANDIDATE COMMITTEE","MEGAN FOR GOVERNOR","META PLATFORMS (FACEBOOK)","ADVERTISING - DIGITAL","2/13/2026","MENLO PARK, CA 94025","FILED","75"
"CANDIDATE COMMITTEE","MEGAN FOR GOVERNOR","WINRED TECHNICAL SERVICES","BANKING ","2/13/2026","CHEYENNE, WY 82001","FILED","39.4"
"CANDIDATE COMMITTEE","BARLOW FOR WYOMING","KLAVIYO","IT SERVICES","2/12/2026","BOSTON, MA 02111","FILED","30"
"CANDIDATE COMMITTEE","BITEMAN FOR WYOMING","SENATE COURTESY FUND","FOOD AND BEVERAGES","2/12/2026","WY ","FILED","184"
"CANDIDATE COMMITTEE","MEGAN FOR GOVERNOR","META PLATFORMS (FACEBOOK)","ADVERTISING - DIGITAL","2/12/2026","MENLO PARK, CA 94025","FILED","75"
"CANDIDATE COMMITTEE","MEGAN FOR GOVERNOR","WINRED TECHNICAL SERVICES","BANKING ","2/12/2026","CHEYENNE, WY 82001","FILED","98.5"
"CANDIDATE","ANDREW BYRON ","ELECTION HIVE","CONSULTING","2/11/2026","SALT LAKE CITY, UT 84102","FILED","5121.8"
"CANDIDATE COMMITTEE","BRENT BIEN FOR GOVERNOR","LITTLE AMERICA","TRAVEL (HOTEL, GAS, ETC.)","2/11/2026","WY ","FILED","245.21"
"CANDIDATE COMMITTEE","BRENT BIEN FOR GOVERNOR","THERMOPOLIS INDEPENDENT","ADVERTISING - NEWSPAPER","2/11/2026","","FILED","193.75"
"CANDIDATE COMMITTEE","FRIENDS OF JULIE JARVIS","ADOBE","OFFICE SUPPLIES","2/10/2026","SAN JOSE, CA 95110","FILED","23.18"
"CANDIDATE COMMITTEE","MEGAN FOR GOVERNOR","META PLATFORMS (FACEBOOK)","ADVERTISING - DIGITAL","2/10/2026","MENLO PARK, CA 94025","FILED","75"
"CANDIDATE COMMITTEE","MEGAN FOR GOVERNOR","ROCKY MOUNTAIN SOUND & LIGHT","ENTERTAINMENT","2/10/2026","CASPER, WY 82604","FILED","750"
"CANDIDATE COMMITTEE","MEGAN FOR GOVERNOR","WINRED TECHNICAL SERVICES","BANKING ","2/10/2026","CHEYENNE, WY 82001","FILED","197"
"CANDIDATE COMMITTEE","BRENT BIEN FOR GOVERNOR","APG ROCKIES ADVERTISING","ADVERTISING - MISC.","2/9/2026","","FILED","225"
"CANDIDATE COMMITTEE","BRENT BIEN FOR GOVERNOR","NORTHERN WYOMING NEWS","ADVERTISING - MISC.","2/9/2026","WY ","FILED","210"
"CANDIDATE COMMITTEE","COMMITTEE TO ELECT LAURIE BRATTEN","LIFELIGHT CREATIVE WEB SERVICES","GRAPHICS/WEBSITE FEES","2/9/2026","BELLE FOURCHE, SD 57717","FILED","42.9"
"CANDIDATE COMMITTEE","MEGAN FOR GOVERNOR","META PLATFORMS (FACEBOOK)","ADVERTISING - DIGITAL","2/9/2026","MENLO PARK, CA 94025","FILED","75"
"CANDIDATE COMMITTEE","MEGAN FOR GOVERNOR","WINRED TECHNICAL SERVICES","BANKING ","2/9/2026","CHEYENNE, WY 82001","FILED","339.83"
"CANDIDATE COMMITTEE","BARLOW FOR WYOMING","AXIOM STRATEGIES","GRAPHICS/WEBSITE FEES","2/8/2026","KANSAS CITY, MO 64112","FILED","300"
"CANDIDATE COMMITTEE","BARLOW FOR WYOMING","HIGH PLAINS CONSULTANTS","CONSULTING","2/8/2026","CARPENTER, WY 82054","FILED","2418.75"
"CANDIDATE COMMITTEE","BARLOW FOR WYOMING","LILY CRAGO","CONSULTING","2/8/2026","LARAMIE, WY 82070","FILED","360.32"
"CANDIDATE COMMITTEE","BARLOW FOR WYOMING","TAILORED CFO SOLUTIONS LLC","CONSULTING","2/8/2026","GREEN RIVER, WY 82935","FILED","7550"
"CANDIDATE COMMITTEE","COMMITTEE TO ELECT ELISSA CAMPBELL","WALMART","FOOD AND BEVERAGES","2/8/2026","CHEYENNE, WY 82001","FILED","274.91"
"CANDIDATE COMMITTEE","MEGAN FOR GOVERNOR","META PLATFORMS (FACEBOOK)","ADVERTISING - DIGITAL","2/8/2026","MENLO PARK, CA 94025","FILED","75"
"CANDIDATE COMMITTEE","BEN HORNOK FOR WYOMING","PATRIOT MOBILE","PHONE","2/6/2026","GRAPEVINE, TX 76051","FILED","30.4"
"CANDIDATE COMMITTEE","BRENT BIEN FOR GOVERNOR","PRINT PLACE","PRINTING","2/6/2026","","FILED","81.54"
"CANDIDATE COMMITTEE","BRENT BIEN FOR GOVERNOR","PRINT PLACE","PRINTING","2/6/2026","","FILED","235.71"
"CANDIDATE COMMITTEE","MEGAN FOR GOVERNOR","CONSTANT CONTACT","ADVERTISING - MISC.","2/6/2026","WALTHAM, MA 02451","FILED","112"
"CANDIDATE COMMITTEE","MEGAN FOR GOVERNOR","META PLATFORMS (FACEBOOK)","ADVERTISING - DIGITAL","2/6/2026","MENLO PARK, CA 94025","FILED","75"
"CANDIDATE COMMITTEE","BRENT BIEN FOR GOVERNOR","PRINT PLACE","PRINTING","2/5/2026","WY ","FILED","195.13"
"CANDIDATE COMMITTEE","BRENT BIEN FOR GOVERNOR","STICKER MULE","ADVERTISING - MISC.","2/5/2026","","FILED","425.25"
"CANDIDATE COMMITTEE","BRENT BIEN FOR GOVERNOR","STICKER MULE","ADVERTISING - MISC.","2/5/2026","","FILED","525.2"
"CANDIDATE COMMITTEE","FRIENDS OF JULIE JARVIS","FLYWHEEL","GRAPHICS/WEBSITE FEES","2/5/2026","OMAHA, NE 68102","FILED","15"
"CANDIDATE COMMITTEE","MEGAN FOR GOVERNOR","META PLATFORMS (FACEBOOK)","ADVERTISING - DIGITAL","2/5/2026","MENLO PARK, CA 94025","FILED","75"
"CANDIDATE COMMITTEE","MEGAN FOR GOVERNOR","WINRED TECHNICAL SERVICES","BANKING ","2/5/2026","CHEYENNE, WY 82001","FILED","200.94"
"CANDIDATE","TONY LOCKE ","USPS","POSTAGE","2/5/2026","","FILED","1306"
"CANDIDATE COMMITTEE","BARLOW FOR WYOMING","AXIOM STRATEGIES","CONSULTING","2/4/2026","KANSAS CITY, MO 64112","FILED","5000"
"CANDIDATE COMMITTEE","BARLOW FOR WYOMING","COWBOY STATE DAILY","ADVERTISING - DIGITAL","2/4/2026","JACKSON, WY 83002","FILED","15750"
"CANDIDATE COMMITTEE","FRIENDS OF MARK GORDON","BULLHORN COMMUNICATINS","GRAPHICS/WEBSITE FEES","2/4/2026","CARMEL, IN 46032","FILED","34"
"CANDIDATE COMMITTEE","JEANETTE WARD FOR WYOMING","MICROSOFT","IT SERVICES","2/4/2026","REDMOND, WA 98052","FILED","105.99"
"CANDIDATE COMMITTEE","MEGAN FOR GOVERNOR","META PLATFORMS (FACEBOOK)","ADVERTISING - DIGITAL","2/4/2026","MENLO PARK, CA 94025","FILED","75"
"CANDIDATE COMMITTEE","MEGAN FOR GOVERNOR","META PLATFORMS (FACEBOOK)","ADVERTISING - DIGITAL","2/4/2026","MENLO PARK, CA 94025","FILED","75"
"CANDIDATE COMMITTEE","MEGAN FOR GOVERNOR","WINRED TECHNICAL SERVICES","BANKING ","2/4/2026","CHEYENNE, WY 82001","FILED","67.78"
"CANDIDATE COMMITTEE","BRENT BIEN FOR GOVERNOR","THE UPS STORE","OFFICE SUPPLIES","2/3/2026","WY ","FILED","330.08"
"CANDIDATE COMMITTEE","MEGAN FOR GOVERNOR","META PLATFORMS (FACEBOOK)","ADVERTISING - DIGITAL","2/3/2026","MENLO PARK, CA 94025","FILED","75"
"CANDIDATE COMMITTEE","MEGAN FOR GOVERNOR","META PLATFORMS (FACEBOOK)","ADVERTISING - DIGITAL","2/3/2026","MENLO PARK, CA 94025","FILED","250"
"CANDIDATE COMMITTEE","MEGAN FOR GOVERNOR","WINRED TECHNICAL SERVICES","BANKING ","2/3/2026","CHEYENNE, WY 82001","FILED","98.5"
"CANDIDATE COMMITTEE","BITEMAN FOR WYOMING","ADOBE","ADMINISTRATIVE COSTS","2/2/2026","WY ","FILED","31.79"
"CANDIDATE COMMITTEE","COMMITTEE TO ELECT ELISSA CAMPBELL","EXPEDIA","TRAVEL (HOTEL, GAS, ETC.)","2/2/2026","SEATTLE, WA 98119","FILED","1291.42"
"CANDIDATE COMMITTEE","COMMITTEE TO ELECT JD WILLIAMS ","AMBI MAIL AND MARKETING","PRINTING","2/2/2026","CASPER, WY 82602","FILED","1488.51"
"CANDIDATE COMMITTEE","FRIENDS OF JULIE JARVIS","GOOGLE GSUITE","GRAPHICS/WEBSITE FEES","2/2/2026","MOUNTAIN VIEW, CA 94043","FILED","26.4"
"CANDIDATE COMMITTEE","MEGAN FOR GOVERNOR","GOOGLE WORKSPACE","ADVERTISING - DIGITAL","2/2/2026","MOUNTAIN VIEW, CA 94043","FILED","38.19"
"CANDIDATE COMMITTEE","MEGAN FOR GOVERNOR","GOOGLE WORKSPACE","ADVERTISING - DIGITAL","2/2/2026","MOUNTAIN VIEW, CA 94043","FILED","140.21"
"CANDIDATE COMMITTEE","MEGAN FOR GOVERNOR","META PLATFORMS (FACEBOOK)","ADVERTISING - DIGITAL","2/2/2026","MENLO PARK, CA 94025","FILED","75"
"CANDIDATE COMMITTEE","MEGAN FOR GOVERNOR","META PLATFORMS (FACEBOOK)","ADVERTISING - DIGITAL","2/2/2026","MENLO PARK, CA 94025","FILED","75"
"CANDIDATE COMMITTEE","MEGAN FOR GOVERNOR","META PLATFORMS (FACEBOOK)","ADVERTISING - DIGITAL","2/2/2026","MENLO PARK, CA 94025","FILED","68"
"CANDIDATE COMMITTEE","MEGAN FOR GOVERNOR","META PLATFORMS (FACEBOOK)","ADVERTISING - DIGITAL","2/2/2026","MENLO PARK, CA 94025","FILED","73"
"CANDIDATE COMMITTEE","MEGAN FOR GOVERNOR","META PLATFORMS (FACEBOOK)","ADVERTISING - DIGITAL","2/2/2026","MENLO PARK, CA 94025","FILED","75"
"CANDIDATE COMMITTEE","MEGAN FOR GOVERNOR","META PLATFORMS (FACEBOOK)","ADVERTISING - DIGITAL","2/2/2026","MENLO PARK, CA 94025","FILED","75"
"CANDIDATE","TONY LOCKE ","AMAZON","OFFICE SUPPLIES","2/2/2026","","FILED","56.67"
"CANDIDATE COMMITTEE","BARLOW FOR WYOMING","GOOGLE","IT SERVICES","2/1/2026","MOUNTAIN VIEW, CA 94043","FILED","173.95"
"CANDIDATE COMMITTEE","BEN HORNOK FOR WYOMING","AMERICAN POSTAL SERVICE","OTHER: MAILBOX","2/1/2026","CHEYENNE, WY 82007","FILED","17"
"CANDIDATE COMMITTEE","COMMITTEE TO ELECT KRISTI RACINES","GOOGLE","GRAPHICS/WEBSITE FEES","2/1/2026","","FILED","8.4"
"CANDIDATE COMMITTEE","FRIENDS OF MARK GORDON","GOOGLE APPS","GRAPHICS/WEBSITE FEES","2/1/2026","MOUNTAIN VIEW, CA 94043","FILED","58.8"
"CANDIDATE COMMITTEE","KELLER FOR WYO","MACK'S MARKET","FOOD AND BEVERAGES","2/1/2026","WY ","FILED","101.66"
"CANDIDATE COMMITTEE","BARLOW FOR WYOMING","WINRED","BANKING ","1/31/2026","ALEXANDRIA, VA 22314","FILED","1075.68"
"CANDIDATE COMMITTEE","BEN HORNOK FOR WYOMING","JONAH BANK","BANKING ","1/30/2026","CHEYENNE, WY 82001","FILED","3.89"
"CANDIDATE COMMITTEE","COMMITTEE TO ELECT KRISTI RACINES","CROOK COUNTY REBUBLICAN PARTY","OTHER: LINCOLN DAY DINNER TICKET","1/30/2026","WY ","FILED","65"
"CANDIDATE COMMITTEE","MEGAN FOR GOVERNOR","META PLATFORMS (FACEBOOK)","ADVERTISING - DIGITAL","1/30/2026","MENLO PARK, CA 94025","FILED","59"
"CANDIDATE COMMITTEE","MEGAN FOR GOVERNOR","META PLATFORMS (FACEBOOK)","ADVERTISING - DIGITAL","1/30/2026","MENLO PARK, CA 94025","FILED","159.42"
"CANDIDATE COMMITTEE","MEGAN FOR GOVERNOR","META PLATFORMS (FACEBOOK)","ADVERTISING - DIGITAL","1/30/2026","MENLO PARK, CA 94025","FILED","63"
"CANDIDATE COMMITTEE","MEGAN FOR GOVERNOR","WINRED TECHNICAL SERVICES","BANKING ","1/30/2026","CHEYENNE, WY 82001","FILED","3.94"
"CANDIDATE COMMITTEE","COMMITTEE TO ELECT JD WILLIAMS ","AMBI","PRINTING","1/29/2026","CASPER, WY 82602","FILED","2549.27"
"CANDIDATE COMMITTEE","MEGAN FOR GOVERNOR","META PLATFORMS (FACEBOOK)","ADVERTISING - DIGITAL","1/29/2026","MENLO PARK, CA 94025","FILED","47"
"CANDIDATE COMMITTEE","MEGAN FOR GOVERNOR","META PLATFORMS (FACEBOOK)","ADVERTISING - DIGITAL","1/29/2026","MENLO PARK, CA 94025","FILED","51"
"CANDIDATE COMMITTEE","MEGAN FOR GOVERNOR","META PLATFORMS (FACEBOOK)","ADVERTISING - DIGITAL","1/29/2026","MENLO PARK, CA 94025","FILED","55"
"CANDIDATE COMMITTEE","BARLOW FOR WYOMING","TAX1099.COM","IT SERVICES","1/28/2026","FAYETTEVILLE, AR 72701","FILED","34.45"
"CANDIDATE COMMITTEE","MEGAN FOR GOVERNOR","BATTLEFIELD LLC","CONSULTING","1/28/2026","MOUNT VERNON, NY 10550","FILED","2.5"
"CANDIDATE COMMITTEE","MEGAN FOR GOVERNOR","FEDEX","POSTAGE","1/28/2026","MEMPHIS, TN 38120","FILED","34.4"
"CANDIDATE COMMITTEE","MEGAN FOR GOVERNOR","META PLATFORMS (FACEBOOK)","ADVERTISING - DIGITAL","1/28/2026","MENLO PARK, CA 94025","FILED","38"
"CANDIDATE COMMITTEE","MEGAN FOR GOVERNOR","META PLATFORMS (FACEBOOK)","ADVERTISING - DIGITAL","1/28/2026","MENLO PARK, CA 94025","FILED","41"
"CANDIDATE COMMITTEE","MEGAN FOR GOVERNOR","META PLATFORMS (FACEBOOK)","ADVERTISING - DIGITAL","1/28/2026","MENLO PARK, CA 94025","FILED","44"
"CANDIDATE COMMITTEE","MEGAN FOR GOVERNOR","WINRED TECHNICAL SERVICES","BANKING ","1/28/2026","CHEYENNE, WY 82001","FILED","1.17"
"CANDIDATE COMMITTEE","MEGAN FOR GOVERNOR","BATTLEFIELD LLC","CONSULTING","1/27/2026","MOUNT VERNON, NY 10550","FILED","15.62"
"CANDIDATE COMMITTEE","MEGAN FOR GOVERNOR","META PLATFORMS (FACEBOOK)","ADVERTISING - DIGITAL","1/27/2026","MENLO PARK, CA 94025","FILED","32"
"CANDIDATE COMMITTEE","MEGAN FOR GOVERNOR","META PLATFORMS (FACEBOOK)","ADVERTISING - DIGITAL","1/27/2026","MENLO PARK, CA 94025","FILED","35"
"CANDIDATE COMMITTEE","MEGAN FOR GOVERNOR","WINRED TECHNICAL SERVICES","BANKING ","1/27/2026","CHEYENNE, WY 82001","FILED","4.93"
"CANDIDATE COMMITTEE","BARLOW FOR WYOMING","WYLD GEAR","CAMPAIGN YARD SIGNS, BUTTONS, PENS, ETC.","1/26/2026","MILLS, WY 82644","FILED","1750"
"CANDIDATE COMMITTEE","MEGAN FOR GOVERNOR","META PLATFORMS (FACEBOOK)","ADVERTISING - DIGITAL","1/26/2026","MENLO PARK, CA 94025","FILED","21.39"
"CANDIDATE COMMITTEE","MEGAN FOR GOVERNOR","META PLATFORMS (FACEBOOK)","ADVERTISING - DIGITAL","1/26/2026","MENLO PARK, CA 94025","FILED","21.88"
"CANDIDATE COMMITTEE","MEGAN FOR GOVERNOR","META PLATFORMS (FACEBOOK)","ADVERTISING - DIGITAL","1/26/2026","MENLO PARK, CA 94025","FILED","30"
"CANDIDATE COMMITTEE","MEGAN FOR GOVERNOR","WINRED TECHNICAL SERVICES","BANKING ","1/26/2026","CHEYENNE, WY 82001","FILED","0.16"
"CANDIDATE","TONY LOCKE ","VISTA PRINT","PRINTING","1/26/2026","","FILED","317.98"
"CANDIDATE COMMITTEE","BARLOW FOR WYOMING","BACKSTAGE SCREEN PRINTING","CAMPAIGN YARD SIGNS, BUTTONS, PENS, ETC.","1/23/2026","ROCK SPRINGS, WY 82901","FILED","403.03"
"CANDIDATE COMMITTEE","BARLOW FOR WYOMING","CHALLENGER PG LLC","CONSULTING","1/23/2026","EDWARDS, CO 81632","FILED","6250"
"CANDIDATE COMMITTEE","MEGAN FOR GOVERNOR","WINRED TECHNICAL SERVICES","BANKING ","1/23/2026","CHEYENNE, WY 82001","FILED","9.68"
"CANDIDATE COMMITTEE","COMMITTEE TO ELECT KRISTI RACINES","ELIZABETH DILLOW LLC","ADMINISTRATIVE COSTS","1/22/2026"," , WY ","FILED","3250"
"CANDIDATE COMMITTEE","COMMITTEE TO ELECT KRISTI RACINES","ELIZABETH DILLOW LLC","GRAPHICS/WEBSITE FEES","1/22/2026","WY ","FILED","493.85"
"CANDIDATE","IVAN D POSEY ","HCM WY","ADMINISTRATIVE COSTS","1/22/2026","CHEYENNE, WY ","FILED","200"
"CANDIDATE COMMITTEE","MEGAN FOR GOVERNOR","BATTLEFIELD LLC","CONSULTING","1/22/2026","MOUNT VERNON, NY 10550","FILED","312.5"
"CANDIDATE COMMITTEE","MEGAN FOR GOVERNOR","WINRED TECHNICAL SERVICES","BANKING ","1/22/2026","CHEYENNE, WY 82001","FILED","253.83"
"CANDIDATE COMMITTEE","MEGAN FOR GOVERNOR","WINRED TECHNICAL SERVICES","BANKING ","1/21/2026","CHEYENNE, WY 82001","FILED","8.2"
"CANDIDATE COMMITTEE","MEGAN FOR GOVERNOR","BATTLEFIELD LLC","ADMINISTRATIVE COSTS","1/20/2026","MOUNT VERNON, NY 10550","FILED","312.5"
"CANDIDATE COMMITTEE","MEGAN FOR GOVERNOR","WINRED TECHNICAL SERVICES","BANKING ","1/20/2026","CHEYENNE, WY 82001","FILED","146.06"
"CANDIDATE COMMITTEE","BARLOW FOR WYOMING","AMBI","PRINTING","1/19/2026","CASPER, WY 82602","FILED","184.73"
"CANDIDATE COMMITTEE","BARLOW FOR WYOMING","KLAVIYO","GRAPHICS/WEBSITE FEES","1/19/2026","BOSTON, MA 02111","FILED","30"
"CANDIDATE COMMITTEE","BEN HORNOK FOR WYOMING","CAMPAIGNPARTNER.COM","GRAPHICS/WEBSITE FEES","1/18/2026","STILL RIVER, MA 01467","FILED","32"
"CANDIDATE COMMITTEE","COMMITTEE TO ELECT GARY BROWN ","USPS","POSTAGE","1/16/2026","CHEYENNE, WY 82009","FILED","46.8"
"CANDIDATE COMMITTEE","COMMITTEE TO ELECT GARY BROWN ","USPS","RENT","1/16/2026","CHEYENNE, WY 82009","FILED","94"
"CANDIDATE COMMITTEE","MEGAN FOR GOVERNOR","WINRED TECHNICAL SERVICES","BANKING ","1/16/2026","CHEYENNE, WY 82001","FILED","108.59"
"CANDIDATE COMMITTEE","BARLOW FOR WYOMING","BACKSTAGE SCREEN PRINTING","CAMPAIGN YARD SIGNS, BUTTONS, PENS, ETC.","1/15/2026","ROCK SPRINGS, WY 82901","FILED","403.03"
"CANDIDATE COMMITTEE","MEGAN FOR GOVERNOR","WINRED TECHNICAL SERVICES","BANKING ","1/15/2026","CHEYENNE, WY 82001","FILED","1312.78"
"CANDIDATE COMMITTEE","MEGAN FOR GOVERNOR","WINRED TECHNICAL SERVICES","BANKING ","1/14/2026","CHEYENNE, WY 82001","FILED","403.6"
"CANDIDATE","TONY LOCKE ","CAMPAIGN PARTNER","GRAPHICS/WEBSITE FEES","1/14/2026","","FILED","29"
"CANDIDATE COMMITTEE","COMMITTEE TO ELECT ELISSA CAMPBELL","AMBI","PRINTING","1/13/2026","CASPER, WY 82601","FILED","1200"
"CANDIDATE COMMITTEE","DEGENFELDER FOR WYOMING","DONALD DEGENFELDER","LOAN PAYMENT","1/13/2026","WY ","FILED","47000"
"CANDIDATE COMMITTEE","SCHRIFTMAN FOR STATE HOUSE","NAME-CHEAP.COM","GRAPHICS/WEBSITE FEES","1/13/2026"," , AZ ","FILED","10.64"
"CANDIDATE COMMITTEE","COMMITTEE TO ELECT KRISTI RACINES","PBR PRINTING","PRINTING","1/12/2026","WY ","FILED","91.85"
"CANDIDATE COMMITTEE","DEGENFELDER FOR WYOMING","DONALD DEGENFELDER","LOAN PAYMENT","1/12/2026","WY ","FILED","200000"
"CANDIDATE COMMITTEE","FRIENDS OF JULIE JARVIS","ADOBE","OFFICE SUPPLIES","1/12/2026","SAN JOSE, CA 95110","FILED","23.18"
"CANDIDATE COMMITTEE","FRIENDS OF JULIE JARVIS","FACEBOOK","ADVERTISING - DIGITAL","1/12/2026","MENLO PARK, CA 94025","FILED","250"
"CANDIDATE COMMITTEE","SCHRIFTMAN FOR STATE HOUSE","EMOTION HOSTING","GRAPHICS/WEBSITE FEES","1/12/2026"," , CA ","FILED","52.54"
"CANDIDATE COMMITTEE","THE PEOPLE FOR PROVENZA","CANVA","GRAPHICS/WEBSITE FEES","1/10/2026","","FILED","119.4"
"CANDIDATE COMMITTEE","COMMITTEE TO ELECT GARY BROWN ","NAMECHEAP","GRAPHICS/WEBSITE FEES","1/9/2026","WY ","FILED","10.68"
"CANDIDATE COMMITTEE","DEGENFELDER FOR WYOMING","USPS","POSTAGE","1/9/2026","WY ","FILED","188"
"CANDIDATE COMMITTEE","FRIENDS OF MARK GORDON","USPS","POSTAGE","1/8/2026","BUFFALO, WY 82834","FILED","88"
"CANDIDATE COMMITTEE","BARLOW FOR WYOMING","AMBI","PRINTING","1/7/2026","CASPER, WY 82602","FILED","60.58"
"CANDIDATE COMMITTEE","BARLOW FOR WYOMING","AXIOM STRATEGIES","CONSULTING","1/7/2026","KANSAS CITY, MO 64112","FILED","8000.06"
"CANDIDATE COMMITTEE","BARLOW FOR WYOMING","HIGH PLAINS CONSULTANTS","CONSULTING","1/7/2026","CARPENTER, WY 82054","FILED","1712.5"
"CANDIDATE COMMITTEE","BARLOW FOR WYOMING","IVY MCGOWAN-CASTLEBERRY","CONSULTING","1/7/2026","GILLETTE, WY 82716","FILED","6328.25"
"CANDIDATE COMMITTEE","BARLOW FOR WYOMING","IVY MCGOWAN-CASTLEBERRY","GRAPHICS/WEBSITE FEES","1/7/2026","GILLETTE, WY 82716","FILED","36"
"CANDIDATE COMMITTEE","BARLOW FOR WYOMING","TAILORED CFO SOLUTIONS LLC","CONSULTING","1/7/2026","GREEN RIVER, WY 82935","FILED","6166"
"CANDIDATE COMMITTEE","COMMITTEE TO ELECT KRISTI RACINES","WIX PAYMENTS","BANKING ","1/7/2026","","FILED","3.2"
"CANDIDATE COMMITTEE","FRIENDS OF MARK GORDON","BULLHORN COMMUNICATIONS","GRAPHICS/WEBSITE FEES","1/7/2026","CARMEL, IN 46032","FILED","34"
"CANDIDATE","IVAN D POSEY ","CASH","CONSULTING","1/7/2026","LANDER, WY 82520","FILED","40"
"CANDIDATE COMMITTEE","BEN HORNOK FOR WYOMING","PATRIOT MOBILE","PHONE","1/6/2026","GRAPEVINE, TX 76051","FILED","30.4"
"CANDIDATE COMMITTEE","COMMITTEE TO ELECT KRISTI RACINES","JANELLE ROSE PHOTOGRAPHY","OTHER: PHOTOGRAPHY","1/5/2026","WY ","FILED","316.94"
"CANDIDATE COMMITTEE","COMMITTEE TO ELECT KRISTI RACINES","WYOMING REPUBLICAN PARTY","OTHER: FUNDRAISER TICKETS","1/5/2026","WY ","FILED","256.26"
"CANDIDATE COMMITTEE","FRIENDS OF JULIE JARVIS","FLYWHEEL","GRAPHICS/WEBSITE FEES","1/5/2026","OMAHA, NE 68102","FILED","15"
"CANDIDATE COMMITTEE","IDE FOR SENATE","LAMAR COMPANIES","ADVERTISING - MISC.","1/5/2026","CASPER, WY 82601","FILED","2450"
"CANDIDATE","MATT MCGINNIS ","WIX.COM","GRAPHICS/WEBSITE FEES","1/5/2026","WY ","FILED","174"
"CANDIDATE","MATT MCGINNIS ","WIX.COM","GRAPHICS/WEBSITE FEES","1/5/2026","WY ","FILED","12.9"
"CANDIDATE COMMITTEE","BARLOW FOR WYOMING","GOOGLE","IT SERVICES","1/2/2026","MOUNTAIN VIEW, CA 94043","FILED","168"
"CANDIDATE COMMITTEE","FRIENDS OF JULIE JARVIS","FACEBOOK","ADVERTISING - DIGITAL","1/2/2026","MENLO PARK, CA 94025","FILED","75"
"CANDIDATE COMMITTEE","FRIENDS OF JULIE JARVIS","GOOGLE GSUITE","GRAPHICS/WEBSITE FEES","1/2/2026","MOUNTAIN VIEW, CA 94043","FILED","26.4"
"CANDIDATE COMMITTEE","FRIENDS OF MARK GORDON","GOOGLE APPS","GRAPHICS/WEBSITE FEES","1/2/2026","MOUNTAIN VIEW, CA 94043","FILED","58.8"
"CANDIDATE COMMITTEE","BEN HORNOK FOR WYOMING","AMERICAN POSTAL SERVICE","OTHER: MAILBOX","1/1/2026","CHEYENNE, WY 82007","FILED","17"
"CANDIDATE COMMITTEE","COMMITTEE TO ELECT KRISTI RACINES","GOOGLE","GRAPHICS/WEBSITE FEES","1/1/2026","","FILED","8.4"
"CANDIDATE COMMITTEE","BEN HORNOK FOR WYOMING","JONAH BANK","BANKING ","12/31/2025","CHEYENNE, WY 82001","AMEND - ADD","3.76"
"CANDIDATE COMMITTEE","BARLOW FOR WYOMING","WINRED","BANKING ","12/30/2025","ALEXANDRA, VA 22314","FILED","1561.89"
"CANDIDATE COMMITTEE","BITEMAN FOR WYOMING","SHANNON CLINE","PAYROLL","12/30/2025","WY ","FILED","500"
"CANDIDATE COMMITTEE","BITEMAN FOR WYOMING","WARREN TRITSCHLER","OTHER: REIMBURSEMENT - WINRED FEES OVERPAYMENT","12/30/2025","WY ","FILED","41.02"
"CANDIDATE COMMITTEE","JEANETTE WARD FOR WYOMING","WINRED","BANKING ","12/30/2025","ARLINGTON, VA 22209","FILED","29.06"
"CANDIDATE COMMITTEE","THE PEOPLE FOR PROVENZA","ACTION NETWORK","GRAPHICS/WEBSITE FEES","12/29/2025","","FILED","150"
"CANDIDATE COMMITTEE","COMMITTEE TO ELECT CHUCK GRAY","RMC","ADVERTISING - DIGITAL","12/26/2025","LAS VEGAS, NV 89117","FILED","500"
"CANDIDATE COMMITTEE","COMMITTEE TO ELECT KEN CLOUSTON","SQUARE SPACE","IT SERVICES","12/26/2025","NEW YORK, NY 10014","FILED","150"
"CANDIDATE COMMITTEE","COMMITTEE TO ELECT KEN CLOUSTON","UHAUL","RENT","12/26/2025","GILLETTE, WY 82718","FILED","869.7"
"CANDIDATE COMMITTEE","COMMITTEE TO ELECT CHUCK GRAY","RMC","CONSULTING","12/25/2025","LAS VEGAS, NV 89117","FILED","145.16"
"CANDIDATE COMMITTEE","COMMITTEE TO ELECT CHUCK GRAY","RMC","IT SERVICES","12/25/2025","LAS VEGAS, NV 89117","FILED","149"
"CANDIDATE COMMITTEE","COMMITTEE TO ELECT CHUCK GRAY","RMC","IT SERVICES","12/25/2025","LAS VEGAS, NV 89117","FILED","149"
"CANDIDATE COMMITTEE","COMMITTEE TO ELECT CHUCK GRAY","RMC","IT SERVICES","12/25/2025","LAS VEGAS, NV 89117","FILED","149"
"CANDIDATE COMMITTEE","COMMITTEE TO ELECT CHUCK GRAY","RMC","IT SERVICES","12/25/2025","LAS VEGAS, NV 89117","FILED","149"
"CANDIDATE COMMITTEE","COMMITTEE TO ELECT CHUCK GRAY","RMC","IT SERVICES","12/25/2025","LAS VEGAS, NV 89117","FILED","300"
"CANDIDATE COMMITTEE","COMMITTEE TO ELECT CHUCK GRAY","COASTAL TELEVISION","ADVERTISING - TV","12/23/2025","CASPER, WY 82601","FILED","11728"
"CANDIDATE COMMITTEE","THE PEOPLE FOR PROVENZA","MAILCHIMP","GRAPHICS/WEBSITE FEES","12/23/2025","","FILED","240"
"CANDIDATE COMMITTEE","COMMITTEE TO ELECT CHIP NEIMAN TO HOUSE DISTRICT 1","RACHAEL WILLIAMS","IT SERVICES","12/22/2025","CODY, WY ","FILED","500"
"CANDIDATE COMMITTEE","COMMITTEE TO ELECT CHUCK GRAY","MARQUEE BROADCASTING","ADVERTISING - TV","12/22/2025","CHEYENNE, WY 82001","FILED","14380"
"CANDIDATE COMMITTEE","GERINGER FOR WYOMING","GOLDEN EGG","FOOD AND BEVERAGES","12/22/2025","WY ","FILED","34.62"
"CANDIDATE COMMITTEE","THE PEOPLE FOR PROVENZA","SQUARE SPACE","GRAPHICS/WEBSITE FEES","12/21/2025","","FILED","583.2"
"CANDIDATE COMMITTEE","COMMITTEE TO ELECT CHUCK GRAY","HILLTOP NATIONAL BANK","BANKING ","12/19/2025","CASPER, WY 82609","FILED","25"
"CANDIDATE COMMITTEE","COMMITTEE TO ELECT CHUCK GRAY","STRATEGIC MEDIA SERVICES","ADVERTISING - TV","12/19/2025","ARLINGTON, VA 22203","FILED","21385"
"CANDIDATE COMMITTEE","BEN HORNOK FOR WYOMING","CAMPAIGNPARTNER.COM","GRAPHICS/WEBSITE FEES","12/18/2025","STILL RIVER, MA 01467","FILED","32"
"CANDIDATE COMMITTEE","COMMITTEE TO ELECT CHUCK GRAY","RMC","ADVERTISING - DIGITAL","12/18/2025","LAS VEGAS, NV 89117","FILED","50"
"CANDIDATE COMMITTEE","DEGENFELDER FOR WYOMING","PUSH DIGITAL","GRAPHICS/WEBSITE FEES","12/16/2025","WY ","FILED","1787.89"
"CANDIDATE COMMITTEE","BARLOW FOR WYOMING","AXIOM","TRAVEL (HOTEL, GAS, ETC.)","12/15/2025","KANSAS CITY, MO 64112","FILED","1475.37"
"CANDIDATE COMMITTEE","BARLOW FOR WYOMING","HIGH PLAINS CONSULTANTS LLC","CONSULTING","12/15/2025","CARPENTER, WY 82054","FILED","1962.5"
"CANDIDATE COMMITTEE","BARLOW FOR WYOMING","IVY CASTLEBERRY","CONSULTING","12/15/2025","GILLETTE, WY 82716","FILED","6370.5"
"CANDIDATE COMMITTEE","BARLOW FOR WYOMING","IVY CASTLEBERRY","IT SERVICES","12/15/2025","GILLETTE, WY 82716","FILED","36"
"CANDIDATE","TONY LOCKE ","CAMPAIGN PARTNER","GRAPHICS/WEBSITE FEES","12/14/2025","","FILED","29"
"CANDIDATE COMMITTEE","BRENT BIEN FOR GOVERNOR","STICKER MULE","ADVERTISING - MISC.","12/12/2025","","FILED","250.64"
"CANDIDATE COMMITTEE","DEGENFELDER FOR WYOMING","TURCOTTE CONSULTING","ADVERTISING - DIGITAL","12/10/2025","ME ","FILED","625"
"CANDIDATE COMMITTEE","FRIENDS OF JULIE JARVIS","ADOBE","OFFICE SUPPLIES","12/10/2025","SAN JOSE, CA 95110","FILED","23.18"
"CANDIDATE COMMITTEE","BARLOW FOR WYOMING","TAILORED CFO SOLUTIONS LLC","CONSULTING","12/9/2025","GREEN RIVER, WY 82935","FILED","6400"
"CANDIDATE COMMITTEE","BEN HORNOK FOR WYOMING","PATRIOT MOBILE","PHONE","12/6/2025","GRAPEVINE, TX 76051","FILED","30.44"
"CANDIDATE COMMITTEE","FRIENDS OF JULIE JARVIS","FLYWHEEL","GRAPHICS/WEBSITE FEES","12/5/2025","OMAHA, WY 68102","FILED","15"
"CANDIDATE COMMITTEE","BITEMAN FOR WYOMING","FRONTIER CONSULTING","CONSULTING","12/4/2025","WY ","FILED","2180"
"CANDIDATE COMMITTEE","FRIENDS OF MARK GORDON","BULL HORN COMMUNICATIONS","GRAPHICS/WEBSITE FEES","12/4/2025","CARMEL, IN 46032","FILED","34"
"CANDIDATE COMMITTEE","BARLOW FOR WYOMING","GOOGLE","IT SERVICES","12/2/2025","MOUNTAIN VIEW, CA 94043","FILED","168"
"CANDIDATE COMMITTEE","COMMITTEE TO ELECT CHUCK GRAY","OPTIMATES PR","CONSULTING","12/2/2025","FALLS CHURCH, VA 22042","FILED","5000"
"CANDIDATE COMMITTEE","ELECT J.T. LARSON","GOOGLE","IT SERVICES","12/2/2025","WY ","FILED","16.8"
"CANDIDATE COMMITTEE","FRIENDS OF MARK GORDON","GOOGLE APPS","GRAPHICS/WEBSITE FEES","12/2/2025","MOUNTAIN VIEW, CA 94043","FILED","58.8"
"CANDIDATE COMMITTEE","BEN HORNOK FOR WYOMING","AMERICAN POSTAL SERVICE","OTHER: MAILBOX","12/1/2025","CHEYENNE, WY 82007","FILED","17"
"CANDIDATE COMMITTEE","BITEMAN FOR WYOMING","ADOBE","ADMINISTRATIVE COSTS","12/1/2025","WY ","FILED","31.79"
"CANDIDATE COMMITTEE","COMMITTEE TO ELECT KRISTI RACINES","GOOGLE","GRAPHICS/WEBSITE FEES","12/1/2025","","FILED","8.4"
"CANDIDATE COMMITTEE","FRIENDS OF JULIE JARVIS","GOOGLE GSUITE","GRAPHICS/WEBSITE FEES","12/1/2025","MOUNTAIN VIEW, CA 94043","FILED","26.4"
"CANDIDATE COMMITTEE","THE PEOPLE FOR PROVENZA","GOOGLE","GRAPHICS/WEBSITE FEES","12/1/2025","","FILED","149.86"
"CANDIDATE COMMITTEE","BARLOW FOR WYOMING","WINRED","BANKING ","11/30/2025","ALEXANDRIA, VA 22314","FILED","716.36"
"CANDIDATE COMMITTEE","SINGH FOR WYOMING","BLUE FEDERAL CREDIT UNION","BANKING ","11/30/2025","CHEYENNE, WY 82001","FILED","5"
"CANDIDATE COMMITTEE","BEN HORNOK FOR WYOMING","JONAH BANK","BANKING ","11/28/2025","CHEYENNE, WY 82001","FILED","3.35"
"CANDIDATE COMMITTEE","ELECT J.T. LARSON","USPS","SHIPPING","11/26/2025","WY ","FILED","188"
"CANDIDATE COMMITTEE","COMMITTEE TO ELECT CURT MEIER","LIBERTY SERVICE GROUP","CONSULTING","11/25/2025","COLORADO SPRINGS, CO 80906","FILED","1859"
"CANDIDATE COMMITTEE","DEGENFELDER FOR WYOMING","TURCOTTE CONSULTING","ADVERTISING - DIGITAL","11/21/2025","ME ","FILED","620"
"CANDIDATE COMMITTEE","BEN HORNOK FOR WYOMING","CAMPAIGNPARTNER.COM","GRAPHICS/WEBSITE FEES","11/18/2025","STILL RIVER, MA 01467","FILED","32"
"CANDIDATE COMMITTEE","COMMITTEE TO ELECT ELISSA CAMPBELL","AMBI","PRINTING","11/18/2025","CASPER, WY 82601","AMEND - ADD","1000"
"CANDIDATE COMMITTEE","SYMONS FOR SHERIDAN","FIRST INTERSTATE BANK","BANKING ","11/15/2025","SHERIDAN, WY ","FILED","24"
"CANDIDATE COMMITTEE","BARLOW FOR WYOMING","IVY CASTLEBERRY","CAMPAIGN YARD SIGNS, BUTTONS, PENS, ETC.","11/14/2025","GILLETTE, WY 82716","FILED","157.25"
"CANDIDATE COMMITTEE","BARLOW FOR WYOMING","IVY CASTLEBERRY","CONSULTING","11/14/2025","GILLETTE, WY 82716","FILED","6435.5"
"CANDIDATE COMMITTEE","BARLOW FOR WYOMING","IVY CASTLEBERRY","IT SERVICES","11/14/2025","GILLETTE, WY 82716","FILED","36"
"CANDIDATE COMMITTEE","COMMITTEE TO ELECT CHUCK GRAY","OPTIMATES PR","CONSULTING","11/14/2025","FALLS CHURCH, VA 22042","FILED","25000"
"CANDIDATE","TONY LOCKE ","CAMPAIGN PARTNER","GRAPHICS/WEBSITE FEES","11/14/2025","","FILED","29"
"CANDIDATE COMMITTEE","GERINGER FOR WYOMING","STARBUCKS","FOOD AND BEVERAGES","11/12/2025","WY ","FILED","6.99"
"CANDIDATE COMMITTEE","GERINGER FOR WYOMING","USPS","ADMINISTRATIVE COSTS","11/12/2025","WY ","FILED","226"
"CANDIDATE COMMITTEE","BARLOW FOR WYOMING","SUNSHINE COFFEE","FOOD AND BEVERAGES","11/11/2025","LARAMIE, WY 82070","FILED","150"
"CANDIDATE COMMITTEE","COMMITTEE TO ELECT ELISSA CAMPBELL","AIRBNB","TRAVEL (HOTEL, GAS, ETC.)","11/11/2025","CASPER, WY 82601","AMEND - ADD","1542.71"
"CANDIDATE COMMITTEE","BARLOW FOR WYOMING","RADIANT MANUFACTURING","CAMPAIGN YARD SIGNS, BUTTONS, PENS, ETC.","11/10/2025","ROCK SPRINGS, WY 82902","FILED","6254"
"CANDIDATE COMMITTEE","COMMITTEE TO ELECT CHUCK GRAY","THM CONSULTING","ADVERTISING - TV","11/10/2025","MATTAWAN, MI 49071","FILED","17500"
"CANDIDATE COMMITTEE","FRIENDS OF JULIE JARVIS","ADOBE","OFFICE SUPPLIES","11/10/2025","SAN JOSE, CA 95110","FILED","23.18"
"CANDIDATE COMMITTEE","BARLOW FOR WYOMING","HIGH PLAINS CONSULTANTS LLC","CONSULTING","11/7/2025","CARPENTER, WY 82054","FILED","2125"
"CANDIDATE COMMITTEE","BARLOW FOR WYOMING","TAILORED CFO SOLUTIONS LLC","CONSULTING","11/7/2025","GREEN RIVER, WY 82935","FILED","6948"
"CANDIDATE COMMITTEE","BEN HORNOK FOR WYOMING","PATRIOT MOBILE","PHONE","11/6/2025","GRAPEVINE, TX 76051","FILED","30.44"
"CANDIDATE COMMITTEE","COALITION TO ELECT JOHN BEAR","DOMINOS","FOOD AND BEVERAGES","11/5/2025","GILLETTE, WY ","FILED","249.22"
"CANDIDATE COMMITTEE","FRIENDS OF JULIE JARVIS","FLYWHEEL","GRAPHICS/WEBSITE FEES","11/5/2025","OMAHA, NE 68102","FILED","15"
"CANDIDATE COMMITTEE","FRIENDS OF MARK GORDON","BULL HORN COMMUNICATIONS","GRAPHICS/WEBSITE FEES","11/4/2025","CARMEL, IN 46032","FILED","34"
"CANDIDATE COMMITTEE","BARLOW FOR WYOMING","GOOGLE","IT SERVICES","11/3/2025","MOUNTAIN VIEW, CA 94043","FILED","166.91"
"CANDIDATE COMMITTEE","ELECT J.T. LARSON","GOOGLE","IT SERVICES","11/3/2025","WY ","FILED","16.8"
"CANDIDATE COMMITTEE","FRIENDS OF JULIE JARVIS","GOOGLE GSUITE","GRAPHICS/WEBSITE FEES","11/3/2025","MOUNTAIN VIEW, CA 94043","FILED","26.4"
"CANDIDATE COMMITTEE","FRIENDS OF MARK GORDON","GOOGLE APPS","GRAPHICS/WEBSITE FEES","11/3/2025","MOUNTAIN VIEW, CA 94043","FILED","58.8"
"CANDIDATE COMMITTEE","BEN HORNOK FOR WYOMING","AMERICAN POSTAL SERVICE","OTHER: MAILBOX","11/1/2025","CHEYENNE, WY 82007","FILED","17"
"CANDIDATE COMMITTEE","COMMITTEE TO ELECT KRISTI RACINES","GOOGLE","GRAPHICS/WEBSITE FEES","11/1/2025","","FILED","8.4"
"CANDIDATE COMMITTEE","COMMITTEE TO ELECT MIKE YIN","ACTBLUE","IT SERVICES","11/1/2025","WY ","FILED","0.75"
"CANDIDATE","TREY LYNN SHERWOOD ","ALBANY COUNTY DEMS","OTHER: DONATION","11/1/2025","LARAMIE, WY 82072","FILED","250"
"CANDIDATE COMMITTEE","BARLOW FOR WYOMING","WINRED","BANKING ","10/31/2025","ALEXANDRIA, VA 22314","FILED","927.18"
"CANDIDATE COMMITTEE","BEN HORNOK FOR WYOMING","JONAH BANK","BANKING ","10/31/2025","CHEYENNE, WY 82001","FILED","3.14"
"CANDIDATE COMMITTEE","BITEMAN FOR WYOMING","ADOBE","ADMINISTRATIVE COSTS","10/30/2025","WY ","FILED","31.79"
"CANDIDATE COMMITTEE","BARLOW FOR WYOMING","RANGE LEATHER","CAMPAIGN YARD SIGNS, BUTTONS, PENS, ETC.","10/28/2025","LARAMIE, WY 82070","FILED","1579.2"
"CANDIDATE COMMITTEE","SINGH FOR WYOMING","US POST OFFICE","RENT","10/24/2025","CHEYENNE, WY 82003","FILED","188"
"CANDIDATE COMMITTEE","GERINGER FOR WYOMING","GOLDEN EGG","FOOD AND BEVERAGES","10/21/2025","WY ","FILED","25.67"
"CANDIDATE COMMITTEE","BEN HORNOK FOR WYOMING","CAMPAIGNPARTNER.COM","GRAPHICS/WEBSITE FEES","10/18/2025","STILL RIVER, MA 01467","FILED","32"
"CANDIDATE COMMITTEE","COMMITTEE TO ELECT ABBY ANGELOS FOR HOUSE","POST OFFICE","POSTAGE","10/17/2025","GILLETTE, WY 82717","FILED","188"
"CANDIDATE COMMITTEE","BARLOW FOR WYOMING","STRESSBALLS.COM","CAMPAIGN YARD SIGNS, BUTTONS, PENS, ETC.","10/16/2025","CLIFTON, NJ 07012","FILED","927.74"
"CANDIDATE COMMITTEE","BARLOW FOR WYOMING","STRESSBALLS.COM","CAMPAIGN YARD SIGNS, BUTTONS, PENS, ETC.","10/16/2025","CLIFTON, NJ 07012","FILED","928.01"
"CANDIDATE COMMITTEE","BARLOW FOR WYOMING","TAILORED CFO SOLUTIONS LLC","CONSULTING","10/16/2025","GREEN RIVER, WY 82935","FILED","8682"
"CANDIDATE COMMITTEE","BRENNAN FOR SENATE","USPS PO BOXES","RENT","10/15/2025","WY ","FILED","188"
"CANDIDATE COMMITTEE","COMMITTEE TO ELECT KRISTI RACINES","USPS","POSTAGE","10/15/2025","WY ","FILED","94"
"CANDIDATE COMMITTEE","GERINGER FOR WYOMING","MAVERIK","TRAVEL (HOTEL, GAS, ETC.)","10/14/2025","WY ","FILED","92.48"
"CANDIDATE COMMITTEE","SYMONS FOR SHERIDAN","BARLOW FOR GOVERNOR","CANDIDATE/COMMITTEE CONTRIBUTION","10/14/2025","GILLETTE, WY ","FILED","2500"
"CANDIDATE COMMITTEE","SYMONS FOR SHERIDAN","BARLOW FOR GOVERNOR","CANDIDATE/COMMITTEE CONTRIBUTION","10/14/2025","GILLETTE, WY ","AMEND - DELETE","2500"
"CANDIDATE","TONY LOCKE ","CAMPAIGN PARTNER","GRAPHICS/WEBSITE FEES","10/14/2025","","FILED","29"
"CANDIDATE COMMITTEE","BARLOW FOR WYOMING","AXIOM","TRAVEL (HOTEL, GAS, ETC.)","10/13/2025","KANSAS CITY, MO 64112","FILED","1957.66"
"CANDIDATE COMMITTEE","COMMITTEE TO ELECT KRISTI RACINES","TURNING POINT UNIVERSITY OF WYOMING","OTHER: DINNER SPONSORSHIP DONATION","10/13/2025","WY ","FILED","750"
"CANDIDATE COMMITTEE","FRIENDS OF JULIE JARVIS","FACEBOOK","ADVERTISING - DIGITAL","10/11/2025","MENLO PARK, WY 94025","FILED","75"
"CANDIDATE COMMITTEE","FRIENDS OF JULIE JARVIS","ADOBE","OFFICE SUPPLIES","10/10/2025","SAN JOSE, CA 95110","FILED","15"
"CANDIDATE COMMITTEE","JIM ANDERSON FOR STATE SENATE","NATRONA COUNTY REPUBLICAN WOMEN","ADVERTISING - MISC.","10/10/2025","CASPER, WY 82601","FILED","1950"
"CANDIDATE COMMITTEE","BARLOW FOR WYOMING","AMBI","CAMPAIGN YARD SIGNS, BUTTONS, PENS, ETC.","10/9/2025","CASPER, WY 82602","FILED","3880.85"
"CANDIDATE COMMITTEE","BRENT BIEN FOR GOVERNOR","AFAREAST","ADVERTISING - MISC.","10/9/2025","","FILED","215.16"
"CANDIDATE COMMITTEE","BARLOW FOR WYOMING","AXIOM","CONSULTING","10/7/2025","KANSAS CITY, MO 64112","FILED","3000"
"CANDIDATE COMMITTEE","BARLOW FOR WYOMING","HIGH PLAINS CONSULTANTS LLC","CONSULTING","10/7/2025","CARPENTER, WY 82054","FILED","2000"
"CANDIDATE COMMITTEE","BARLOW FOR WYOMING","IVY CASTLEBERRY","CONSULTING","10/7/2025","GILLETTE, WY 82716","FILED","6409.5"
"CANDIDATE COMMITTEE","BARLOW FOR WYOMING","IVY CASTLEBERRY","IT SERVICES","10/7/2025","GILLETTE, WY 82716","FILED","36"
"CANDIDATE COMMITTEE","COMMITTEE TO ELECT KRISTI RACINES","RED BISON STUDIO","OTHER: AUCTION ITEM DONATIONS","10/7/2025","WY ","FILED","720.82"
"CANDIDATE COMMITTEE","ELECT J.T. LARSON","ROCK SPRINGS CHAMBER OF COMMERCE","OTHER: MEMBERSHIP DUES","10/7/2025","WY ","FILED","78"
"CANDIDATE COMMITTEE","THE PEOPLE FOR PROVENZA","ACT BLUE","OTHER: PROCESSING FEES","10/7/2025","","FILED","7.5"
"CANDIDATE COMMITTEE","BEN HORNOK FOR WYOMING","PATRIOT MOBILE","PHONE","10/6/2025","GRAPEVINE, TX 76051","FILED","30.44"
"CANDIDATE COMMITTEE","FRIENDS OF JULIE JARVIS","FLYWHEEL","GRAPHICS/WEBSITE FEES","10/6/2025","OMAHA, WY 68102","FILED","15"
"CANDIDATE COMMITTEE","FRIENDS OF MARK GORDON","BULL HORN COMMUNICATIONS","GRAPHICS/WEBSITE FEES","10/6/2025","CARMEL, IN 46032","FILED","34"
"CANDIDATE COMMITTEE","COMMITTEE TO ELECT KRISTI RACINES","SAM'S CLUB","FOOD AND BEVERAGES","10/3/2025","WY ","FILED","49.04"
"CANDIDATE COMMITTEE","BARLOW FOR WYOMING","BACKSTAGE SCREEN PRINTING","CAMPAIGN YARD SIGNS, BUTTONS, PENS, ETC.","10/2/2025","ROCK SPRINGS, WY 82901","FILED","1572.46"
"CANDIDATE COMMITTEE","COMMITTEE TO ELECT CHUCK GRAY","ASCENT STRATEGIC","CONSULTING","10/2/2025","ERDA, UT 84074","FILED","793.61"
"CANDIDATE COMMITTEE","DEGENFELDER FOR WYOMING","TURCOTTE CONSULTING","ADVERTISING - DIGITAL","10/2/2025","ME ","FILED","1250"
"CANDIDATE COMMITTEE","DEGENFELDER FOR WYOMING","TURCOTTE CONSULTING","ADVERTISING - DIGITAL","10/2/2025","ME ","FILED","1250"
"CANDIDATE COMMITTEE","ELECT J.T. LARSON","GOOGLE","IT SERVICES","10/2/2025","WY ","FILED","16.8"
"CANDIDATE COMMITTEE","FRIENDS OF JULIE JARVIS","GOOGLE GSUITE","GRAPHICS/WEBSITE FEES","10/2/2025","MOUNTAIN VIEW, CA 94043","FILED","26.4"
"CANDIDATE COMMITTEE","FRIENDS OF MARK GORDON","GOOGLE APPS","GRAPHICS/WEBSITE FEES","10/2/2025","MOUNTAIN VIEW, CA 94043","FILED","58.8"
"CANDIDATE COMMITTEE","BARLOW FOR WYOMING","4IMPRINT","CAMPAIGN YARD SIGNS, BUTTONS, PENS, ETC.","10/1/2025","OSHKOSH, WI 54901","FILED","1169.1"
"CANDIDATE COMMITTEE","BARLOW FOR WYOMING","GOOGLE","IT SERVICES","10/1/2025","MOUNTAIN VIEW, CA 94043","FILED","90.72"
"CANDIDATE COMMITTEE","BEN HORNOK FOR WYOMING","AMERICAN POSTAL SERVICE","OTHER: MAILBOX","10/1/2025","CHEYENNE, WY 82007","FILED","17"
"CANDIDATE COMMITTEE","COMMITTEE TO ELECT CHUCK GRAY","ASCENT STRATEGIC","CONSULTING","10/1/2025","ERDA, UT 84074","FILED","3000"
"CANDIDATE COMMITTEE","COMMITTEE TO ELECT KRISTI RACINES","GOOGLE","GRAPHICS/WEBSITE FEES","10/1/2025","","FILED","8.4"
"CANDIDATE COMMITTEE","BARLOW FOR WYOMING","WINRED","BANKING ","9/30/2025","ALEXANDRIA, VA 22314","FILED","685.36"
"CANDIDATE COMMITTEE","BEN HORNOK FOR WYOMING","JONAH BANK","BANKING ","9/30/2025","CHEYENNE, WY 82001","FILED","4.02"
"CANDIDATE COMMITTEE","JIM ANDERSON FOR STATE SENATE","HONOR 307 HEROES","ADVERTISING - MISC.","9/30/2025","CASPER, WY 82601","FILED","2010"
"CANDIDATE COMMITTEE","BITEMAN FOR WYOMING","ADOBE","ADMINISTRATIVE COSTS","9/29/2025","WY ","FILED","31.79"
"CANDIDATE COMMITTEE","BARLOW FOR WYOMING","4ALLPROMOS","CAMPAIGN YARD SIGNS, BUTTONS, PENS, ETC.","9/25/2025","ESSEX, CT 06426","FILED","1056.76"
"CANDIDATE COMMITTEE","BARLOW FOR WYOMING","BACKSTAGE SCREEN PRINTING","CAMPAIGN YARD SIGNS, BUTTONS, PENS, ETC.","9/25/2025","ROCK SPRINGS, WY 82901","FILED","1572.46"
"CANDIDATE COMMITTEE","BITEMAN FOR WYOMING","WALLACK CONSULTING LLC","CONSULTING","9/25/2025","WY ","FILED","3822.76"
"CANDIDATE COMMITTEE","FRIENDS OF MARK GORDON","LARAMIE COUNTY GOP","CANDIDATE/COMMITTEE CONTRIBUTION","9/22/2025","CHEYENNE, WY 82003","FILED","1500"
"CANDIDATE COMMITTEE","BEN HORNOK FOR WYOMING","CAMPAIGNPARTNER.COM","GRAPHICS/WEBSITE FEES","9/18/2025","STILL RIVER, MA 01467","FILED","32"
"CANDIDATE COMMITTEE","FRIENDS OF NINA WEBBER","POWELL TRUBUINE","ADVERTISING - NEWSPAPER","9/18/2025","POWELL, WY ","FILED","118.27"
"CANDIDATE COMMITTEE","GERINGER FOR WYOMING","SAM'S CLUB","CAMPAIGN YARD SIGNS, BUTTONS, PENS, ETC.","9/15/2025","WY ","FILED","96.53"
"CANDIDATE","TONY LOCKE ","CAMPAIGN PARTNER","GRAPHICS/WEBSITE FEES","9/14/2025","","FILED","29"
"CANDIDATE COMMITTEE","GERINGER FOR WYOMING","SQUARE SPACE","GRAPHICS/WEBSITE FEES","9/11/2025","NY ","FILED","12"
"CANDIDATE COMMITTEE","COMMITTEE TO ELECT ROBERT WHARFF","MOMS FOR LIBERTY","CANDIDATE/COMMITTEE CONTRIBUTION","9/10/2025","WY ","FILED","200"
"CANDIDATE COMMITTEE","FRIENDS OF JULIE JARVIS","ADOBE","OFFICE SUPPLIES","9/10/2025","SAN JOSE, CA 95110","FILED","23.18"
"CANDIDATE COMMITTEE","BARLOW FOR WYOMING","AXIOM","GRAPHICS/WEBSITE FEES","9/8/2025","KANSAS CITY, MO 64112","FILED","600"
"CANDIDATE COMMITTEE","FRIENDS OF MARK GORDON","BULL HORN COMMUNICATIONS","GRAPHICS/WEBSITE FEES","9/8/2025","CARMEL, IN 46032","FILED","34"
"CANDIDATE COMMITTEE","JEANETTE WARD FOR WYOMING","X CORPORATION (FORMERLY TWITTER)","ADVERTISING - DIGITAL","9/8/2025","BASTROP, TX 78602","FILED","84"
"CANDIDATE COMMITTEE","BEN HORNOK FOR WYOMING","PATRIOT MOBILE","PHONE","9/6/2025","GRAPEVINE, TX 76051","FILED","30.36"
"CANDIDATE COMMITTEE","COMMITTEE TO ELECT CHUCK GRAY","ANEDOT","BANKING ","9/5/2025","NEW ORLEANS, LA 70112","FILED","10.3"
"CANDIDATE COMMITTEE","FRIENDS OF JULIE JARVIS","FLYWHEEL","GRAPHICS/WEBSITE FEES","9/5/2025","OMAHA, WY 68102","FILED","15"
"CANDIDATE COMMITTEE","BARLOW FOR WYOMING","HIGH PLAINS CONSULTANTS LLC","CONSULTING","9/4/2025","CARPENTER, WY 82054","FILED","975"
"CANDIDATE COMMITTEE","BARLOW FOR WYOMING","IVY CASTLEBERRY","ADVERTISING - MISC.","9/4/2025","GILLETTE, WY 82716","FILED","250"
"CANDIDATE COMMITTEE","BARLOW FOR WYOMING","IVY CASTLEBERRY","CAMPAIGN YARD SIGNS, BUTTONS, PENS, ETC.","9/4/2025","GILLETTE, WY 82716","FILED","1023.31"
"CANDIDATE COMMITTEE","BARLOW FOR WYOMING","IVY CASTLEBERRY","CONSULTING","9/4/2025","GILLETTE, WY 82716","FILED","6455"
"CANDIDATE COMMITTEE","BARLOW FOR WYOMING","IVY CASTLEBERRY","IT SERVICES","9/4/2025","GILLETTE, WY 82716","FILED","561.8"
"CANDIDATE COMMITTEE","BARLOW FOR WYOMING","TAILORED CFO SOLUTIONS LLC","CONSULTING","9/4/2025","GREEN RIVER, WY 82935","FILED","6650"
"CANDIDATE COMMITTEE","BARLOW FOR WYOMING","TAILORED CFO SOLUTIONS LLC","OFFICE SUPPLIES","9/4/2025","GREEN RIVER, WY 82935","FILED","89"
"CANDIDATE COMMITTEE","BARLOW FOR WYOMING","GOOGLE","IT SERVICES","9/2/2025","MOUNTAIN VIEW, CA 94043","FILED","75.59"
"CANDIDATE COMMITTEE","BITEMAN FOR WYOMING","ADOBE","ADMINISTRATIVE COSTS","9/2/2025","WY ","FILED","31.79"
"CANDIDATE COMMITTEE","COMMITTEE TO ELECT CHUCK GRAY","ASCENT STRATEGIC","CONSULTING","9/2/2025","ERDA, UT 84074","FILED","3000"
"CANDIDATE COMMITTEE","ELECT J.T. LARSON","GOOGLE","IT SERVICES","9/2/2025","WY ","FILED","16.8"
"CANDIDATE COMMITTEE","FRIENDS OF JULIE JARVIS","GOOGLE GSUITE","GRAPHICS/WEBSITE FEES","9/2/2025","MOUNTAIN VIEW, CA 94043","FILED","26.4"
"CANDIDATE COMMITTEE","FRIENDS OF MARK GORDON","GOOGLE APPS","GRAPHICS/WEBSITE FEES","9/2/2025","MOUNTAIN VIEW, CA 94043","FILED","58.8"
"CANDIDATE COMMITTEE","BEN HORNOK FOR WYOMING","AMERICAN POSTAL SERVICE","OTHER: MAIBLOX","9/1/2025","CHEYENNE, WY 82007","FILED","17"
"CANDIDATE COMMITTEE","COMMITTEE TO ELECT ABBY ANGELOS FOR HOUSE","FIRST NATIONAL BANK","BANKING ","9/1/2025","GILLETTE, WY 82717","FILED","8"
"CANDIDATE COMMITTEE","COMMITTEE TO ELECT KRISTI RACINES","GOOGLE","GRAPHICS/WEBSITE FEES","9/1/2025","","FILED","8.4"
"CANDIDATE COMMITTEE","BARLOW FOR WYOMING","WINRED","BANKING ","8/31/2025","ALEXANDRIA, VA 22314","FILED","1116.68"
"CANDIDATE COMMITTEE","COMMITTEE TO ELECT CHUCK GRAY","GUESTBOOKER, LLC","OTHER: MEDIA BOOKING","8/30/2025","BRENTWOOD, TN 37024","FILED","5000"
"CANDIDATE COMMITTEE","BEN HORNOK FOR WYOMING","JONAH BANK","BANKING ","8/29/2025","CHEYENNE, WY 82001","FILED","4.73"
"CANDIDATE COMMITTEE","BARLOW FOR WYOMING","MAIN STREET CHECKS","BANKING ","8/28/2025","GILLETTE, WY 82718","FILED","27.17"
"CANDIDATE COMMITTEE","COMMITTEE TO ELECT ALAN SHELDON","USPS","ADMINISTRATIVE COSTS","8/26/2025","CHEYENNE, WY 82003","FILED","54"
"CANDIDATE COMMITTEE","BARLOW FOR WYOMING","AMBI","CAMPAIGN YARD SIGNS, BUTTONS, PENS, ETC.","8/25/2025","CASPER, WY 82602","FILED","372.59"
"CANDIDATE COMMITTEE","BARLOW FOR WYOMING","AXIOM","CAMPAIGN YARD SIGNS, BUTTONS, PENS, ETC.","8/25/2025","KANSAS CITY, MO 64112","FILED","631"
"CANDIDATE COMMITTEE","BITEMAN FOR WYOMING","JOEY CORRENTI","TRAVEL (HOTEL, GAS, ETC.)","8/25/2025","WY ","FILED","171.96"
"CANDIDATE COMMITTEE","BITEMAN FOR WYOMING","RICHARD BRATTON","ENTERTAINMENT","8/25/2025","WY ","FILED","300"
"CANDIDATE COMMITTEE","BEN HORNOK FOR WYOMING","CAMPAIGNPARTNER.COM","GRAPHICS/WEBSITE FEES","8/18/2025","STILL RIVER, MA 01467","FILED","32"
"CANDIDATE COMMITTEE","BARLOW FOR WYOMING","USPS","POSTAGE","8/15/2025","GREEN RIVER, WY 82935","FILED","46.8"
"CANDIDATE","TONY LOCKE ","CAMPAIGN PARTNER","GRAPHICS/WEBSITE FEES","8/14/2025","","FILED","29"
"CANDIDATE COMMITTEE","BARLOW FOR WYOMING","PRIDGEON INC","FOOD AND BEVERAGES","8/12/2025","WRIGHT, WY 82732","FILED","2158.93"
"CANDIDATE COMMITTEE","COMMITTEE TO ELECT CHUCK GRAY","FABRIZIO, LEE","OTHER: POLLING","8/12/2025","FT. LAUDERDALE, FL 33304","FILED","21695"
"CANDIDATE COMMITTEE","COMMITTEE TO ELECT CHUCK GRAY","HILLTOP NATIONAL BANK","BANKING ","8/12/2025","CASPER, WY 82609","FILED","25"
"CANDIDATE COMMITTEE","COMMITTEE TO ELECT MIKE YIN","TETON MEDIA WORKS","ADVERTISING - NEWSPAPER","8/11/2025","WY ","FILED","574.08"
"CANDIDATE COMMITTEE","FRIENDS OF JULIE JARVIS","ADOBE","OFFICE SUPPLIES","8/11/2025","SAN JOSE, CA 95110","FILED","23.18"
"CANDIDATE COMMITTEE","BARLOW FOR WYOMING","SETH JACOBSON","GRAPHICS/WEBSITE FEES","8/8/2025","ARVADA, CO 80005","FILED","1456"
"CANDIDATE","TREY LYNN SHERWOOD ","SQUARE SPACE","GRAPHICS/WEBSITE FEES","8/7/2025","NEW YORK, NY 10014","FILED","50.4"
"CANDIDATE COMMITTEE","BEN HORNOK FOR WYOMING","PATRIOT MOBILE","PHONE","8/6/2025","GRAPEVINE, TX 76051","FILED","30.36"
"CANDIDATE COMMITTEE","COMMITTEE TO ELECT CHUCK GRAY","ASCENT STRATEGIC","CONSULTING","8/6/2025","ERDA, UT 84074","FILED","4500"
"CANDIDATE COMMITTEE","COMMITTEE TO ELECT CHUCK GRAY","HILLTOP NATIONAL BANK","BANKING ","8/6/2025","CASPER, WY 82609","FILED","25"
"CANDIDATE COMMITTEE","FRIENDS OF JULIE JARVIS","FLYWHEEL","GRAPHICS/WEBSITE FEES","8/5/2025","OMAHA, NE 68102","FILED","15"
"CANDIDATE COMMITTEE","FRIENDS OF MARK GORDON","BULL HORN COMMUNICATIONS","GRAPHICS/WEBSITE FEES","8/5/2025","CARMEL, IN 46032","FILED","34"
"CANDIDATE COMMITTEE","ELECT J.T. LARSON","GOOGLE","IT SERVICES","8/4/2025","WY ","FILED","16.17"
"CANDIDATE COMMITTEE","JEANETTE WARD FOR WYOMING","MAD RABBIT CONFABS","ADVERTISING - MISC.","8/4/2025","SARASOTA, FL 34243","FILED","550"
"CANDIDATE COMMITTEE","BEN HORNOK FOR WYOMING","AMERICAN POSTAL SERVICE","OTHER: MAILBOX","8/1/2025","CHEYENNE, WY 82007","FILED","17"
"CANDIDATE COMMITTEE","COMMITTEE TO ELECT ABBY ANGELOS FOR HOUSE","FIRST NATIONAL BANK","BANKING ","8/1/2025","GILLETTE, WY 82717","FILED","8"
"CANDIDATE COMMITTEE","COMMITTEE TO ELECT KRISTI RACINES","GOOGLE","GRAPHICS/WEBSITE FEES","8/1/2025","","FILED","8.08"
"CANDIDATE COMMITTEE","FRIENDS OF JULIE JARVIS","GOOGLE GSUITE","GRAPHICS/WEBSITE FEES","8/1/2025","MOUNTAIN VIEW, CA 94043","FILED","25.15"
"CANDIDATE COMMITTEE","FRIENDS OF MARK GORDON","GOOGLE APPS","GRAPHICS/WEBSITE FEES","8/1/2025","MOUNTAIN VIEW, CA 94043","FILED","56.62"
"CANDIDATE COMMITTEE","BEN HORNOK FOR WYOMING","JONAH BANK","BANKING ","7/31/2025","CHEYENNE, WY 82001","FILED","4.57"
"CANDIDATE COMMITTEE","BARLOW FOR WYOMING","FIRST NATIONAL BANK OF GILLETTE","BANKING ","7/30/2025","GILLETTE, WY 82718","FILED","36.85"
"CANDIDATE COMMITTEE","BARLOW FOR WYOMING","IVY CASTLEBERRY","CONSULTING","7/30/2025","GILLETTE, WY 82716","FILED","6000"
"CANDIDATE COMMITTEE","BARLOW FOR WYOMING","IVY CASTLEBERRY","IT SERVICES","7/30/2025","GILLETTE, WY 82716","FILED","903.73"
"CANDIDATE COMMITTEE","BARLOW FOR WYOMING","TAILORED CFO SOLUTIONS LLC","CONSULTING","7/30/2025","GREEN RIVER, WY 82935","FILED","4250"
"CANDIDATE COMMITTEE","BARLOW FOR WYOMING","WINRED","BANKING ","7/30/2025","ALEXANDRIA, VA 22314","FILED","99.53"
"CANDIDATE COMMITTEE","BITEMAN FOR WYOMING","ADOBE","ADMINISTRATIVE COSTS","7/30/2025","WY ","FILED","31.79"
"CANDIDATE COMMITTEE","JEANETTE WARD FOR WYOMING","VISTAPRINT","PRINTING","7/29/2025","WALTHAM, MA 02451","FILED","977.14"
"CANDIDATE COMMITTEE","BEN HORNOK FOR WYOMING","CAMPAIGNPARTNER.COM","GRAPHICS/WEBSITE FEES","7/18/2025","STILL RIVER, MA 01467","FILED","32"
"CANDIDATE COMMITTEE","COMMITTEE TO ELECT CHUCK GRAY","HILLTOP NATIONAL BANK","CAMPAIGN YARD SIGNS, BUTTONS, PENS, ETC.","7/16/2025","CASPER, WY 82609","FILED","25"
"CANDIDATE","TREY LYNN SHERWOOD ","WYOGIVES","OTHER: DONATION","7/16/2025","CHEYENNE, WY 82001","FILED","1555.68"
"CANDIDATE COMMITTEE","COALITION TO ELECT JOHN BEAR","SPENCER FEDERAL","CONSULTING","7/15/2025","OH ","FILED","274.08"
"CANDIDATE COMMITTEE","COALITION TO ELECT JOHN BEAR","TURN COAT AGENCY","GRAPHICS/WEBSITE FEES","7/15/2025","WY ","FILED","530"
"CANDIDATE COMMITTEE","COMMITTEE TO ELECT CHUCK GRAY","FABRIZIO, LEE","OTHER: POLLING","7/15/2025","FT. LAUDERDALE, FL 33304","FILED","21695"
"CANDIDATE COMMITTEE","COMMITTEE TO ELECT KEN CLOUSTON","KEN CLOUSTON","TRAVEL (HOTEL, GAS, ETC.)","7/15/2025","GILLETTE, WY 82718","FILED","91.15"
"CANDIDATE COMMITTEE","COMMITTEE TO ELECT KEN CLOUSTON","KEN CLOUSTON","TRAVEL (HOTEL, GAS, ETC.)","7/15/2025","GILLETTE, WY 82718","FILED","1204.12"
"CANDIDATE COMMITTEE","COMMITTEE TO ELECT KEN CLOUSTON","KEN CLOUSTON","TRAVEL (HOTEL, GAS, ETC.)","7/15/2025","GILLETTE, WY 82718","FILED","500"
"CANDIDATE COMMITTEE","COMMITTEE TO ELECT KEN CLOUSTON","SQUARE SPACE","IT SERVICES","7/15/2025","NEW YORK, NY 10014","FILED","75"
"CANDIDATE COMMITTEE","COMMITTEE TO ELECT KEN CLOUSTON","UHAUL","RENT","7/15/2025","GILLETTE, WY 82718","FILED","434.85"
"CANDIDATE COMMITTEE","JIM ANDERSON FOR STATE SENATE","WYOMING HISTORICAL FOUNDATION","ADVERTISING - MISC.","7/15/2025","CASPER, WY 82601","FILED","500"
"CANDIDATE COMMITTEE","BITEMAN FOR WYOMING","GODADDY","GRAPHICS/WEBSITE FEES","7/14/2025","WY ","FILED","47.88"
"CANDIDATE COMMITTEE","BITEMAN FOR WYOMING","GODADDY","GRAPHICS/WEBSITE FEES","7/14/2025","WY ","FILED","110.95"
"CANDIDATE","TONY LOCKE ","CAMPAIGN PARTNER","GRAPHICS/WEBSITE FEES","7/14/2025","","FILED","29"
"CANDIDATE COMMITTEE","BRENNAN FOR SENATE","WIX.COM","GRAPHICS/WEBSITE FEES","7/12/2025","NY ","FILED","84"
"CANDIDATE COMMITTEE","FRIENDS OF JULIE JARVIS","ADOBE","OFFICE SUPPLIES","7/10/2025","SAN JOSE, CA 95110","FILED","23.18"
"CANDIDATE COMMITTEE","COMMITTEE TO ELECT KRISTI RACINES","SAM'S CLUB","FOOD AND BEVERAGES","7/8/2025","WY ","FILED","30.3"
"CANDIDATE COMMITTEE","FRIENDS OF JULIE JARVIS","FLYWHEEL","GRAPHICS/WEBSITE FEES","7/7/2025","OMAHA, NE 68102","FILED","15"
"CANDIDATE COMMITTEE","FRIENDS OF MARK GORDON","BULL HORN COMMUNICATIONS","GRAPHICS/WEBSITE FEES","7/7/2025","CARMEL, IN 46032","FILED","34"
"CANDIDATE COMMITTEE","BEN HORNOK FOR WYOMING","PATRIOT MOBILE","PHONE","7/6/2025","GRAPEVINE, TX 76051","FILED","30.34"
"CANDIDATE COMMITTEE","COMMITTEE TO ELECT KRISTI RACINES","TRACTOR SUPPLY","OFFICE SUPPLIES","7/2/2025","WY ","FILED","19.06"
"CANDIDATE COMMITTEE","ELECT J.T. LARSON","GOOGLE","IT SERVICES","7/2/2025","WY ","FILED","14.4"
"CANDIDATE COMMITTEE","FRIENDS OF JULIE JARVIS","GOOGLE GSUITE","GRAPHICS/WEBSITE FEES","7/2/2025","MOUNTAIN VIEW, CA 94043","FILED","21.6"
"CANDIDATE COMMITTEE","BARLOW FOR WYOMING","IVY CASTLEBERRY","CONSULTING","7/1/2025","GILLETTE, WY 82716","FILED","6000"
"CANDIDATE COMMITTEE","BEN HORNOK FOR WYOMING","AMERICAN POSTAL SERVICE","OTHER: MAILBOX","7/1/2025","CHEYENNE, WY 82007","FILED","17"
"CANDIDATE COMMITTEE","COMMITEE TO ELECT KIMBERLY BARTLETT","GOOGLE G SUITE","GRAPHICS/WEBSITE FEES","7/1/2025","MOUNTAIN VIEW, CA 94043","FILED","16.8"
"CANDIDATE COMMITTEE","COMMITTEE TO ELECT ABBY ANGELOS FOR HOUSE","FIRST NATIONAL BANK","BANKING ","7/1/2025","GILLETTE, WY 82717","FILED","8"
"CANDIDATE COMMITTEE","COMMITTEE TO ELECT KRISTI RACINES","GOOGLE","GRAPHICS/WEBSITE FEES","7/1/2025","","FILED","7.2"
"CANDIDATE COMMITTEE","COMMITTEE TO ELECT KRISTI RACINES","SAM'S CLUB","FOOD AND BEVERAGES","7/1/2025","WY ","FILED","114.52"
"CANDIDATE COMMITTEE","FRIENDS OF MARK GORDON","GOOGLE APPS","GRAPHICS/WEBSITE FEES","7/1/2025","MOUNTAIN VIEW, CA 94043","FILED","50.4"
"CANDIDATE COMMITTEE","BEN HORNOK FOR WYOMING","JONAH BANK","BANKING ","6/30/2025","CHEYENNE, WY 82001","FILED","4.39"
"CANDIDATE COMMITTEE","BITEMAN FOR WYOMING","ADOBE","ADMINISTRATIVE COSTS","6/30/2025","WY ","FILED","31.79"
"CANDIDATE COMMITTEE","FRIENDS OF JULIE JARVIS","UPSLOPE MEDIA LLC","ADVERTISING - MISC.","6/26/2025","CASPER, WY 82602","FILED","116"
"CANDIDATE COMMITTEE","DEGENFELDER FOR WYOMING","TURCOTTE CONSULTING","ADVERTISING - DIGITAL","6/21/2025","ME ","FILED","629"
"CANDIDATE COMMITTEE","DEGENFELDER FOR WYOMING","TURCOTTE CONSULTING","ADVERTISING - DIGITAL","6/20/2025","ME ","FILED","629"
"CANDIDATE COMMITTEE","BEN HORNOK FOR WYOMING","CAMPAIGNPARTNER.COM","GRAPHICS/WEBSITE FEES","6/18/2025","STILL RIVER, MA 01467","FILED","32"
"CANDIDATE COMMITTEE","CHESTEK FOR HD 13","UNITED STATES POST OFFICE","ADMINISTRATIVE COSTS","6/17/2025","LARAMIE, WY 82070","FILED","226"
"CANDIDATE COMMITTEE","COMMITTEE TO ELECT KEN CLOUSTON","KEN CLOUSTON","TRAVEL (HOTEL, GAS, ETC.)","6/17/2025","GILLETTE, WY 82718","FILED","1399.95"
"CANDIDATE","TONY LOCKE ","CAMPAIGN PARTNER","GRAPHICS/WEBSITE FEES","6/14/2025","","FILED","29"
"CANDIDATE COMMITTEE","BITEMAN FOR WYOMING","JEFF WALLACK","CONSULTING","6/11/2025","WY ","FILED","2142.75"
"CANDIDATE COMMITTEE","FRIENDS OF JULIE JARVIS","ADOBE","OFFICE SUPPLIES","6/10/2025","SAN JOSE, CA 95110","FILED","23.18"
"CANDIDATE COMMITTEE","BEN HORNOK FOR WYOMING","VERIZON","PHONE","6/9/2025","BASKING RIDGE, NJ 07920","FILED","71.77"
"CANDIDATE COMMITTEE","ELECT J.T. LARSON","FACEBOOK","ADVERTISING - DIGITAL","6/9/2025","WY ","FILED","7.03"
"CANDIDATE COMMITTEE","JEANETTE WARD FOR WYOMING","META","ADVERTISING - DIGITAL","6/9/2025","MENLO PARK, CA 94025","FILED","72.19"
"CANDIDATE","TREY LYNN SHERWOOD ","SQUARE SPACE","GRAPHICS/WEBSITE FEES","6/7/2025","NEW YORK, NY 10014","FILED","33.6"
"CANDIDATE COMMITTEE","BEN HORNOK FOR WYOMING","PATRIOT MOBILE","PHONE","6/6/2025","GRAPEVINE, TX 76051","FILED","30.43"
"CANDIDATE COMMITTEE","BITEMAN FOR WYOMING","FRONTIER CONSULTING","CONSULTING","6/6/2025","WY ","FILED","2438"
"CANDIDATE COMMITTEE","FRIENDS OF JULIE JARVIS","FLYWHEEL","GRAPHICS/WEBSITE FEES","6/5/2025","OMAHA, NE 68102","FILED","15"
"CANDIDATE COMMITTEE","FRIENDS OF MARK GORDON","BULL HORN COMMUNICATIONS","GRAPHICS/WEBSITE FEES","6/5/2025","CARMEL, IN 46032","FILED","34"
"CANDIDATE COMMITTEE","BITEMAN FOR WYOMING","ADOBE","ADMINISTRATIVE COSTS","6/2/2025","WY ","FILED","31.79"
"CANDIDATE COMMITTEE","ELECT J.T. LARSON","GOOGLE","IT SERVICES","6/2/2025","WY ","FILED","14.4"
"CANDIDATE COMMITTEE","FRIENDS OF JULIE JARVIS","GOOGLE GSUITE","GRAPHICS/WEBSITE FEES","6/2/2025","MOUNTAIN VIEW, CA 94043","FILED","21.6"
"CANDIDATE COMMITTEE","FRIENDS OF MARK GORDON","GOOGLE APPS","GRAPHICS/WEBSITE FEES","6/2/2025","MOUNTAIN VIEW, CA 94043","FILED","50.4"
"CANDIDATE COMMITTEE","BEN HORNOK FOR WYOMING","AMERICAN POSTAL SERVICE","OTHER: MAILBOX","6/1/2025","CHEYENNE, WY 82007","FILED","17"
"CANDIDATE COMMITTEE","COMMITTEE TO ELECT ABBY ANGELOS FOR HOUSE","FIRST NATIONAL BANK","BANKING ","6/1/2025","GILLETTE, WY 82717","FILED","8"
"CANDIDATE COMMITTEE","COMMITTEE TO ELECT KRISTI RACINES","GOOGLE","GRAPHICS/WEBSITE FEES","6/1/2025","","FILED","7.2"
"CANDIDATE COMMITTEE","BEN HORNOK FOR WYOMING","JONAH BANK","BANKING ","5/30/2025","CHEYENNE, WY 82001","FILED","4.08"
"CANDIDATE COMMITTEE","FRIENDS OF MARK GORDON","FIRST INTERSTATE BANK","BANKING ","5/30/2025","BUFFALO, WY 82834","FILED","2"
"CANDIDATE COMMITTEE","ELECT J.T. LARSON","FACEBOOK","ADVERTISING - DIGITAL","5/27/2025","WY ","FILED","92"
"CANDIDATE COMMITTEE","COMMITTEE TO ELECT ALAN SHELDON","USPS","ADMINISTRATIVE COSTS","5/26/2025","","FILED","54"
"CANDIDATE COMMITTEE","BRENNAN FOR SENATE","WIX.COM","GRAPHICS/WEBSITE FEES","5/24/2025","NY ","FILED","432"
"CANDIDATE COMMITTEE","THE PEOPLE FOR PROVENZA","WALMART","OFFICE SUPPLIES","5/23/2025","LARAMIE, WY ","FILED","179.88"
"CANDIDATE","TREY LYNN SHERWOOD ","SQUARE SPACE","GRAPHICS/WEBSITE FEES","5/23/2025","NEW YORK, NY 10014","FILED","192"
"CANDIDATE COMMITTEE","GERINGER FOR WYOMING","WIX","GRAPHICS/WEBSITE FEES","5/22/2025","CA ","FILED","204"
"CANDIDATE COMMITTEE","COMMITTEE TO ELECT KEN CLOUSTON","KEN CLOUSTON","TRAVEL (HOTEL, GAS, ETC.)","5/20/2025","GILLETTE, WY 82718","FILED","856.7"
"CANDIDATE","IVAN D POSEY ","SQSP","ADVERTISING - MISC.","5/20/2025","GREEN BAY, WI ","FILED","276"
"CANDIDATE COMMITTEE","THE PEOPLE FOR PROVENZA","TANNER EWALT","ADMINISTRATIVE COSTS","5/20/2025","LARAMIE, WY ","FILED","700"
"CANDIDATE COMMITTEE","JEANETTE WARD FOR WYOMING","META","ADVERTISING - DIGITAL","5/19/2025","MENLO PARK, CA 94025","FILED","273"
"CANDIDATE COMMITTEE","BEN HORNOK FOR WYOMING","CAMPAIGNPARTNER.COM","GRAPHICS/WEBSITE FEES","5/18/2025","STILL RIVER, MA 01467","FILED","32"
"CANDIDATE COMMITTEE","THE PEOPLE FOR PROVENZA","SQUARESPACE","GRAPHICS/WEBSITE FEES","5/15/2025","","FILED","23"
"CANDIDATE","TONY LOCKE ","CAMPAIGN PARTNER","GRAPHICS/WEBSITE FEES","5/14/2025","","FILED","29"
"CANDIDATE COMMITTEE","BEN HORNOK FOR WYOMING","CAMPAIGNPARTNER.COM","GRAPHICS/WEBSITE FEES","5/12/2025","STILL RIVER, MA 01467","FILED","15"
"CANDIDATE COMMITTEE","COMMITTEE TO ELECT CHUCK GRAY","ANEDOT","BANKING ","5/12/2025","NEW ORLEANS, LA 70112","FILED","1.3"
"CANDIDATE COMMITTEE","COMMITTEE TO ELECT ROBERT WHARFF","ALEC","CANDIDATE/COMMITTEE CONTRIBUTION","5/12/2025","WY ","FILED","200"
"CANDIDATE COMMITTEE","FRIENDS OF JULIE JARVIS","ADOBE","OFFICE SUPPLIES","5/12/2025","SAN JOSE, CA 95110","FILED","23.18"
"CANDIDATE COMMITTEE","COMMITTEE TO ELECT CHUCK GRAY","GUESTBOOKER, LLC","OTHER: MEDIA BOOKING","5/9/2025","BRENTWOOD, TN 37024","FILED","5000"
"CANDIDATE COMMITTEE","COMMITTEE TO ELECT CHUCK GRAY","HILLTOP NATIONAL BANK","BANKING ","5/9/2025","CASPER, WY 82609","FILED","25"
"CANDIDATE COMMITTEE","THE PEOPLE FOR PROVENZA","HAMBONES PIZZA","FOOD AND BEVERAGES","5/9/2025","LARAMIE, WY ","FILED","54.53"
"CANDIDATE COMMITTEE","BEN HORNOK FOR WYOMING","VERIZON","PHONE","5/8/2025","BASKING RIDGE, NJ 07920","FILED","62.37"
"CANDIDATE COMMITTEE","BRENNAN FOR SENATE","WIX.COM","GRAPHICS/WEBSITE FEES","5/8/2025","NY ","FILED","31.25"
"CANDIDATE COMMITTEE","JEANETTE WARD FOR WYOMING","META","ADVERTISING - DIGITAL","5/7/2025","MENLO PARK, CA 94025","FILED","27.95"
"CANDIDATE COMMITTEE","JEANETTE WARD FOR WYOMING","META","ADVERTISING - DIGITAL","5/7/2025","MENLO PARK, CA 94025","FILED","11.52"
"CANDIDATE COMMITTEE","DEGENFELDER FOR WYOMING","DONALD STEVEN DEGENFELDER","LOAN PAYMENT","5/6/2025","WY ","FILED","450000"
"CANDIDATE COMMITTEE","FRIENDS OF MARK GORDON","BULL HORN COMMUNICATIONS","GRAPHICS/WEBSITE FEES","5/6/2025","CARMEL, IN 16032","FILED","34"
"CANDIDATE COMMITTEE","FRIENDS OF JULIE JARVIS","FLYWHEEL","GRAPHICS/WEBSITE FEES","5/5/2025","OMAHA, NE 68102","FILED","15"
"CANDIDATE COMMITTEE","FRIENDS OF MARK GORDON","DROPBOX.COM","GRAPHICS/WEBSITE FEES","5/5/2025","SAN FRANSISCO, CA 94107","FILED","1119.88"
"CANDIDATE COMMITTEE","JEANETTE WARD FOR WYOMING","META","ADVERTISING - DIGITAL","5/5/2025","MENLO PARK, CA 94025","FILED","248"
"CANDIDATE COMMITTEE","THE PEOPLE FOR PROVENZA","BEJO DUA SUSHI AND RAMEN","FOOD AND BEVERAGES","5/5/2025","LARAMIE, WY ","FILED","191.09"
"CANDIDATE","IVAN D POSEY ","SQSP","ADVERTISING - MISC.","5/4/2025","GREEN BAY, WI ","FILED","20"
"CANDIDATE COMMITTEE","ELECT J.T. LARSON","GOOGLE","IT SERVICES","5/2/2025","WY ","FILED","14.4"
"CANDIDATE COMMITTEE","FRIENDS OF JULIE JARVIS","GOOGLE GSUITE","GRAPHICS/WEBSITE FEES","5/2/2025","MOUNTAIN VIEW, CA 94043","FILED","21.6"
"CANDIDATE COMMITTEE","FRIENDS OF MARK GORDON","GOOGLE APPS","GRAPHICS/WEBSITE FEES","5/2/2025","MOUNTAIN VIEW, CA 94043","FILED","50.4"
"CANDIDATE COMMITTEE","BEN HORNOK FOR WYOMING","AMERICAN POSTAL SERVICE","OTHER: MAILBOX","5/1/2025","CHEYENNE, WY 82007","FILED","17"
"CANDIDATE COMMITTEE","COMMITEE TO ELECT KIMBERLY BARTLETT","GOOGLE G SUITE","GRAPHICS/WEBSITE FEES","5/1/2025","MOUNTAIN VIEW, CA 94043","FILED","14.4"
"CANDIDATE COMMITTEE","COMMITTEE TO ELECT ABBY ANGELOS FOR HOUSE","FIRST NATIONAL BANK","BANKING ","5/1/2025","GILLETTE, WY 82717","FILED","8"
"CANDIDATE COMMITTEE","COMMITTEE TO ELECT CHUCK GRAY","RMC","IT SERVICES","5/1/2025","LAS VEGAS, NV 89117","FILED","149"
"CANDIDATE COMMITTEE","COMMITTEE TO ELECT KEN CLOUSTON","KEN CLOUSTON","OFFICE SUPPLIES","5/1/2025","GILLETTE, WY 82718","FILED","75.6"
"CANDIDATE COMMITTEE","COMMITTEE TO ELECT KRISTI RACINES","GOOGLE","GRAPHICS/WEBSITE FEES","5/1/2025","","FILED","7.2"
"CANDIDATE COMMITTEE","BEN HORNOK FOR WYOMING","JONAH BANK","BANKING ","4/30/2025","CHEYENNE, WY 82007","FILED","3.74"
"CANDIDATE COMMITTEE","BITEMAN FOR WYOMING","ADOBE","ADMINISTRATIVE COSTS","4/29/2025","WY ","FILED","31.79"
"CANDIDATE COMMITTEE","COMMITTEE TO ELECT KRISTI RACINES","WALMART","OTHER: AUCTION ITEM","4/29/2025","WY ","FILED","38.73"
"CANDIDATE COMMITTEE","THE PEOPLE FOR PROVENZA","ACTION NETWORK","GRAPHICS/WEBSITE FEES","4/29/2025","","FILED","30"
"CANDIDATE COMMITTEE","STORER FOR STATE HOUSE","SNOWDAY","GRAPHICS/WEBSITE FEES","4/28/2025","JACKSON, WY 83002","FILED","750"
"CANDIDATE COMMITTEE","TED HANLON COMMITTEE TO ELECT","LARAMIE COUNTY DEMOCRATIC PARTY","CANDIDATE/COMMITTEE CONTRIBUTION","4/28/2025","CHEYENNE, WY 82001","FILED","933"
"CANDIDATE COMMITTEE","COMMITTEE TO ELECT KRISTI RACINES","CROOK COUNTY GOP","OTHER: LINCOLN DAY DINNER TICKET","4/26/2025","WY ","FILED","60"
"CANDIDATE COMMITTEE","COMMITTEE TO ELECT KRISTI RACINES","EXPEDIA","TRAVEL (HOTEL, GAS, ETC.)","4/26/2025","","FILED","106.99"
"CANDIDATE COMMITTEE","COMMITTEE TO ELECT KRISTI RACINES","WALMART","OTHER: AUCTION ITEM","4/25/2025","WY ","FILED","21.12"
"CANDIDATE COMMITTEE","JEANETTE WARD FOR WYOMING","META","ADVERTISING - DIGITAL","4/25/2025","MENLO PARK, CA 94025","FILED","248"
"CANDIDATE COMMITTEE","BEN HORNOK FOR WYOMING","PATRIOT MOBILE","PHONE","4/24/2025","GRAPEVINE, TX 76051","FILED","77.2"
"CANDIDATE COMMITTEE","FRIENDS OF JULIE JARVIS","AMBI","ADVERTISING - MISC.","4/21/2025","CASPER, WY 82602","FILED","2235.53"
"CANDIDATE COMMITTEE","BEN HORNOK FOR WYOMING","CAMPAIGNPARTNER.COM","GRAPHICS/WEBSITE FEES","4/18/2025","STILL RIVER, MA 01467","FILED","32"
"CANDIDATE COMMITTEE","COMMITTEE TO ELECT KRISTI RACINES","USPS","POSTAGE","4/16/2025","WY ","FILED","94"
"CANDIDATE COMMITTEE","GERINGER FOR WYOMING","TXEXT","ADMINISTRATIVE COSTS","4/16/2025","AZ ","FILED","39.95"
"CANDIDATE COMMITTEE","THE PEOPLE FOR PROVENZA","WEBFLOW","GRAPHICS/WEBSITE FEES","4/16/2025","","FILED","232"
"CANDIDATE COMMITTEE","BITEMAN FOR WYOMING","ADOBE","ADMINISTRATIVE COSTS","4/15/2025","WY ","FILED","699.47"
"CANDIDATE","TONY LOCKE ","CAMPAIGN PARTNER","GRAPHICS/WEBSITE FEES","4/14/2025","","FILED","29"
"CANDIDATE COMMITTEE","FRIENDS OF JULIE JARVIS","ADOBE","OFFICE SUPPLIES","4/10/2025","SAN JOSE, CA 95110","FILED","22.98"
"CANDIDATE COMMITTEE","FRIENDS OF MARK GORDON","BULL HORN COMMUNICATIONS","GRAPHICS/WEBSITE FEES","4/9/2025","CARMEL, IN 46032","FILED","34"
"CANDIDATE COMMITTEE","GERINGER FOR WYOMING","WORDPRESS","GRAPHICS/WEBSITE FEES","4/9/2025","CA ","FILED","96"
"CANDIDATE COMMITTEE","BEN HORNOK FOR WYOMING","VERIZON","PHONE","4/8/2025","BASKING RIDGE, NJ 07920","FILED","94.9"
"CANDIDATE COMMITTEE","STORER FOR STATE HOUSE","MIKE YIN","ADVERTISING - NEWSPAPER","4/8/2025","JACKSON, WY 83002","FILED","109.8"
"CANDIDATE COMMITTEE","FRIENDS OF JULIE JARVIS","FLYWHEEL","GRAPHICS/WEBSITE FEES","4/7/2025","OMAHA, NE 68102","FILED","15"
"CANDIDATE COMMITTEE","JEANETTE WARD FOR WYOMING","META","ADVERTISING - DIGITAL","4/7/2025","MENLO PARK, CA 94025","FILED","185.75"
"CANDIDATE COMMITTEE","JEANETTE WARD FOR WYOMING","META","ADVERTISING - DIGITAL","4/7/2025","MENLO PARK, CA 94025","FILED","2.88"
"CANDIDATE","TONY LOCKE ","USPS","RENT","4/7/2025","","FILED","188"
"CANDIDATE COMMITTEE","DEGENFELDER FOR WYOMING","TURCOTTE CONSULTING","ADVERTISING - DIGITAL","4/3/2025","ME ","FILED","1365"
"CANDIDATE COMMITTEE","BEN HORNOK FOR WYOMING","AMERICAN POSTAL SERVICE","OTHER: MAILBOX","4/1/2025","CHEYENNE, WY 82007","FILED","17"
"CANDIDATE COMMITTEE","COMMITEE TO ELECT KIMBERLY BARTLETT","GOOGLE G SUITE","GRAPHICS/WEBSITE FEES","4/1/2025","MOUNTAIN VIEW, CA 94043","FILED","14.4"
"CANDIDATE COMMITTEE","COMMITTEE TO ELECT ABBY ANGELOS FOR HOUSE","FIRST NATIONAL BANK","BANKING ","4/1/2025","GILLETTE, WY 82717","FILED","8"
"CANDIDATE COMMITTEE","COMMITTEE TO ELECT KRISTI RACINES","GOOGLE ","GRAPHICS/WEBSITE FEES","4/1/2025","","FILED","7.2"
"CANDIDATE COMMITTEE","ELECT J.T. LARSON","GOOGLE","IT SERVICES","4/1/2025","WY ","FILED","14.4"
"CANDIDATE COMMITTEE","FRIENDS OF JULIE JARVIS","ADOBE","GRAPHICS/WEBSITE FEES","4/1/2025","MOUNTAIN VIEW, CA 94043","FILED","21.6"
"CANDIDATE COMMITTEE","FRIENDS OF MARK GORDON","GOOGLE APPS","GRAPHICS/WEBSITE FEES","4/1/2025","MOUNTAIN VIEW, CA 94043","FILED","50.4"
"CANDIDATE COMMITTEE","BEN HORNOK FOR WYOMING","JONAH BANK","BANKING ","3/31/2025","CHEYENNE, WY 82001","FILED","3.39"
"CANDIDATE COMMITTEE","BITEMAN FOR WYOMING","ADOBE","ADMINISTRATIVE COSTS","3/31/2025","WY ","FILED","31.79"
"CANDIDATE COMMITTEE","BITEMAN FOR WYOMING","WIX","GRAPHICS/WEBSITE FEES","3/31/2025","WY ","FILED","324"
"CANDIDATE COMMITTEE","COMMITTEE TO ELECT CHUCK GRAY","ANEDOT","BANKING ","3/29/2025","NEW ORLEANS, LA 70112","FILED","0.34"
"CANDIDATE","IVAN D POSEY ","WESTGATE STRATEGY","ADVERTISING - DIGITAL","3/25/2025","IDAHO FALLS, ID ","FILED","700"
"CANDIDATE COMMITTEE","COMMITTEE TO ELECT KEN CLOUSTON","KEN CLOUSTON","FOOD AND BEVERAGES","3/21/2025","GILLETTE, WY 82718","FILED","200"
"CANDIDATE COMMITTEE","COMMITTEE TO ELECT KRISTI RACINES","FREMONT COUNTY REPUBLICAN WOMEN","OTHER: DINNER TICKET/DESSERT DONATION","3/21/2025"," , WY ","FILED","85"
"CANDIDATE COMMITTEE","FRIENDS OF JULIE JARVIS","UPSLOPE MEDIA LLC","ADVERTISING - MISC.","3/21/2025","CASPER, WY 82602","FILED","45"
"CANDIDATE COMMITTEE","BEN HORNOK FOR WYOMING","CAMPAIGNPARTNER.COM","GRAPHICS/WEBSITE FEES","3/18/2025","STILL RIVER, MA 01467","FILED","32"
"CANDIDATE COMMITTEE","COMMITTEE TO ELECT KRISTI RACINES","USPS","POSTAGE","3/17/2025","WY ","FILED","5.21"
"CANDIDATE COMMITTEE","FRIENDS OF NINA WEBBER","POWELL TRUBUINE","ADVERTISING - NEWSPAPER","3/15/2025","POWELL, WY ","FILED","45.28"
"CANDIDATE COMMITTEE","JIM ANDERSON FOR STATE SENATE","NATRONA COUNTY REPUBLICAN WOMEN","ADVERTISING - MISC.","3/15/2025","CASPER, WY 82601","FILED","1000"
"CANDIDATE COMMITTEE","DEGENFELDER FOR WYOMING","TURCOTTE CONSULTING","ADVERTISING - DIGITAL","3/12/2025","ME ","FILED","862.99"
"CANDIDATE COMMITTEE","COMMITTEE TO ELECT CHIP NEIMAN TO HOUSE DISTRICT 1","WEST TEXAS TRAIL MUSEUM","FACILITY FEE","3/11/2025","MOORCROFT, WY 82721","FILED","25"
"CANDIDATE COMMITTEE","DEGENFELDER FOR WYOMING","WINRED","BANKING ","3/11/2025","WY ","FILED","50"
"CANDIDATE COMMITTEE","COMMITTEE TO ELECT KEN CLOUSTON","KEN CLOUSTON","ADMINISTRATIVE COSTS","3/10/2025","GILLETTE, WY 82718","FILED","304"
"CANDIDATE COMMITTEE","COMMITTEE TO ELECT KEN CLOUSTON","KEN CLOUSTON","FOOD AND BEVERAGES","3/10/2025","GILLETTE, WY 82718","FILED","127"
"CANDIDATE COMMITTEE","COMMITTEE TO ELECT KEN CLOUSTON","SQUARE SPACE","IT SERVICES","3/10/2025","NEW YORK, NY 10014","FILED","75"
"CANDIDATE COMMITTEE","COMMITTEE TO ELECT KEN CLOUSTON","UHAUL","RENT","3/10/2025","GILLETTE, WY 82718","FILED","504.8"
"CANDIDATE COMMITTEE","FRIENDS OF JULIE JARVIS","USPS","POSTAGE","3/10/2025","CASPER, WY 82602","FILED","192"
"CANDIDATE COMMITTEE","BEN HORNOK FOR WYOMING","VERIZON","PHONE","3/8/2025","BASKING RIDGE, NJ 07920","FILED","94.9"
"CANDIDATE COMMITTEE","JEANETTE WARD FOR WYOMING","META","ADVERTISING - DIGITAL","3/7/2025","MENLO PARK, CA 94025","FILED","167.39"
"CANDIDATE COMMITTEE","JEANETTE WARD FOR WYOMING","META","ADVERTISING - DIGITAL","3/7/2025","MENLO PARK, CA 94025","FILED","5.77"
"CANDIDATE COMMITTEE","BITEMAN FOR WYOMING","SENATE COURTESY FUND","FOOD AND BEVERAGES","3/6/2025","WY ","FILED","110"
"CANDIDATE COMMITTEE","FRIENDS OF JULIE JARVIS","FLYWHEEL","GRAPHICS/WEBSITE FEES","3/5/2025","OMAHA, NE 68102","FILED","15"
"CANDIDATE COMMITTEE","FRIENDS OF MARK GORDON","BULL HORN COMMUNICATIONS","GRAPHICS/WEBSITE FEES","3/4/2025","CARMEL, IN 46032","FILED","34"
"CANDIDATE COMMITTEE","COMMITEE TO ELECT KIMBERLY BARTLETT","GOOGLE G SUITE","GRAPHICS/WEBSITE FEES","3/3/2025","MOUNTAIN VIEW, CA 94043","FILED","14.4"
"CANDIDATE COMMITTEE","ELECT J.T. LARSON","GOOGLE","IT SERVICES","3/3/2025","WY ","FILED","14.4"
"CANDIDATE COMMITTEE","FRIENDS OF JULIE JARVIS","GOOGLE GSUITE","GRAPHICS/WEBSITE FEES","3/3/2025","MOUNTAIN VIEW, CA 94043","FILED","21.6"
"CANDIDATE COMMITTEE","FRIENDS OF MARK GORDON","GOOGLE APPS","GRAPHICS/WEBSITE FEES","3/2/2025","MOUNTAIN VIEW, CA 94043","FILED","50.4"
"CANDIDATE COMMITTEE","BEN HORNOK FOR WYOMING","AMERICAN POSTAL SERVICE","OTHER: MAILBOX","3/1/2025","CHEYENNE, WY 82007","FILED","17"
"CANDIDATE COMMITTEE","COMMITTEE TO ELECT ABBY ANGELOS FOR HOUSE","FIRST NATIONAL BANK","BANKING ","3/1/2025","GILLETTE, WY 82717","FILED","8"
"CANDIDATE COMMITTEE","COMMITTEE TO ELECT KRISTI RACINES","GOOGLE ","GRAPHICS/WEBSITE FEES","3/1/2025","","FILED","7.2"
"CANDIDATE COMMITTEE","COMMITTEE TO ELECT MIKE YIN","ACTBLUE","IT SERVICES","3/1/2025","WY ","FILED","0.38"
"CANDIDATE COMMITTEE","BEN HORNOK FOR WYOMING","JONAH BANK","BANKING ","2/28/2025","CHEYENNE, WY 82001","FILED","3.29"
"CANDIDATE COMMITTEE","BITEMAN FOR WYOMING","ADOBE","ADMINISTRATIVE COSTS","2/28/2025","WY ","FILED","31.79"
"CANDIDATE COMMITTEE","LANDEN FOR LEGISLATURE","WYOMING SENATE REPUBLICAN PAC","OTHER: MEDIA SERVICES","2/27/2025","CASPER, WY 82609","FILED","100"
"CANDIDATE COMMITTEE","COMMITTEE TO ELECT KRISTI RACINES","ELIZABETH DILLOW LLC","GRAPHICS/WEBSITE FEES","2/24/2025","WY ","FILED","493.85"
"CANDIDATE COMMITTEE","COMMITTEE TO ELECT KRISTI RACINES","LARAMIE COUNTY GOP","OTHER: LINCOLN DAY DINNER TICKETS","2/24/2025","WY ","FILED","200"
"CANDIDATE","IVAN D POSEY ","RIVERTON RANGER","ADVERTISING - NEWSPAPER","2/23/2025","RIVERTON, WY ","FILED","622.5"
"CANDIDATE COMMITTEE","BEN HORNOK FOR WYOMING","CAMPAIGNPARTNER.COM","GRAPHICS/WEBSITE FEES","2/18/2025","STILL RIVER, MA 01467","FILED","32"
"CANDIDATE COMMITTEE","COMMITTEE TO ELECT MIKE YIN","TETON MEDIA WORKS","ADVERTISING - NEWSPAPER","2/18/2025","WY ","FILED","743.79"
"CANDIDATE COMMITTEE","JEANETTE WARD FOR WYOMING","META","ADVERTISING - DIGITAL","2/18/2025","MENLO PARK, CA 94025","FILED","225"
"CANDIDATE COMMITTEE","COMMITTEE TO ELECT ELISSA CAMPBELL","EVANS AVE. LLC","TRAVEL (HOTEL, GAS, ETC.)","2/15/2025","CASPER, WY 82601","AMEND - ADD","1487.5"
"CANDIDATE","TONY LOCKE ","CAMPAIGN PARTNER","GRAPHICS/WEBSITE FEES","2/14/2025","","FILED","32"
"CANDIDATE COMMITTEE","COMMITEE TO ELECT KIMBERLY BARTLETT","HOT SPRINGS COUNTY DEMOCRATIC PARTY","CANDIDATE/COMMITTEE CONTRIBUTION","2/11/2025","THERMOPOLIS, WY 82443","FILED","270"
"CANDIDATE COMMITTEE","STORER FOR STATE HOUSE","WYO DEMS CAUCUS","OTHER: COMMUNICATIONS","2/11/2025","CHEYENNE, WY 82003","FILED","500"
"CANDIDATE COMMITTEE","BEN HORNOK FOR WYOMING","VERIZON","PHONE","2/8/2025","BASKING RIDGE, NJ 07920","FILED","94.87"
"CANDIDATE COMMITTEE","DEGENFELDER FOR WYOMING","TURCOTTE CONSULTING","ADVERTISING - DIGITAL","2/7/2025","ME ","FILED","609"
"CANDIDATE COMMITTEE","JEANETTE WARD FOR WYOMING","META","ADVERTISING - DIGITAL","2/7/2025","MENLO PARK, CA 94025","FILED","184.93"
"CANDIDATE COMMITTEE","JEANETTE WARD FOR WYOMING","META","ADVERTISING - DIGITAL","2/7/2025","MENLO PARK, WY 94025","FILED","11.9"
"CANDIDATE COMMITTEE","FRIENDS OF JULIE JARVIS","FLYWHEEL","GRAPHICS/WEBSITE FEES","2/6/2025","OMAHA, NE 68102","FILED","15"
"CANDIDATE COMMITTEE","FRIENDS OF MARK GORDON","BULL HORN COMMUNICATIONS","GRAPHICS/WEBSITE FEES","2/6/2025","CARMEL, IN 46032","FILED","34"
"CANDIDATE COMMITTEE","BITEMAN FOR WYOMING","SENATE LEADERSHIP PAC","OTHER: DONATION","2/4/2025","WY ","FILED","1000"
"CANDIDATE COMMITTEE","JEANETTE WARD FOR WYOMING","MICROSOFT","ADMINISTRATIVE COSTS","2/4/2025","REDMOND, WA 98052","FILED","104.99"
"CANDIDATE COMMITTEE","COMMITEE TO ELECT KIMBERLY BARTLETT","GOOGLE G SUITE","GRAPHICS/WEBSITE FEES","2/3/2025","MOUNTAIN VIEW, CA 94043","FILED","14.4"
"CANDIDATE COMMITTEE","ELECT J.T. LARSON","GOOGLE","IT SERVICES","2/3/2025","WY ","FILED","15.32"
"CANDIDATE COMMITTEE","FRIENDS OF JULIE JARVIS","GOOGLE GSUITE","GRAPHICS/WEBSITE FEES","2/3/2025","MOUNTAIN VIEW, CA 94043","FILED","21.6"
"CANDIDATE COMMITTEE","FRIENDS OF MARK GORDON","GOOGLE APPS","GRAPHICS/WEBSITE FEES","2/2/2025","MOUNTAIN VIEW, CA 94043","FILED","50.4"
"CANDIDATE COMMITTEE","BEN HORNOK FOR WYOMING","AMERICAN POSTAL SERVICE","OTHER: MAILBOX","2/1/2025","CHEYENNE, WY 82007","FILED","17"
"CANDIDATE COMMITTEE","COMMITTEE TO ELECT ABBY ANGELOS FOR HOUSE","FIRST NATIONAL BANK","BANKING ","2/1/2025","GILLETTE, WY 82717","FILED","8"
"CANDIDATE COMMITTEE","COMMITTEE TO ELECT CHUCK GRAY","RMC","IT SERVICES","2/1/2025","LAS VEGAS, NV 89117","FILED","149"
"CANDIDATE COMMITTEE","COMMITTEE TO ELECT KRISTI RACINES","GOOGLE ","GRAPHICS/WEBSITE FEES","2/1/2025","","FILED","7.2"
"CANDIDATE COMMITTEE","BEN HORNOK FOR WYOMING","JONAH BANK","BANKING ","1/31/2025","CHEYENNE, WY 82001","FILED","2.84"
"CANDIDATE COMMITTEE","BITEMAN FOR WYOMING","ADOBE","ADMINISTRATIVE COSTS","1/30/2025","WY ","FILED","31.79"
"CANDIDATE COMMITTEE","COMMITTEE TO ELECT MIKE YIN","WYOMING LEGISLATURE - LUNCH","FOOD AND BEVERAGES","1/27/2025","WY ","FILED","304"
"CANDIDATE","IVAN D POSEY ","WALGREENS","ADMINISTRATIVE COSTS","1/26/2025","CHEYENNE, WY ","FILED","23.08"
"CANDIDATE COMMITTEE","COMMITTEE TO ELECT CHUCK GRAY","RMC","IT SERVICES","1/22/2025","LAS VEGAS, NV 89117","FILED","100"
"CANDIDATE COMMITTEE","BEN HORNOK FOR WYOMING","CAMPAIGNPARTNER.COM","GRAPHICS/WEBSITE FEES","1/18/2025","STILL RIVER, MA 01467","FILED","32"
"CANDIDATE COMMITTEE","COMMITTEE TO ELECT MIKE YIN","HYATT REGENCY SALT LAKE CITY","TRAVEL (HOTEL, GAS, ETC.)","1/18/2025","WY ","FILED","268.99"
"CANDIDATE COMMITTEE","BITEMAN FOR WYOMING","DONN BRUNS","OTHER: OFFICIAL PORTRAITS","1/16/2025","WY ","FILED","289.38"
"CANDIDATE COMMITTEE","BITEMAN FOR WYOMING","SENATE COURTESY FUND","FOOD AND BEVERAGES","1/16/2025","WY ","FILED","304"
"CANDIDATE","IVAN D POSEY ","SANFORDS","FOOD AND BEVERAGES","1/16/2025","CHEYENNE, WY ","FILED","84.29"
"CANDIDATE COMMITTEE","COMMITTEE TO ELECT ELISSA CAMPBELL","EVANS AVE. LLC","TRAVEL (HOTEL, GAS, ETC.)","1/15/2025","CASPER, WY 82601","AMEND - ADD","1487.5"
"CANDIDATE COMMITTEE","COMMITTEE TO ELECT ROBERT WHARFF","DILLARDS","CAMPAIGN YARD SIGNS, BUTTONS, PENS, ETC.","1/14/2025","UT ","FILED","146.97"
"CANDIDATE COMMITTEE","DEGENFELDER FOR WYOMING","TURCOTTE CONSULTING","ADVERTISING - DIGITAL","1/14/2025","WY ","FILED","875"
"CANDIDATE","TONY LOCKE ","CAMPAIGN PARTNER","GRAPHICS/WEBSITE FEES","1/14/2025","","FILED","32"
"CANDIDATE COMMITTEE","CRAGO FOR WYOMING","CLEAR CREEK PRINTERS","PRINTING","1/11/2025","BUFFALO, WY 82834","FILED","43.05"
"CANDIDATE COMMITTEE","JIM ANDERSON FOR STATE SENATE","NATRONA COUNTY REPUBLICAN WOMEN","ADVERTISING - MISC.","1/10/2025","CASPER, WY 82601","FILED","140"
"CANDIDATE COMMITTEE","THE PEOPLE FOR PROVENZA","CANVA","GRAPHICS/WEBSITE FEES","1/10/2025","","FILED","119.4"
"CANDIDATE","TREY LYNN SHERWOOD ","DEMOCRATIC CAUCUS OF WYOMING LEGISLATURE","CONSULTING","1/10/2025","JACKSON, WY 83001","FILED","1000"
"CANDIDATE COMMITTEE","FRIENDS OF MARK GORDON","USPS","RENT","1/9/2025","BUFFALO, WY 82834","FILED","84"
"CANDIDATE COMMITTEE","BEN HORNOK FOR WYOMING","VERIZON","PHONE","1/8/2025","BASKING RIDGE, NJ 07920","FILED","94.68"
"CANDIDATE COMMITTEE","COMMITTEE TO ELECT ROBERT WHARFF","WHOLE FOODS","FOOD AND BEVERAGES","1/8/2025","UT ","FILED","77"
"CANDIDATE COMMITTEE","ELECT J.T. LARSON","WALMART","OFFICE SUPPLIES","1/6/2025","WY ","FILED","98.01"
"CANDIDATE COMMITTEE","FRIENDS OF JULIE JARVIS","FLYWHEEL","GRAPHICS/WEBSITE FEES","1/6/2025","OMAHA, NE 68102","FILED","15"
"CANDIDATE COMMITTEE","FRIENDS OF JULIE JARVIS","USPS","POSTAGE","1/6/2025","CASPER, WY 82602","FILED","511"
"CANDIDATE COMMITTEE","FRIENDS OF MARK GORDON","BULL HORN COMMUNICATIONS","GRAPHICS/WEBSITE FEES","1/6/2025","CARMEL, IN 46032","FILED","34"
"CANDIDATE","IVAN D POSEY ","MR. D'S","FOOD AND BEVERAGES","1/6/2025","LANDER, WY 82520","FILED","13.88"
"CANDIDATE","TREY LYNN SHERWOOD ","SQUARE SPACE","GRAPHICS/WEBSITE FEES","1/3/2025","NEW YORK, NY 10014","FILED","80.58"
"CANDIDATE COMMITTEE","COMMITEE TO ELECT KIMBERLY BARTLETT","GOOGLE G SUITE","GRAPHICS/WEBSITE FEES","1/2/2025","MOUNTAIN VIEW, CA 94043","FILED","14.4"
"CANDIDATE COMMITTEE","ELECT J.T. LARSON","GOOGLE","IT SERVICES","1/2/2025","WY ","FILED","43.2"
"CANDIDATE COMMITTEE","FRIENDS OF JULIE JARVIS","GOOGLE GSUITE","GRAPHICS/WEBSITE FEES","1/2/2025","MOUNTAIN VIEW, CA 94043","FILED","21.6"
"CANDIDATE COMMITTEE","FRIENDS OF MARK GORDON","GOOGLE APPS","GRAPHICS/WEBSITE FEES","1/2/2025","MOUNTAIN VIEW, CA 94043","FILED","50.4"
"CANDIDATE COMMITTEE","BEN HORNOK FOR WYOMING","AMERICAN POSTAL SERVICE","OTHER: MAILBOX","1/1/2025","CHEYENNE, WY 82007","FILED","17"
"CANDIDATE COMMITTEE","COMMITTEE TO ELECT ABBY ANGELOS FOR HOUSE","FIRST NATIONAL BANK","BANKING ","1/1/2025","GILLETTE, WY 82717","FILED","8"
"CANDIDATE COMMITTEE","COMMITTEE TO ELECT CHUCK GRAY","RMC","IT SERVICES","1/1/2025","LAS VEGAS, NV 89117","FILED","149"
"CANDIDATE COMMITTEE","COMMITTEE TO ELECT KRISTI RACINES","GOOGLE","GRAPHICS/WEBSITE FEES","1/1/2025","","FILED","7.2"
"CANDIDATE COMMITTEE","ELECT J.T. LARSON","GOOGLE","IT SERVICES","1/1/2025","WY ","FILED","43.2"
"CANDIDATE COMMITTEE","FRIENDS OF MARK GORDON","GALE GERINGER LLC","CONSULTING","1/1/2025","CHEYENNE, WY 82009","FILED","31000"